{
  "codInstituicao": "30723886",
  "codColigada": "001",
  "codAgencia": "00027",
  "nroConta": "0000000024",
  "cpfCnpj": "03752483741",  
  "valor": 19.06,
  "codUsuario": "padial",
  "codOperacao": "00032",
  "complemento": "",
  "codIspbContraParte": "68900810",
  "codBancoContraParte": "0633",
  "codAgenciaContraParte": "0001",
  "nroContaContraParte": "0000003309",
  "cpfCnpjContraParte": "31939181801",
  "nomeContraParte": "Alan Aquino",
  "tipoConta": "CACC",
  "tipoContaContraParte": "CACC",
  "chaveBloqueio": "00100027000000002469032260783801/06/2022 19:06:12",
  "endToEnd": "E30723886202203291200qIqpOFwyeih",
  "endToEndOriginal": null,
  "chaveEnderecamento": "alan@aquino.com.br",
  "origemMovimento": "MANUAL",
  "tipoMovimento": "DEBITO",
  "nome": "RAFAEL CORREA LOMBA",
  "codigoMotivoDevolucao": null,
  "referenciaInterna": "20220601114323123456789012",
  "idIdempotenteEbank": 20220601114323123456789012,
  "tipoQRCode": null,
  "cnpjIniciadoraPagamento": null,
  "uuidBloqueioDevolucaoEspecial": null,
  "uuidSolicitacaoDevolucaoEspecial": null,
  "motivoMED": null,
  "valorCompra": null,
  "valorTroco": null,
  "valorSaque": null,
  "modalidadeAgente": null,
  "prestadorDoServicoDeSaque": null,
  "finalidadeDaTransacao": "IPAY"
}