{
  "codInstituicao": "01234567",  
  "codAgencia": "00027",
  "nroConta": "0000000073",
  "cpfCnpj": "03752483741",
  "tipoConta": "CACC",
  "valor": 11.36,
  "codUsuario": "padial",
  "motivoBloqueio": "69",
  "codInstituicaoContraParte": "68900810",
  "codAgenciaContraParte": "0001",
  "nroContaContraParte": "68900810",
  "cpfCnpjContraParte": "0000003309",
  "tipoContaContraParte": "CACC",
  "endToEnd": "E30723886202203291200NWEff93FEz8",
  "endToEndOriginal": null,
  "codOperacao": "00032",
  "nomeContraParte": "Alan Aquino",
  "chaveEnderecamentoContraParte": "alan@aquino.com.br",
  "origemMovimento": "MANUAL",
  "idIdempotenteEbank": 20220329114323123456789,
  "cnpjIniciadoraPagamento": null,
  "ehDevolucaoEspecial": false,
  "motivoMED": null,
  "valorCompra": null,
  "valorTroco": null,
  "valorSaque": null,
  "modalidadeAgente": null,
  "prestadorDoServicoDeSaque": null,
  "finalidadeDaTransacao": "IPAY"
}