{
  "codInstituicao": "30723886",
  "codColigada": "001",
  "codAgencia": "00027",
  "nroConta": "0000000081",
  "cpfCnpj": "34682009869",
  "tipoConta": "CACC",
  "valor": 10.45,
  "codUsuario": "padial",
  "nome": "34682009869",
  "codOperacao": "00032",
  "endToEnd": "E01234567202001101754mgiDSOh98El",
  "endToEndOriginal": null,
  "chaveEnderecamento": null,
  "origemMovimento": "MANUAL",
  "referenciaInterna": "01234567820201231000000123",
  "tipoQRCode": null,
  "cnpjIniciadoraPagamento": null,
  "motivoMED": null,
  "valorCompra": null,
  "valorTroco": null,
  "valorSaque": null,
  "modalidadeAgente": null,
  "prestadorDoServicoDeSaque": null,
  "finalidadeDaTransacao": "IPAY"
}