{
  "codInstituicao": "30723886",
  "codAgencia": "00027",
  "nroConta": "0000000073",
  "cpfCnpj": "03752483741",
  "valor": 11.33,
  "codUsuario": "padial",
  "codOperacao": "32",
  "complemento": "",
  "codIspbContraParte": "68900810",
  "codBancoContraParte": "0633",
  "codAgenciaContraParte": "0001",
  "nroContaContraParte": "0000003309",
  "cpfCnpjContraParte": "31939181801",
  "nomeContraParte": "Alan Aquino",
  "tipoConta": "CACC",
  "tipoContaContraParte": "CACC",
  "chaveBloqueio": "C72F9CA7-9C27-4248-963C-C07528F71055",
  "endToEnd": "E30723886202203291200NWEff93FEz8",
  "endToEndOriginal": null,
  "chaveEnderecamento": "alan@aquino.com.br",
  "origemMovimento": "MANUAL",
  "tipoMovimento": "DEBITO",
  "nome": "ROBERTA DE CARVALHO VIEIRA",
  "codigoMotivoDevolucao": null,
  "referenciaInterna": "20220329113655123456789",
  "idIdempotenteEbank": 20220329113655123456789,
  "tipoQRCode": null,
  "cnpjIniciadoraPagamento": null,
  "uuidBloqueioDevolucaoEspecial": null,
  "uuidSolicitacaoDevolucaoEspecial": null,
  "motivoMED": "FRAUD",
  "valorCompra": null,
  "valorTroco": null,
  "valorSaque": null,
  "modalidadeAgente": null,
  "prestadorDoServicoDeSaque": null,
  "finalidadeDaTransacao": "IPAY"
}