{
  "codInstituicao": "30723886",
  "codColigadaDeb": "001",
  "codColigadaCre": "001",
  "codColigada": "001",
  "codAgenciaDeb": "00027",
  "nroContaDeb": "0000000081",
  "cpfCnpjDeb": "34682009869",
  "tipoContaDeb": "CACC",
  "codAgenciaCre": "00027",
  "nroContaCre": "0000000073",
  "cpfCnpjCre": "03752483741",
  "tipoContaCre": "CACC",
  "dataAgend": "2022-05-13",
  "dataOperacao": "2022-05-13",
  "valor": 10.27,
  "codUsuario": "padial",
  "codDebito": "00032",
  "codCredito": "00033",
  "complemento": "Teste",
  "endToEnd": "E30723886202205131326kPy3CvHbs1S",
  "endToEndOriginal": null,
  "chaveEnderecamento": null,
  "origemMovimento": "CAIXA",
  "referenciaInterna": "2022051311063412345678",
  "idIdempotenteEbank": 2022051391106341234567,
  "nomeDeb": "34682009869",
  "nomeCre": "ROBERTA DE CARVALHO VIEIRA",
  "tipoQRCode": null,
  "cnpjIniciadoraPagamento": null,
  "valorCompra": null,
  "valorTroco": null,
  "valorSaque": null,
  "modalidadeAgente": null,
  "prestadorDoServicoDeSaque": null,
  "finalidadeDaTransacao": "IPAY",
  "codigoMotivoDevolucao": null
}