{
  "codInstituicaoPagador": "62232889",
  "codAgenciaPagador": "0001",
  "nroContaPagador": "0000013066",
  "tipoContaPagador": "CACC",
  "cpfCnpjPagador": "62232889000190",
  "nomePagador": "BANCO DAYCOVAL",
  "codInstituicaoBeneficiario": "30723886",
  "codAgenciaBeneficiario": "0001",
  "nroContaBeneficiario": "0002353680",
  "tipoContaBeneficiario": "CACC",
  "cpfCnpjBeneficiario": "33777302813",
  "nomeBeneficiario": "JEFFERSON BARBIERI CAMPIOL",
  "referenciaInterna": null,
  "codUsuario": "padial",
  "endToEnd": "E62232889202206081353xd5w5e5NgAT",
  "chaveEnderecamento": null,
  "campoLivre": "",
  "idIdempotente": null,
  "canalEntrada": "Mobile App",
  "prioridade": "NORM",  
  "finalidadeDaTransacao": "IPAY",
  "dataPagamento": "2022-06-08",
  "valorOperacao": 433.00,
  "dinheiroEmEspecie": 0.00,
  "modalidadeAgente": null,
  "prestadorDoServicoDeSaque": null
}