{
  "codInstituicao": "30723886",  
  "codColigada": "001",
  "codAgencia": "00027",
  "nroConta": "0000000024",
  "cpfCnpj": "03752483741",
  "tipoConta": "CACC",
  "valor": 19.11,
  "codUsuario": "padial",
  "motivoBloqueio": "69",
  "codInstituicaoContraParte": "68900810",
  "codAgenciaContraParte": "0001",
  "nroContaContraParte": "68900810",
  "cpfCnpjContraParte": "0000003309",
  "tipoContaContraParte": "CACC",
  "endToEnd": "E30723886202203291200qIqpOFwyeij",
  "endToEndOriginal": null,
  "codOperacao": "32",
  "nomeContraParte": "Alan Aquino",
  "chaveEnderecamentoContraParte": "alan@aquino.com.br",
  "origemMovimento": "MANUAL",
  "idIdempotenteEbank": 20220601814323123456789012,
  "cnpjIniciadoraPagamento": null,
  "ehDevolucaoEspecial": false,
  "motivoMED": null,
  "valorCompra": null,
  "valorTroco": null,
  "valorSaque": null,
  "modalidadeAgente": null,
  "prestadorDoServicoDeSaque": null,
  "finalidadeDaTransacao": "IPAY"
}