{
  "codInstituicao": "30723886",
  "codAgencia": "00027",
  "nroConta": "0000000073",
  "cpfCnpj": "03752483741",
  "tipoConta": "CACC",
  "valor": 11.36,
  "codUsuario": "padial",
  "chaveBloqueio": "00100027000000007369050595375230/03/2022 11:53:21",
  "endToEnd": "E01234567202001101754mgiDSOh98El",
  "endToEndOriginal": null,
  "chaveEnderecamento": null,
  "origemMovimento": "MANUAL",
  "idIdempotenteEbank": null,
  "cnpjIniciadoraPagamento": null,
  "uuidBloqueioDevolucaoEspecial": null,
  "uuidSolicitacaoDevolucaoEspecial": null,
  "motivoMED": null,
  "valorCompra": null,
  "valorTroco": null,
  "valorSaque": null,
  "modalidadeAgente": null,
  "prestadorDoServicoDeSaque": null,
  "finalidadeDaTransacao": "IPAY"
}