{
  "valor": 12.42,
  "endToEnd": "E60746948202208151153Y3995XR2zP8",
  "cpfCnpj": "40969823851",
  "codUsuario": "padial",
  "reasons": [
    {
      "code": "MD06",
      "info": "Devolução de pagamento solicitado pelo usuário recebedor."
    }
  ],
  "idIdempotente": "F95A3226-7303-48E4-81CE-4FB83073C872",
  "returnId": "D30723886202208161207ulxAFojXH19",
  "canalEntrada": "Mobile App",
  "idDevolucao": null,
  "campoLivre": null,
  "prioridade": "HIGH",
  "dataHoraAceitacao": null,
  "uuidSolicitacaoDevolucaoEspecial": null
}