{
  "codInstituicaoPagador": "30723886",
  "codAgenciaPagador": "0002",
  "nroContaPagador": "0000000024",
  "tipoContaPagador": "CACC",
  "cpfCnpjPagador": "05753086721",
  "nomePagador": "RAFAEL LOMBA CORREA",
  "codInstituicaoBeneficiario": "30723886",
  "codAgenciaBeneficiario": "0002",
  "nroContaBeneficiario": "0000000073",
  "tipoContaBeneficiario": "CACC",
  "cpfCnpjBeneficiario": "03752483741",
  "nomeBeneficiario": "ROBERTA DE CARVALHO VIEIRA",
  "referenciaInterna": "20220607183725",
  "codUsuario": "padial",
  "endToEnd": "E3072388620220607213747LWwFG3Z1m",
  "chaveEnderecamento": null,
  "campoLivre": "",
  "idIdempotente": "20220607183725",
  "canalEntrada": "Mobile App",
  "prioridade": "NORM",  
  "finalidadeDaTransacao": "IPAY",
  "dataPagamento": "2022-06-07",
  "valorOperacao": 18.38,
  "dinheiroEmEspecie": 0.00,
  "modalidadeAgente": null,
  "prestadorDoServicoDeSaque": null
}