{
	"info": {
		"_postman_id": "9c4ca18e-600e-4325-8777-1c8627e45253",
		"name": "Autbank.IntegradorPIX",
		"schema": "https://schema.getpostman.com/json/collection/v2.1.0/collection.json"
	},
	"item": [
		{
			"name": "01-ConsultaEB",
			"item": [
				{
					"name": "01-CodCreditoDebito",
					"request": {
						"method": "GET",
						"header": [],
						"url": {
							"raw": "{{HostAutbank.IntegradorPIX}}/IntegradorPIX/api/gi/eb/consulta/cod_credito_debito",
							"host": [
								"{{HostAutbank.IntegradorPIX}}"
							],
							"path": [
								"IntegradorPIX",
								"api",
								"gi",
								"eb",
								"consulta",
								"cod_credito_debito"
							]
						}
					},
					"response": []
				},
				{
					"name": "02-MotivoBloqueio",
					"request": {
						"method": "GET",
						"header": [],
						"url": {
							"raw": "{{HostAutbank.IntegradorPIX}}/IntegradorPIX/api/gi/eb/consulta/motivo_bloqueio",
							"host": [
								"{{HostAutbank.IntegradorPIX}}"
							],
							"path": [
								"IntegradorPIX",
								"api",
								"gi",
								"eb",
								"consulta",
								"motivo_bloqueio"
							]
						}
					},
					"response": []
				}
			]
		},
		{
			"name": "02-Conta",
			"item": [
				{
					"name": "01-Conta",
					"event": [
						{
							"listen": "prerequest",
							"script": {
								"exec": [
									"var varContaCorrente = 34182;\r",
									"pm.environment.set(\"conta\", varContaCorrente);"
								],
								"type": "text/javascript"
							}
						}
					],
					"request": {
						"method": "GET",
						"header": [],
						"url": {
							"raw": "{{HostAutbank.IntegradorPIX}}/IntegradorPIX/api/conta/{{conta}}",
							"host": [
								"{{HostAutbank.IntegradorPIX}}"
							],
							"path": [
								"IntegradorPIX",
								"api",
								"conta",
								"{{conta}}"
							]
						},
						"description": "Retorna os dados da conta corrente"
					},
					"response": []
				},
				{
					"name": "02-ExtratoConta",
					"event": [
						{
							"listen": "prerequest",
							"script": {
								"exec": [
									"var varAgencia = \"6804-7\";\r",
									"var varContaCorrente = 341827\r",
									"var varDias = 10;\r",
									"\r",
									"pm.environment.set(\"Agencia\", varAgencia);\r",
									"pm.environment.set(\"Conta\", varContaCorrente);\r",
									"pm.environment.set(\"Dias\", varDias);"
								],
								"type": "text/javascript"
							}
						}
					],
					"request": {
						"method": "GET",
						"header": [],
						"url": {
							"raw": "{{HostAutbank.IntegradorPIX}}/IntegradorPIX/api/conta/{{Agencia}}/{{Conta}}/{{Dias}}/extrato",
							"host": [
								"{{HostAutbank.IntegradorPIX}}"
							],
							"path": [
								"IntegradorPIX",
								"api",
								"conta",
								"{{Agencia}}",
								"{{Conta}}",
								"{{Dias}}",
								"extrato"
							]
						}
					},
					"response": []
				}
			]
		},
		{
			"name": "03-ContaEB",
			"item": [
				{
					"name": "01-Bloqueio",
					"event": [
						{
							"listen": "prerequest",
							"script": {
								"exec": [
									"var varCodOperacao = Math.random();\r",
									"var varDate = new Date();\r",
									"\r",
									"pm.environment.set(\"valor\", GeraValorAPartirDaHora());\r",
									"pm.environment.set(\"codOperacao\", Math.round(1000*varCodOperacao));\r",
									"\r",
									"\r",
									"function GeraValorAPartirDaHora(){\r",
									"    var varDate = new Date();\r",
									"    var valorDecimal = \"\" + varDate.getHours();\r",
									"    valorDecimal = valorDecimal.concat(varDate.getMinutes());\r",
									"    valorDecimal = valorDecimal.concat(\".\");\r",
									"    valorDecimal = valorDecimal.concat(PreencheValorEsquerda(varDate.getSeconds()));\r",
									"    return new Number(valorDecimal);\r",
									"}\r",
									"\r",
									"function PreencheValorEsquerda(valorOriginal){    \r",
									"    if (new String(valorOriginal).length == 1)\r",
									"        return \"0\" + new String(valorOriginal);\r",
									"    else\r",
									"        return new String(valorOriginal);\r",
									"}"
								],
								"type": "text/javascript"
							}
						}
					],
					"request": {
						"method": "POST",
						"header": [],
						"body": {
							"mode": "raw",
							"raw": "{\r\n    \"codAgencia\":\"00019\",\r\n    \"nroConta\":\"146521\",\r\n    \"cpfCnpj\":\"277061460001210\",\r\n    \"valor\":{{valor}},\r\n    \"EndToEnd\":\"PontaAPonta\",\r\n    \"endToEndOriginal\":\"PontaAPontaOriginal\",\r\n    \"codOperacao\": \"{{codOperacao}}\"\r\n}",
							"options": {
								"raw": {
									"language": "json"
								}
							}
						},
						"url": {
							"raw": "{{HostAutbank.IntegradorPIX}}/integradorPIX/api/gi/eb/conta/bloqueio",
							"host": [
								"{{HostAutbank.IntegradorPIX}}"
							],
							"path": [
								"integradorPIX",
								"api",
								"gi",
								"eb",
								"conta",
								"bloqueio"
							]
						}
					},
					"response": []
				},
				{
					"name": "02-Desbloqueio",
					"event": [
						{
							"listen": "prerequest",
							"script": {
								"exec": [
									"var varCodOperacao = Math.random();\r",
									"var varDate = new Date();\r",
									"\r",
									"pm.environment.set(\"valor\", GeraValorAPartirDaHora());\r",
									"pm.environment.set(\"codOperacao\", Math.round(1000*varCodOperacao));\r",
									"\r",
									"\r",
									"function GeraValorAPartirDaHora(){\r",
									"    var varDate = new Date();\r",
									"    var valorDecimal = \"\" + varDate.getHours();\r",
									"    valorDecimal = valorDecimal.concat(varDate.getMinutes());\r",
									"    valorDecimal = valorDecimal.concat(\".\");\r",
									"    valorDecimal = valorDecimal.concat(PreencheValorEsquerda(varDate.getSeconds()));\r",
									"    return new Number(valorDecimal);\r",
									"}\r",
									"\r",
									"function PreencheValorEsquerda(valorOriginal){    \r",
									"    if (new String(valorOriginal).length == 1)\r",
									"        return \"0\" + new String(valorOriginal);\r",
									"    else\r",
									"        return new String(valorOriginal);\r",
									"}"
								],
								"type": "text/javascript"
							}
						}
					],
					"request": {
						"method": "POST",
						"header": [],
						"body": {
							"mode": "raw",
							"raw": "{\r\n    \"codAgencia\":\"00019\",\r\n    \"nroConta\":\"146521\",\r\n    \"cpfCnpj\":\"277061460001210\",\r\n    \"valor\":{{valor}},\r\n    \"EndToEnd\":\"PontaAPonta\",\r\n    \"endToEndOriginal\":\"PontaAPontaOriginal\",\r\n    \"codOperacao\": \"{{codOperacao}}\"\r\n}",
							"options": {
								"raw": {
									"language": "json"
								}
							}
						},
						"url": {
							"raw": "{{HostAutbank.IntegradorPIX}}/integradorPIX/api/gi/eb/conta/desbloqueio",
							"host": [
								"{{HostAutbank.IntegradorPIX}}"
							],
							"path": [
								"integradorPIX",
								"api",
								"gi",
								"eb",
								"conta",
								"desbloqueio"
							]
						}
					},
					"response": []
				},
				{
					"name": "03-Movimento",
					"event": [
						{
							"listen": "prerequest",
							"script": {
								"exec": [
									"var varCodOperacao = Math.random();\r",
									"var varDate = new Date();\r",
									"\r",
									"pm.environment.set(\"valor\", GeraValorAPartirDaHora());\r",
									"pm.environment.set(\"codOperacao\", Math.round(1000*varCodOperacao));\r",
									"\r",
									"\r",
									"function GeraValorAPartirDaHora(){\r",
									"    var varDate = new Date();\r",
									"    var valorDecimal = \"\" + varDate.getHours();\r",
									"    valorDecimal = valorDecimal.concat(varDate.getMinutes());\r",
									"    valorDecimal = valorDecimal.concat(\".\");\r",
									"    valorDecimal = valorDecimal.concat(PreencheValorEsquerda(varDate.getSeconds()));\r",
									"    return new Number(valorDecimal);\r",
									"}\r",
									"\r",
									"function PreencheValorEsquerda(valorOriginal){    \r",
									"    if (new String(valorOriginal).length == 1)\r",
									"        return \"0\" + new String(valorOriginal);\r",
									"    else\r",
									"        return new String(valorOriginal);\r",
									"}"
								],
								"type": "text/javascript"
							}
						}
					],
					"request": {
						"method": "POST",
						"header": [],
						"body": {
							"mode": "raw",
							"raw": "{\r\n    \"codAgencia\":\"00019\",\r\n    \"nroConta\":\"146521\",\r\n    \"cpfCnpj\":\"277061460001210\",\r\n    \"valor\":{{valor}},\r\n    \"EndToEnd\":\"PontaAPonta\",\r\n    \"endToEndOriginal\":\"PontaAPontaOriginal\",\r\n    \"codOperacao\": \"{{codOperacao}}\"\r\n}",
							"options": {
								"raw": {
									"language": "json"
								}
							}
						},
						"url": {
							"raw": "{{HostAutbank.IntegradorPIX}}/integradorPIX/api/gi/eb/conta/movimento",
							"host": [
								"{{HostAutbank.IntegradorPIX}}"
							],
							"path": [
								"integradorPIX",
								"api",
								"gi",
								"eb",
								"conta",
								"movimento"
							]
						}
					},
					"response": []
				},
				{
					"name": "04-Transferencia_Interna",
					"event": [
						{
							"listen": "prerequest",
							"script": {
								"exec": [
									"var varCodOperacao = Math.random();\r",
									"var varDate = new Date();\r",
									"\r",
									"pm.environment.set(\"valor\", GeraValorAPartirDaHora());\r",
									"pm.environment.set(\"codOperacao\", Math.round(1000*varCodOperacao));\r",
									"\r",
									"\r",
									"function GeraValorAPartirDaHora(){\r",
									"    var varDate = new Date();\r",
									"    var valorDecimal = \"\" + varDate.getHours();\r",
									"    valorDecimal = valorDecimal.concat(varDate.getMinutes());\r",
									"    valorDecimal = valorDecimal.concat(\".\");\r",
									"    valorDecimal = valorDecimal.concat(PreencheValorEsquerda(varDate.getSeconds()));\r",
									"    return new Number(valorDecimal);\r",
									"}\r",
									"\r",
									"function PreencheValorEsquerda(valorOriginal){    \r",
									"    if (new String(valorOriginal).length == 1)\r",
									"        return \"0\" + new String(valorOriginal);\r",
									"    else\r",
									"        return new String(valorOriginal);\r",
									"}"
								],
								"type": "text/javascript"
							}
						}
					],
					"request": {
						"method": "POST",
						"header": [],
						"body": {
							"mode": "raw",
							"raw": "{\r\n    \"codAgencia\":\"00019\",\r\n    \"nroConta\":\"146521\",\r\n    \"cpfCnpj\":\"277061460001210\",\r\n    \"valor\":{{valor}},\r\n    \"EndToEnd\":\"PontaAPonta\",\r\n    \"endToEndOriginal\":\"PontaAPontaOriginal\",\r\n    \"codOperacao\": \"{{codOperacao}}\"\r\n}",
							"options": {
								"raw": {
									"language": "json"
								}
							}
						},
						"url": {
							"raw": "{{HostAutbank.IntegradorPIX}}/integradorPIX/api/gi/eb/conta/transferencia_interna",
							"host": [
								"{{HostAutbank.IntegradorPIX}}"
							],
							"path": [
								"integradorPIX",
								"api",
								"gi",
								"eb",
								"conta",
								"transferencia_interna"
							]
						}
					},
					"response": []
				},
				{
					"name": "05-Valida_Conta_Recebedor",
					"event": [
						{
							"listen": "prerequest",
							"script": {
								"exec": [
									"var varCodOperacao = Math.random();\r",
									"var varDate = new Date();\r",
									"\r",
									"pm.environment.set(\"valor\", GeraValorAPartirDaHora());\r",
									"pm.environment.set(\"codOperacao\", Math.round(1000*varCodOperacao));\r",
									"\r",
									"\r",
									"function GeraValorAPartirDaHora(){\r",
									"    var varDate = new Date();\r",
									"    var valorDecimal = \"\" + varDate.getHours();\r",
									"    valorDecimal = valorDecimal.concat(varDate.getMinutes());\r",
									"    valorDecimal = valorDecimal.concat(\".\");\r",
									"    valorDecimal = valorDecimal.concat(PreencheValorEsquerda(varDate.getSeconds()));\r",
									"    return new Number(valorDecimal);\r",
									"}\r",
									"\r",
									"function PreencheValorEsquerda(valorOriginal){    \r",
									"    if (new String(valorOriginal).length == 1)\r",
									"        return \"0\" + new String(valorOriginal);\r",
									"    else\r",
									"        return new String(valorOriginal);\r",
									"}"
								],
								"type": "text/javascript"
							}
						}
					],
					"request": {
						"method": "POST",
						"header": [],
						"body": {
							"mode": "raw",
							"raw": "{\r\n    \"codAgencia\":\"00019\",\r\n    \"nroConta\":\"146521\",\r\n    \"cpfCnpj\":\"277061460001210\",\r\n    \"valor\":{{valor}},\r\n    \"EndToEnd\":\"PontaAPonta\",\r\n    \"endToEndOriginal\":\"PontaAPontaOriginal\",\r\n    \"codOperacao\": \"{{codOperacao}}\"\r\n}",
							"options": {
								"raw": {
									"language": "json"
								}
							}
						},
						"url": {
							"raw": "{{HostAutbank.IntegradorPIX}}/integradorPIX/api/gi/eb/conta/valida_conta_recebedor",
							"host": [
								"{{HostAutbank.IntegradorPIX}}"
							],
							"path": [
								"integradorPIX",
								"api",
								"gi",
								"eb",
								"conta",
								"valida_conta_recebedor"
							]
						}
					},
					"response": []
				},
				{
					"name": "06-Existe_Conta_Ativa",
					"event": [
						{
							"listen": "prerequest",
							"script": {
								"exec": [
									"var varCodIspb = \"01234567\";\r",
									"var varCodAgencia = \"00019\";\r",
									"var varNroConta = \"146521\";\r",
									"var varCpfCnpj = \"05389174000101\";\r",
									"var varTipoConta = \"1\";\r",
									"\r",
									"console.log(varCodIspb);\r",
									"console.log(varCodAgencia);\r",
									"console.log(varNroConta);\r",
									"console.log(varCpfCnpj);\r",
									"console.log(varTipoConta);\r",
									"\r",
									"pm.environment.set(\"codIspb\",varCodIspb);\r",
									"pm.environment.set(\"codAgencia\",varCodAgencia);\r",
									"pm.environment.set(\"nroConta\",varNroConta);\r",
									"pm.environment.set(\"cpfCnpf\",varCpfCnpj);\r",
									"pm.environment.set(\"tipoConta\",varTipoConta);\r",
									"\r",
									"\r",
									"var varCodOperacao = Math.random();\r",
									"var varDate = new Date();\r",
									"\r",
									"pm.environment.set(\"valor\", GeraValorAPartirDaHora());\r",
									"pm.environment.set(\"codOperacao\", Math.round(1000*varCodOperacao));\r",
									"\r",
									"\r",
									"\r",
									"\r",
									"function GeraValorAPartirDaHora(){\r",
									"    var varDate = new Date();\r",
									"    var valorDecimal = \"\" + varDate.getHours();\r",
									"    valorDecimal = valorDecimal.concat(varDate.getMinutes());\r",
									"    valorDecimal = valorDecimal.concat(\".\");\r",
									"    valorDecimal = valorDecimal.concat(PreencheValorEsquerda(varDate.getSeconds()));\r",
									"    return new Number(valorDecimal);\r",
									"}\r",
									"\r",
									"function PreencheValorEsquerda(valorOriginal){    \r",
									"    if (new String(valorOriginal).length == 1)\r",
									"        return \"0\" + new String(valorOriginal);\r",
									"    else\r",
									"        return new String(valorOriginal);\r",
									"}"
								],
								"type": "text/javascript"
							}
						}
					],
					"request": {
						"method": "GET",
						"header": [],
						"url": {
							"raw": "{{HostAutbank.IntegradorPIX}}/integradorPIX/api/gi/eb/conta/existe_conta_ativa/{{codIspb}}/{{codAgencia}}/{{nroConta}}/{{tipoConta}}/{{cpfCnpf}}",
							"host": [
								"{{HostAutbank.IntegradorPIX}}"
							],
							"path": [
								"integradorPIX",
								"api",
								"gi",
								"eb",
								"conta",
								"existe_conta_ativa",
								"{{codIspb}}",
								"{{codAgencia}}",
								"{{nroConta}}",
								"{{tipoConta}}",
								"{{cpfCnpf}}"
							]
						}
					},
					"response": []
				}
			]
		},
		{
			"name": "04-Gerencial",
			"item": [
				{
					"name": "01-MoveDadosHotToCold",
					"request": {
						"method": "POST",
						"header": [],
						"url": {
							"raw": "{{HostAutbank.IntegradorPIX}}/IntegradorPIX/api/gerencial/MoveDadosHotToCold",
							"host": [
								"{{HostAutbank.IntegradorPIX}}"
							],
							"path": [
								"IntegradorPIX",
								"api",
								"gerencial",
								"MoveDadosHotToCold"
							]
						}
					},
					"response": []
				},
				{
					"name": "02-DadosPlanilhaMovimento",
					"event": [
						{
							"listen": "prerequest",
							"script": {
								"exec": [
									"var varData = GeraData(2021,3,30);\r",
									"pm.environment.set(\"Data\", varData);\r",
									"FormataDataParaRequisicao(varData);\r",
									"\r",
									"function GeraData(ano, mes, dia){\r",
									"    return new Date(ano, --mes, dia);\r",
									"}\r",
									"\r",
									"function FormataDataParaRequisicao(valor){\r",
									"    var Dia =  FormataValor(\"\" + valor.getDate());\r",
									"    var Mes  = FormataValor(valor.getMonth() + 01 + \"\");\r",
									"    var Ano = \"\" + valor.getFullYear();\r",
									"    return Ano + \"-\" + Mes + \"-\" + Dia;    \r",
									"}\r",
									"\r",
									"function FormataValor(valor){\r",
									"    if((\"\" + valor).length == 1){\r",
									"        return \"0\" + valor;\r",
									"    }\r",
									"    return \"\" + valor;\r",
									"}"
								],
								"type": "text/javascript"
							}
						}
					],
					"request": {
						"method": "GET",
						"header": [],
						"url": {
							"raw": "{{HostAutbank.IntegradorPIX}}/IntegradorPIX/api/gerencial/Planilha/Movimento/{{Data}}",
							"host": [
								"{{HostAutbank.IntegradorPIX}}"
							],
							"path": [
								"IntegradorPIX",
								"api",
								"gerencial",
								"Planilha",
								"Movimento",
								"{{Data}}"
							]
						}
					},
					"response": []
				},
				{
					"name": "03-DadosPlanilhaTransferenciaInterna",
					"event": [
						{
							"listen": "prerequest",
							"script": {
								"exec": [
									"var varData = GeraData(2021,3,30);\r",
									"pm.environment.set(\"Data\", varData);\r",
									"FormataDataParaRequisicao(varData);\r",
									"\r",
									"function GeraData(ano, mes, dia){\r",
									"    return new Date(ano, --mes, dia);\r",
									"}\r",
									"\r",
									"function FormataDataParaRequisicao(valor){\r",
									"    var Dia =  FormataValor(\"\" + valor.getDate());\r",
									"    var Mes  = FormataValor(valor.getMonth() + 01 + \"\");\r",
									"    var Ano = \"\" + valor.getFullYear();\r",
									"    return Ano + \"-\" + Mes + \"-\" + Dia;    \r",
									"}\r",
									"\r",
									"function FormataValor(valor){\r",
									"    if((\"\" + valor).length == 1){\r",
									"        return \"0\" + valor;\r",
									"    }\r",
									"    return \"\" + valor;\r",
									"}"
								],
								"type": "text/javascript"
							}
						}
					],
					"request": {
						"method": "GET",
						"header": [],
						"url": {
							"raw": "{{HostAutbank.IntegradorPIX}}/IntegradorPIX/api/gerencial/Planilha/TransferenciaInterna/{{Data}}",
							"host": [
								"{{HostAutbank.IntegradorPIX}}"
							],
							"path": [
								"IntegradorPIX",
								"api",
								"gerencial",
								"Planilha",
								"TransferenciaInterna",
								"{{Data}}"
							]
						}
					},
					"response": []
				}
			]
		},
		{
			"name": "05-Operacao",
			"item": [
				{
					"name": "01-InicioOperacao",
					"request": {
						"method": "POST",
						"header": [],
						"body": {
							"mode": "raw",
							"raw": "{\r\n    \"EndToEnd\":\"\",\r\n    \"TransactionID\":\"\"\r\n}",
							"options": {
								"raw": {
									"language": "json"
								}
							}
						},
						"url": {
							"raw": "{{HostAutbank.IntegradorPIX}}/IntegradorPIX/api/operacao",
							"host": [
								"{{HostAutbank.IntegradorPIX}}"
							],
							"path": [
								"IntegradorPIX",
								"api",
								"operacao"
							]
						}
					},
					"response": []
				},
				{
					"name": "02-GetTransactionID",
					"event": [
						{
							"listen": "prerequest",
							"script": {
								"exec": [
									"var varEndToEnd = \"valorInserido\";\r",
									"pm.environment.set(\"EndToEnd\", varEndToEnd);"
								],
								"type": "text/javascript"
							}
						}
					],
					"request": {
						"method": "GET",
						"header": [],
						"url": {
							"raw": "{{HostAutbank.IntegradorPIX}}/IntegradorPIX/api/operacao/transactionID/{{EndToEnd}}",
							"host": [
								"{{HostAutbank.IntegradorPIX}}"
							],
							"path": [
								"IntegradorPIX",
								"api",
								"operacao",
								"transactionID",
								"{{EndToEnd}}"
							]
						}
					},
					"response": []
				},
				{
					"name": "03-GetTransactionID",
					"event": [
						{
							"listen": "prerequest",
							"script": {
								"exec": [
									"var varTransactionID = uuidv4();\r",
									"pm.environment.set(\"TransactionID\", varTransactionID);\r",
									"\r",
									"function uuidv4() {\r",
									"  return 'xxxxxxxx-xxxx-4xxx-yxxx-xxxxxxxxxxxx'.replace(/[xy]/g, function(c) {\r",
									"    var r = Math.random() * 16 | 0, v = c == 'x' ? r : (r & 0x3 | 0x8);\r",
									"    return v.toString(16);\r",
									"  });\r",
									"}"
								],
								"type": "text/javascript"
							}
						}
					],
					"request": {
						"method": "GET",
						"header": [],
						"url": {
							"raw": "{{HostAutbank.IntegradorPIX}}/IntegradorPIX/api/operacao/endToEnd/{{TransactionID}}",
							"host": [
								"{{HostAutbank.IntegradorPIX}}"
							],
							"path": [
								"IntegradorPIX",
								"api",
								"operacao",
								"endToEnd",
								"{{TransactionID}}"
							]
						}
					},
					"response": []
				}
			]
		}
	]
}