{
	"info": {
		"_postman_id": "3b7f018b-4767-4b36-9c0e-7c3385f0a705",
		"name": "Autbank.IntegradorPIX.Conciliacao.Api",
		"schema": "https://schema.getpostman.com/json/collection/v2.1.0/collection.json"
	},
	"item": [
		{
			"name": "01-Conciliacao",
			"item": [
				{
					"name": "01-Bloqueio",
					"request": {
						"method": "POST",
						"header": [],
						"url": {
							"raw": "{{HostAutbank.IntegradorPIX.Conciliacao}}/IntegradorPIX/api/Conciliacao/bloqueio",
							"host": [
								"{{HostAutbank.IntegradorPIX.Conciliacao}}"
							],
							"path": [
								"IntegradorPIX",
								"api",
								"Conciliacao",
								"bloqueio"
							]
						}
					},
					"response": []
				},
				{
					"name": "02-Movimento",
					"request": {
						"method": "POST",
						"header": [],
						"url": {
							"raw": "{{HostAutbank.IntegradorPIX.Conciliacao}}/IntegradorPIX/api/Conciliacao/movimento",
							"host": [
								"{{HostAutbank.IntegradorPIX.Conciliacao}}"
							],
							"path": [
								"IntegradorPIX",
								"api",
								"Conciliacao",
								"movimento"
							]
						}
					},
					"response": []
				},
				{
					"name": "03-TransferenciaInterna",
					"request": {
						"method": "POST",
						"header": [],
						"url": {
							"raw": "{{HostAutbank.IntegradorPIX.Conciliacao}}/IntegradorPIX/api/Conciliacao/TransferenciaInterna",
							"host": [
								"{{HostAutbank.IntegradorPIX.Conciliacao}}"
							],
							"path": [
								"IntegradorPIX",
								"api",
								"Conciliacao",
								"TransferenciaInterna"
							]
						}
					},
					"response": []
				}
			]
		}
	]
}