<?xml version="1.0" encoding="UTF-8"?>
<con:soapui-project id="801ae1bf-ec5c-4948-a036-80d8e10b0313" activeEnvironment="Default" name="Bacen - Indices" soapui-version="5.6.0" abortOnError="false" runType="SEQUENTIAL" xmlns:con="http://eviware.com/soapui/config"><con:settings/><con:interface xsi:type="con:WsdlInterface" id="1b905c86-cfe4-41e9-a102-c98bb96a0213" wsaVersion="NONE" name="FachadaWSSGSSoapBinding" type="wsdl" bindingName="{https://www3.bcb.gov.br/wssgs/services/FachadaWSSGS}FachadaWSSGSSoapBinding" soapVersion="1_1" anonymous="optional" definition="https://www3.bcb.gov.br/wssgs/services/FachadaWSSGS?wsdl" xmlns:xsi="http://www.w3.org/2001/XMLSchema-instance"><con:settings/><con:definitionCache type="TEXT" rootPart="https://www3.bcb.gov.br/wssgs/services/FachadaWSSGS?wsdl"><con:part><con:url>https://www3.bcb.gov.br/wssgs/services/FachadaWSSGS?wsdl</con:url><con:content><![CDATA[<wsdl:definitions targetNamespace="https://www3.bcb.gov.br/wssgs/services/FachadaWSSGS" xmlns:apachesoap="http://xml.apache.org/xml-soap" xmlns:impl="https://www3.bcb.gov.br/wssgs/services/FachadaWSSGS" xmlns:intf="https://www3.bcb.gov.br/wssgs/services/FachadaWSSGS" xmlns:soapenc="http://schemas.xmlsoap.org/soap/encoding/" xmlns:tns1="http://DefaultNamespace" xmlns:tns2="http://comum.ws.casosdeuso.sgs.pec.bcb.gov.br" xmlns:wsdl="http://schemas.xmlsoap.org/wsdl/" xmlns:wsdlsoap="http://schemas.xmlsoap.org/wsdl/soap/" xmlns:xsd="http://www.w3.org/2001/XMLSchema">
  <!--WSDL created by Apache Axis version: 1.2.1
Built on Jun 14, 2005 (09:15:57 EDT)-->
  <wsdl:types>
    <schema targetNamespace="http://DefaultNamespace" xmlns="http://www.w3.org/2001/XMLSchema">
      <import namespace="http://comum.ws.casosdeuso.sgs.pec.bcb.gov.br"/>
      <import namespace="https://www3.bcb.gov.br/wssgs/services/FachadaWSSGS"/>
      <import namespace="http://schemas.xmlsoap.org/soap/encoding/"/>
      <complexType name="ArrayOfflong">
        <complexContent>
          <restriction base="soapenc:Array">
            <attribute ref="soapenc:arrayType" wsdl:arrayType="xsd:long[]"/>
          </restriction>
        </complexContent>
      </complexType>
    </schema>
    <schema targetNamespace="http://comum.ws.casosdeuso.sgs.pec.bcb.gov.br" xmlns="http://www.w3.org/2001/XMLSchema">
      <import namespace="http://DefaultNamespace"/>
      <import namespace="https://www3.bcb.gov.br/wssgs/services/FachadaWSSGS"/>
      <import namespace="http://schemas.xmlsoap.org/soap/encoding/"/>
      <complexType name="WSValorSerieVO">
        <sequence>
          <element name="ano" type="xsd:int"/>
          <element name="anoFim" type="xsd:int"/>
          <element name="bloqueado" type="xsd:boolean"/>
          <element name="bloqueioLiberado" type="xsd:boolean"/>
          <element name="dia" type="xsd:int"/>
          <element name="diaFim" type="xsd:int"/>
          <element name="mes" type="xsd:int"/>
          <element name="mesFim" type="xsd:int"/>
          <element name="oid" type="xsd:long"/>
          <element name="oidSerie" type="xsd:long"/>
          <element name="svalor" nillable="true" type="soapenc:string"/>
          <element name="valor" nillable="true" type="soapenc:decimal"/>
        </sequence>
      </complexType>
      <complexType name="WSSerieVO">
        <sequence>
          <element name="anoFim" type="xsd:int"/>
          <element name="anoInicio" type="xsd:int"/>
          <element name="aviso" nillable="true" type="soapenc:string"/>
          <element name="diaFim" type="xsd:int"/>
          <element name="diaInicio" type="xsd:int"/>
          <element name="especial" type="xsd:boolean"/>
          <element name="fonte" nillable="true" type="soapenc:string"/>
          <element name="fullName" nillable="true" type="soapenc:string"/>
          <element name="gestorProprietario" nillable="true" type="soapenc:string"/>
          <element name="mesFim" type="xsd:int"/>
          <element name="mesInicio" type="xsd:int"/>
          <element name="nomeAbreviado" nillable="true" type="soapenc:string"/>
          <element name="nomeCompleto" nillable="true" type="soapenc:string"/>
          <element name="oid" type="xsd:long"/>
          <element name="periodicidade" nillable="true" type="soapenc:string"/>
          <element name="periodicidadeSigla" nillable="true" type="soapenc:string"/>
          <element name="possuiBloqueios" type="xsd:boolean"/>
          <element name="publica" type="xsd:boolean"/>
          <element name="shortName" nillable="true" type="soapenc:string"/>
          <element name="ultimoValor" nillable="true" type="tns2:WSValorSerieVO"/>
          <element name="unidadePadrao" nillable="true" type="soapenc:string"/>
          <element name="unidadePadraoIngles" nillable="true" type="soapenc:string"/>
          <element name="valorDiaNaoUtil" type="xsd:boolean"/>
          <element name="valores" nillable="true" type="impl:ArrayOf_tns2_WSValorSerieVO"/>
        </sequence>
      </complexType>
      <complexType name="ArrayOffWSSerieVO">
        <complexContent>
          <restriction base="soapenc:Array">
            <attribute ref="soapenc:arrayType" wsdl:arrayType="tns2:WSSerieVO[]"/>
          </restriction>
        </complexContent>
      </complexType>
    </schema>
    <schema targetNamespace="https://www3.bcb.gov.br/wssgs/services/FachadaWSSGS" xmlns="http://www.w3.org/2001/XMLSchema">
      <import namespace="http://DefaultNamespace"/>
      <import namespace="http://comum.ws.casosdeuso.sgs.pec.bcb.gov.br"/>
      <import namespace="http://schemas.xmlsoap.org/soap/encoding/"/>
      <complexType name="ArrayOf_tns2_WSValorSerieVO">
        <complexContent>
          <restriction base="soapenc:Array">
            <attribute ref="soapenc:arrayType" wsdl:arrayType="tns2:WSValorSerieVO[]"/>
          </restriction>
        </complexContent>
      </complexType>
    </schema>
  </wsdl:types>
  <wsdl:message name="getValoresSeriesVOResponse">
    <wsdl:part name="getValoresSeriesVOReturn" type="tns2:ArrayOffWSSerieVO"></wsdl:part>
  </wsdl:message>
  <wsdl:message name="getValorResponse">
    <wsdl:part name="getValorReturn" type="soapenc:decimal"></wsdl:part>
  </wsdl:message>
  <wsdl:message name="getValoresSeriesXMLResponse">
    <wsdl:part name="getValoresSeriesXMLReturn" type="soapenc:string"></wsdl:part>
  </wsdl:message>
  <wsdl:message name="getUltimosValoresSerieVOResponse">
    <wsdl:part name="getUltimosValoresSerieVOReturn" type="tns2:WSSerieVO"></wsdl:part>
  </wsdl:message>
  <wsdl:message name="getValorEspecialRequest">
    <wsdl:part name="in0" type="xsd:long"></wsdl:part>
    <wsdl:part name="in1" type="soapenc:string"></wsdl:part>
    <wsdl:part name="in2" type="soapenc:string"></wsdl:part>
  </wsdl:message>
  <wsdl:message name="getValorEspecialResponse">
    <wsdl:part name="getValorEspecialReturn" type="soapenc:decimal"></wsdl:part>
  </wsdl:message>
  <wsdl:message name="getUltimoValorXMLResponse">
    <wsdl:part name="getUltimoValorXMLReturn" type="soapenc:string"></wsdl:part>
  </wsdl:message>
  <wsdl:message name="getValoresSeriesXMLRequest">
    <wsdl:part name="in0" type="tns1:ArrayOfflong"></wsdl:part>
    <wsdl:part name="in1" type="soapenc:string"></wsdl:part>
    <wsdl:part name="in2" type="soapenc:string"></wsdl:part>
  </wsdl:message>
  <wsdl:message name="getUltimoValorVORequest">
    <wsdl:part name="in0" type="xsd:long"></wsdl:part>
  </wsdl:message>
  <wsdl:message name="getUltimoValorXMLRequest">
    <wsdl:part name="in0" type="xsd:long"></wsdl:part>
  </wsdl:message>
  <wsdl:message name="getValoresSeriesVORequest">
    <wsdl:part name="in0" type="tns1:ArrayOfflong"></wsdl:part>
    <wsdl:part name="in1" type="soapenc:string"></wsdl:part>
    <wsdl:part name="in2" type="soapenc:string"></wsdl:part>
  </wsdl:message>
  <wsdl:message name="getValorRequest">
    <wsdl:part name="in0" type="xsd:long"></wsdl:part>
    <wsdl:part name="in1" type="soapenc:string"></wsdl:part>
  </wsdl:message>
  <wsdl:message name="getUltimosValoresSerieVORequest">
    <wsdl:part name="in0" type="xsd:long"></wsdl:part>
    <wsdl:part name="in1" type="xsd:long"></wsdl:part>
  </wsdl:message>
  <wsdl:message name="getUltimoValorVOResponse">
    <wsdl:part name="getUltimoValorVOReturn" type="tns2:WSSerieVO"></wsdl:part>
  </wsdl:message>
  <wsdl:portType name="FachadaWSSGS">
    <wsdl:operation name="getValoresSeriesVO" parameterOrder="in0 in1 in2">
      <wsdl:input message="impl:getValoresSeriesVORequest" name="getValoresSeriesVORequest"></wsdl:input>
      <wsdl:output message="impl:getValoresSeriesVOResponse" name="getValoresSeriesVOResponse"></wsdl:output>
    </wsdl:operation>
    <wsdl:operation name="getUltimosValoresSerieVO" parameterOrder="in0 in1">
      <wsdl:input message="impl:getUltimosValoresSerieVORequest" name="getUltimosValoresSerieVORequest"></wsdl:input>
      <wsdl:output message="impl:getUltimosValoresSerieVOResponse" name="getUltimosValoresSerieVOResponse"></wsdl:output>
    </wsdl:operation>
    <wsdl:operation name="getValoresSeriesXML" parameterOrder="in0 in1 in2">
      <wsdl:input message="impl:getValoresSeriesXMLRequest" name="getValoresSeriesXMLRequest"></wsdl:input>
      <wsdl:output message="impl:getValoresSeriesXMLResponse" name="getValoresSeriesXMLResponse"></wsdl:output>
    </wsdl:operation>
    <wsdl:operation name="getUltimoValorVO" parameterOrder="in0">
      <wsdl:input message="impl:getUltimoValorVORequest" name="getUltimoValorVORequest"></wsdl:input>
      <wsdl:output message="impl:getUltimoValorVOResponse" name="getUltimoValorVOResponse"></wsdl:output>
    </wsdl:operation>
    <wsdl:operation name="getUltimoValorXML" parameterOrder="in0">
      <wsdl:input message="impl:getUltimoValorXMLRequest" name="getUltimoValorXMLRequest"></wsdl:input>
      <wsdl:output message="impl:getUltimoValorXMLResponse" name="getUltimoValorXMLResponse"></wsdl:output>
    </wsdl:operation>
    <wsdl:operation name="getValor" parameterOrder="in0 in1">
      <wsdl:input message="impl:getValorRequest" name="getValorRequest"></wsdl:input>
      <wsdl:output message="impl:getValorResponse" name="getValorResponse"></wsdl:output>
    </wsdl:operation>
    <wsdl:operation name="getValorEspecial" parameterOrder="in0 in1 in2">
      <wsdl:input message="impl:getValorEspecialRequest" name="getValorEspecialRequest"></wsdl:input>
      <wsdl:output message="impl:getValorEspecialResponse" name="getValorEspecialResponse"></wsdl:output>
    </wsdl:operation>
  </wsdl:portType>
  <wsdl:binding name="FachadaWSSGSSoapBinding" type="impl:FachadaWSSGS">
    <wsdlsoap:binding style="rpc" transport="http://schemas.xmlsoap.org/soap/http"/>
    <wsdl:operation name="getValoresSeriesVO">
      <wsdlsoap:operation soapAction=""/>
      <wsdl:input name="getValoresSeriesVORequest">
        <wsdlsoap:body encodingStyle="http://schemas.xmlsoap.org/soap/encoding/" namespace="http://publico.ws.casosdeuso.sgs.pec.bcb.gov.br" use="encoded"/>
      </wsdl:input>
      <wsdl:output name="getValoresSeriesVOResponse">
        <wsdlsoap:body encodingStyle="http://schemas.xmlsoap.org/soap/encoding/" namespace="https://www3.bcb.gov.br/wssgs/services/FachadaWSSGS" use="encoded"/>
      </wsdl:output>
    </wsdl:operation>
    <wsdl:operation name="getUltimosValoresSerieVO">
      <wsdlsoap:operation soapAction=""/>
      <wsdl:input name="getUltimosValoresSerieVORequest">
        <wsdlsoap:body encodingStyle="http://schemas.xmlsoap.org/soap/encoding/" namespace="http://publico.ws.casosdeuso.sgs.pec.bcb.gov.br" use="encoded"/>
      </wsdl:input>
      <wsdl:output name="getUltimosValoresSerieVOResponse">
        <wsdlsoap:body encodingStyle="http://schemas.xmlsoap.org/soap/encoding/" namespace="https://www3.bcb.gov.br/wssgs/services/FachadaWSSGS" use="encoded"/>
      </wsdl:output>
    </wsdl:operation>
    <wsdl:operation name="getValoresSeriesXML">
      <wsdlsoap:operation soapAction=""/>
      <wsdl:input name="getValoresSeriesXMLRequest">
        <wsdlsoap:body encodingStyle="http://schemas.xmlsoap.org/soap/encoding/" namespace="http://publico.ws.casosdeuso.sgs.pec.bcb.gov.br" use="encoded"/>
      </wsdl:input>
      <wsdl:output name="getValoresSeriesXMLResponse">
        <wsdlsoap:body encodingStyle="http://schemas.xmlsoap.org/soap/encoding/" namespace="https://www3.bcb.gov.br/wssgs/services/FachadaWSSGS" use="encoded"/>
      </wsdl:output>
    </wsdl:operation>
    <wsdl:operation name="getUltimoValorVO">
      <wsdlsoap:operation soapAction=""/>
      <wsdl:input name="getUltimoValorVORequest">
        <wsdlsoap:body encodingStyle="http://schemas.xmlsoap.org/soap/encoding/" namespace="http://publico.ws.casosdeuso.sgs.pec.bcb.gov.br" use="encoded"/>
      </wsdl:input>
      <wsdl:output name="getUltimoValorVOResponse">
        <wsdlsoap:body encodingStyle="http://schemas.xmlsoap.org/soap/encoding/" namespace="https://www3.bcb.gov.br/wssgs/services/FachadaWSSGS" use="encoded"/>
      </wsdl:output>
    </wsdl:operation>
    <wsdl:operation name="getUltimoValorXML">
      <wsdlsoap:operation soapAction=""/>
      <wsdl:input name="getUltimoValorXMLRequest">
        <wsdlsoap:body encodingStyle="http://schemas.xmlsoap.org/soap/encoding/" namespace="http://publico.ws.casosdeuso.sgs.pec.bcb.gov.br" use="encoded"/>
      </wsdl:input>
      <wsdl:output name="getUltimoValorXMLResponse">
        <wsdlsoap:body encodingStyle="http://schemas.xmlsoap.org/soap/encoding/" namespace="https://www3.bcb.gov.br/wssgs/services/FachadaWSSGS" use="encoded"/>
      </wsdl:output>
    </wsdl:operation>
    <wsdl:operation name="getValor">
      <wsdlsoap:operation soapAction=""/>
      <wsdl:input name="getValorRequest">
        <wsdlsoap:body encodingStyle="http://schemas.xmlsoap.org/soap/encoding/" namespace="http://publico.ws.casosdeuso.sgs.pec.bcb.gov.br" use="encoded"/>
      </wsdl:input>
      <wsdl:output name="getValorResponse">
        <wsdlsoap:body encodingStyle="http://schemas.xmlsoap.org/soap/encoding/" namespace="https://www3.bcb.gov.br/wssgs/services/FachadaWSSGS" use="encoded"/>
      </wsdl:output>
    </wsdl:operation>
    <wsdl:operation name="getValorEspecial">
      <wsdlsoap:operation soapAction=""/>
      <wsdl:input name="getValorEspecialRequest">
        <wsdlsoap:body encodingStyle="http://schemas.xmlsoap.org/soap/encoding/" namespace="http://publico.ws.casosdeuso.sgs.pec.bcb.gov.br" use="encoded"/>
      </wsdl:input>
      <wsdl:output name="getValorEspecialResponse">
        <wsdlsoap:body encodingStyle="http://schemas.xmlsoap.org/soap/encoding/" namespace="https://www3.bcb.gov.br/wssgs/services/FachadaWSSGS" use="encoded"/>
      </wsdl:output>
    </wsdl:operation>
  </wsdl:binding>
  <wsdl:service name="FachadaWSSGSService">
    <wsdl:port binding="impl:FachadaWSSGSSoapBinding" name="FachadaWSSGS">
      <wsdlsoap:address location="https://www3.bcb.gov.br/wssgs/services/FachadaWSSGS"/>
    </wsdl:port>
  </wsdl:service>
</wsdl:definitions>]]></con:content><con:type>http://schemas.xmlsoap.org/wsdl/</con:type></con:part></con:definitionCache><con:endpoints><con:endpoint>https://www3.bcb.gov.br/wssgs/services/FachadaWSSGS</con:endpoint></con:endpoints><con:operation id="6fe16ea1-ac77-4dda-bc8f-d21c614e53ae" isOneWay="false" action="" name="getUltimosValoresSerieVO" bindingOperationName="getUltimosValoresSerieVO" type="Request-Response" outputName="getUltimosValoresSerieVOResponse" inputName="getUltimosValoresSerieVORequest" receivesAttachments="false" sendsAttachments="false" anonymous="optional"><con:settings/><con:call id="4b5ec990-e9a4-4cf4-9353-9cdf2a42ab87" name="Request 1"><con:settings><con:setting id="com.eviware.soapui.impl.wsdl.WsdlRequest@request-headers">&lt;xml-fragment/></con:setting></con:settings><con:encoding>UTF-8</con:encoding><con:endpoint>https://www3.bcb.gov.br/wssgs/services/FachadaWSSGS</con:endpoint><con:request><![CDATA[<soapenv:Envelope xmlns:xsi="http://www.w3.org/2001/XMLSchema-instance" xmlns:xsd="http://www.w3.org/2001/XMLSchema" xmlns:soapenv="http://schemas.xmlsoap.org/soap/envelope/" xmlns:pub="http://publico.ws.casosdeuso.sgs.pec.bcb.gov.br">\r
   <soapenv:Header/>\r
   <soapenv:Body>\r
      <pub:getUltimosValoresSerieVO soapenv:encodingStyle="http://schemas.xmlsoap.org/soap/encoding/">\r
         <in0 xsi:type="xsd:long">4389</in0>\r
         <in1 xsi:type="xsd:long">2021-09-08</in1>\r
      </pub:getUltimosValoresSerieVO>\r
   </soapenv:Body>\r
</soapenv:Envelope>]]></con:request><con:credentials><con:authType>No Authorization</con:authType></con:credentials><con:jmsConfig JMSDeliveryMode="PERSISTENT"/><con:jmsPropertyConfig/><con:wsaConfig mustUnderstand="NONE" version="200508" action="https://www3.bcb.gov.br/wssgs/services/FachadaWSSGS/FachadaWSSGS/getUltimosValoresSerieVORequest"/><con:wsrmConfig version="1.2"/></con:call></con:operation><con:operation id="908ffd76-16ab-4ac4-bf10-3357cb5f111e" isOneWay="false" action="" name="getUltimoValorVO" bindingOperationName="getUltimoValorVO" type="Request-Response" outputName="getUltimoValorVOResponse" inputName="getUltimoValorVORequest" receivesAttachments="false" sendsAttachments="false" anonymous="optional"><con:settings/><con:call id="ea7906de-2d79-4d68-b62f-55611f223444" name="Request 1"><con:settings><con:setting id="com.eviware.soapui.impl.wsdl.WsdlRequest@request-headers">&lt;xml-fragment/></con:setting></con:settings><con:encoding>UTF-8</con:encoding><con:endpoint>https://www3.bcb.gov.br/wssgs/services/FachadaWSSGS</con:endpoint><con:request><![CDATA[<soapenv:Envelope xmlns:xsi="http://www.w3.org/2001/XMLSchema-instance" xmlns:xsd="http://www.w3.org/2001/XMLSchema" xmlns:soapenv="http://schemas.xmlsoap.org/soap/envelope/" xmlns:pub="http://publico.ws.casosdeuso.sgs.pec.bcb.gov.br">\r
   <soapenv:Header/>\r
   <soapenv:Body>\r
      <pub:getUltimoValorVO soapenv:encodingStyle="http://schemas.xmlsoap.org/soap/encoding/">\r
         <in0 xsi:type="xsd:long"></in0>\r
      </pub:getUltimoValorVO>\r
   </soapenv:Body>\r
</soapenv:Envelope>]]></con:request><con:credentials><con:authType>No Authorization</con:authType></con:credentials><con:jmsConfig JMSDeliveryMode="PERSISTENT"/><con:jmsPropertyConfig/><con:wsaConfig mustUnderstand="NONE" version="200508" action="https://www3.bcb.gov.br/wssgs/services/FachadaWSSGS/FachadaWSSGS/getUltimoValorVORequest"/><con:wsrmConfig version="1.2"/></con:call></con:operation><con:operation id="46867dfd-e978-4aad-9682-a534a0ece640" isOneWay="false" action="" name="getUltimoValorXML" bindingOperationName="getUltimoValorXML" type="Request-Response" outputName="getUltimoValorXMLResponse" inputName="getUltimoValorXMLRequest" receivesAttachments="false" sendsAttachments="false" anonymous="optional"><con:settings/><con:call id="62b52278-686c-4ee1-84fd-684873ba0d10" name="Request 1"><con:settings/><con:encoding>UTF-8</con:encoding><con:endpoint>https://www3.bcb.gov.br/wssgs/services/FachadaWSSGS</con:endpoint><con:request><![CDATA[<soapenv:Envelope xmlns:xsi="http://www.w3.org/2001/XMLSchema-instance" xmlns:xsd="http://www.w3.org/2001/XMLSchema" xmlns:soapenv="http://schemas.xmlsoap.org/soap/envelope/" xmlns:pub="http://publico.ws.casosdeuso.sgs.pec.bcb.gov.br">\r
   <soapenv:Header/>\r
   <soapenv:Body>\r
      <pub:getUltimoValorXML soapenv:encodingStyle="http://schemas.xmlsoap.org/soap/encoding/">\r
         <in0 xsi:type="xsd:long">?</in0>\r
      </pub:getUltimoValorXML>\r
   </soapenv:Body>\r
</soapenv:Envelope>]]></con:request><con:wsaConfig mustUnderstand="NONE" version="200508" action="https://www3.bcb.gov.br/wssgs/services/FachadaWSSGS/FachadaWSSGS/getUltimoValorXMLRequest"/></con:call></con:operation><con:operation id="f2eac958-18a4-4575-b3cc-02ab112bb552" isOneWay="false" action="" name="getValor" bindingOperationName="getValor" type="Request-Response" outputName="getValorResponse" inputName="getValorRequest" receivesAttachments="false" sendsAttachments="false" anonymous="optional"><con:settings/><con:call id="8c9fe16c-5f03-474e-a427-82d1bc68b0df" name="Request 1"><con:settings><con:setting id="com.eviware.soapui.impl.wsdl.WsdlRequest@request-headers">&lt;xml-fragment/></con:setting></con:settings><con:encoding>UTF-8</con:encoding><con:endpoint>https://www3.bcb.gov.br/wssgs/services/FachadaWSSGS</con:endpoint><con:request><![CDATA[<soapenv:Envelope xmlns:xsi="http://www.w3.org/2001/XMLSchema-instance" xmlns:xsd="http://www.w3.org/2001/XMLSchema" xmlns:soapenv="http://schemas.xmlsoap.org/soap/envelope/" xmlns:pub="http://publico.ws.casosdeuso.sgs.pec.bcb.gov.br">\r
   <soapenv:Header/>\r
   <soapenv:Body>\r
      <pub:getValor soapenv:encodingStyle="http://schemas.xmlsoap.org/soap/encoding/">\r
         <in0 xsi:type="xsd:long">4389</in0>\r
         <in1 xsi:type="soapenc:string" xmlns:soapenc="http://schemas.xmlsoap.org/soap/encoding/">29/10/2021</in1>\r
      </pub:getValor>\r
   </soapenv:Body>\r
</soapenv:Envelope>]]></con:request><con:credentials><con:authType>No Authorization</con:authType></con:credentials><con:jmsConfig JMSDeliveryMode="PERSISTENT"/><con:jmsPropertyConfig/><con:wsaConfig mustUnderstand="NONE" version="200508" action="https://www3.bcb.gov.br/wssgs/services/FachadaWSSGS/FachadaWSSGS/getValorRequest"/><con:wsrmConfig version="1.2"/></con:call></con:operation><con:operation id="23894cdc-d623-42ab-ac85-47791b41569d" isOneWay="false" action="" name="getValorEspecial" bindingOperationName="getValorEspecial" type="Request-Response" outputName="getValorEspecialResponse" inputName="getValorEspecialRequest" receivesAttachments="false" sendsAttachments="false" anonymous="optional"><con:settings/><con:call id="39ec4040-83b1-47d3-8a70-62a6efc945c4" name="Request 1"><con:settings/><con:encoding>UTF-8</con:encoding><con:endpoint>https://www3.bcb.gov.br/wssgs/services/FachadaWSSGS</con:endpoint><con:request><![CDATA[<soapenv:Envelope xmlns:xsi="http://www.w3.org/2001/XMLSchema-instance" xmlns:xsd="http://www.w3.org/2001/XMLSchema" xmlns:soapenv="http://schemas.xmlsoap.org/soap/envelope/" xmlns:pub="http://publico.ws.casosdeuso.sgs.pec.bcb.gov.br">\r
   <soapenv:Header/>\r
   <soapenv:Body>\r
      <pub:getValorEspecial soapenv:encodingStyle="http://schemas.xmlsoap.org/soap/encoding/">\r
         <in0 xsi:type="xsd:long">?</in0>\r
         <in1 xsi:type="soapenc:string" xmlns:soapenc="http://schemas.xmlsoap.org/soap/encoding/">?</in1>\r
         <in2 xsi:type="soapenc:string" xmlns:soapenc="http://schemas.xmlsoap.org/soap/encoding/">?</in2>\r
      </pub:getValorEspecial>\r
   </soapenv:Body>\r
</soapenv:Envelope>]]></con:request><con:credentials><con:authType>No Authorization</con:authType></con:credentials><con:jmsConfig JMSDeliveryMode="PERSISTENT"/><con:jmsPropertyConfig/><con:wsaConfig mustUnderstand="NONE" version="200508" action="https://www3.bcb.gov.br/wssgs/services/FachadaWSSGS/FachadaWSSGS/getValorEspecialRequest"/><con:wsrmConfig version="1.2"/></con:call></con:operation><con:operation id="9d54a8bf-a658-4901-9451-4f5dcd0431d8" isOneWay="false" action="" name="getValoresSeriesVO" bindingOperationName="getValoresSeriesVO" type="Request-Response" outputName="getValoresSeriesVOResponse" inputName="getValoresSeriesVORequest" receivesAttachments="false" sendsAttachments="false" anonymous="optional"><con:settings/><con:call id="5610ea8e-03a2-4997-b150-aefbba2ef029" name="Request 1"><con:settings/><con:encoding>UTF-8</con:encoding><con:endpoint>https://www3.bcb.gov.br/wssgs/services/FachadaWSSGS</con:endpoint><con:request><![CDATA[<soapenv:Envelope xmlns:xsi="http://www.w3.org/2001/XMLSchema-instance" xmlns:xsd="http://www.w3.org/2001/XMLSchema" xmlns:soapenv="http://schemas.xmlsoap.org/soap/envelope/" xmlns:pub="http://publico.ws.casosdeuso.sgs.pec.bcb.gov.br" xmlns:soapenc="http://schemas.xmlsoap.org/soap/encoding/">\r
   <soapenv:Header/>\r
   <soapenv:Body>\r
      <pub:getValoresSeriesVO soapenv:encodingStyle="http://schemas.xmlsoap.org/soap/encoding/">\r
         <in0 xsi:type="def:ArrayOfflong" soapenc:arrayType="xsd:long[]" xmlns:def="http://DefaultNamespace"/>\r
         <in1 xsi:type="soapenc:string">?</in1>\r
         <in2 xsi:type="soapenc:string">?</in2>\r
      </pub:getValoresSeriesVO>\r
   </soapenv:Body>\r
</soapenv:Envelope>]]></con:request><con:wsaConfig mustUnderstand="NONE" version="200508" action="https://www3.bcb.gov.br/wssgs/services/FachadaWSSGS/FachadaWSSGS/getValoresSeriesVORequest"/></con:call></con:operation><con:operation id="e708532b-0855-4595-b63a-d9abe36283cd" isOneWay="false" action="" name="getValoresSeriesXML" bindingOperationName="getValoresSeriesXML" type="Request-Response" outputName="getValoresSeriesXMLResponse" inputName="getValoresSeriesXMLRequest" receivesAttachments="false" sendsAttachments="false" anonymous="optional"><con:settings/><con:call id="fa4f210d-3367-40d6-9819-2ad426e97acd" name="Request 1"><con:settings/><con:encoding>UTF-8</con:encoding><con:endpoint>https://www3.bcb.gov.br/wssgs/services/FachadaWSSGS</con:endpoint><con:request><![CDATA[<soapenv:Envelope xmlns:xsi="http://www.w3.org/2001/XMLSchema-instance" xmlns:xsd="http://www.w3.org/2001/XMLSchema" xmlns:soapenv="http://schemas.xmlsoap.org/soap/envelope/" xmlns:pub="http://publico.ws.casosdeuso.sgs.pec.bcb.gov.br" xmlns:soapenc="http://schemas.xmlsoap.org/soap/encoding/">\r
   <soapenv:Header/>\r
   <soapenv:Body>\r
      <pub:getValoresSeriesXML soapenv:encodingStyle="http://schemas.xmlsoap.org/soap/encoding/">\r
         <in0 xsi:type="def:ArrayOfflong" soapenc:arrayType="xsd:long[]" xmlns:def="http://DefaultNamespace"/>\r
         <in1 xsi:type="soapenc:string">?</in1>\r
         <in2 xsi:type="soapenc:string">?</in2>\r
      </pub:getValoresSeriesXML>\r
   </soapenv:Body>\r
</soapenv:Envelope>]]></con:request><con:wsaConfig mustUnderstand="NONE" version="200508" action="https://www3.bcb.gov.br/wssgs/services/FachadaWSSGS/FachadaWSSGS/getValoresSeriesXMLRequest"/></con:call></con:operation></con:interface><con:properties/><con:wssContainer/><con:oAuth2ProfileContainer/><con:oAuth1ProfileContainer/></con:soapui-project>