<?xml version="1.0" encoding="UTF-8"?>
<con:soapui-project id="dc843fa9-98d0-47c5-89a1-abf3a1a1582e" activeEnvironment="Default" name="Boletos - Calculo" soapui-version="5.6.0" abortOnError="false" runType="SEQUENTIAL" xmlns:con="http://eviware.com/soapui/config"><con:settings/><con:interface xsi:type="con:WsdlInterface" id="1caefe9c-6319-48a7-a8f6-5f2eb7f4caa6" wsaVersion="NONE" name="ABWJWSSoapBinding" type="wsdl" bindingName="{http://calculotitulocipws.utils.autbank.com.br}ABWJWSSoapBinding" soapVersion="1_1" anonymous="optional" definition="http://corebancario-hmg.modal.net.br:8082/ABWJWS/services/ABWJWS?wsdl" xmlns:xsi="http://www.w3.org/2001/XMLSchema-instance"><con:settings/><con:definitionCache type="TEXT" rootPart="http://corebancario-hmg.modal.net.br:8082/ABWJWS/services/ABWJWS?wsdl"><con:part><con:url>http://corebancario-hmg.modal.net.br:8082/ABWJWS/services/ABWJWS?wsdl</con:url><con:content><![CDATA[<wsdl:definitions targetNamespace="http://calculotitulocipws.utils.autbank.com.br" xmlns:apachesoap="http://xml.apache.org/xml-soap" xmlns:impl="http://calculotitulocipws.utils.autbank.com.br" xmlns:intf="http://calculotitulocipws.utils.autbank.com.br" xmlns:tns1="http://autbank.com.br" xmlns:wsdl="http://schemas.xmlsoap.org/wsdl/" xmlns:wsdlsoap="http://schemas.xmlsoap.org/wsdl/soap/" xmlns:xsd="http://www.w3.org/2001/XMLSchema">
  <!--WSDL created by Apache Axis version: 1.4
Built on Mar 12, 2010 (06:20:09 CST)-->
  <wsdl:types>
    <schema elementFormDefault="qualified" targetNamespace="http://calculotitulocipws.utils.autbank.com.br" xmlns="http://www.w3.org/2001/XMLSchema">
      <import namespace="http://autbank.com.br"/>
      <element name="calculaValorCobrar">
        <complexType>
          <sequence>
            <element name="modeloCalculo" type="xsd:int"/>
            <element name="codEspecieTitulo" type="xsd:int"/>
            <element name="codPraca" type="xsd:string"/>
            <element name="tipoJuros" type="xsd:int"/>
            <element name="tipoMulta" type="xsd:int"/>
            <element name="dataVencimentoTitulo" type="xsd:string"/>
            <element name="dataOperacao" type="xsd:string"/>
            <element name="dataJuros" type="xsd:string"/>
            <element name="dataMulta" type="xsd:string"/>
            <element name="valorTitulo" type="xsd:decimal"/>
            <element name="valorJuros" type="xsd:decimal"/>
            <element name="valorMulta" type="xsd:decimal"/>
            <element name="valorAbatimento" type="xsd:decimal"/>
            <element name="valorSaldoTotalAtualPagtoTitulo" type="xsd:decimal"/>
            <element name="valorJurosCalculado1" type="xsd:decimal"/>
            <element name="valorMultaCalculado1" type="xsd:decimal"/>
            <element name="valorDescontoCalculado1" type="xsd:decimal"/>
            <element name="valorTotalCobrar1" type="xsd:decimal"/>
            <element name="dataValidadeCalculo1" type="xsd:string"/>
            <element name="valorJurosCalculado2" type="xsd:decimal"/>
            <element name="valorMultaCalculado2" type="xsd:decimal"/>
            <element name="valorDescontoCalculado2" type="xsd:decimal"/>
            <element name="valorTotalCobrar2" type="xsd:decimal"/>
            <element name="dataValidadeCalculo2" type="xsd:string"/>
            <element name="valorJurosCalculado3" type="xsd:decimal"/>
            <element name="valorMultaCalculado3" type="xsd:decimal"/>
            <element name="valorDescontoCalculado3" type="xsd:decimal"/>
            <element name="valorTotalCobrar3" type="xsd:decimal"/>
            <element name="dataValidadeCalculo3" type="xsd:string"/>
            <element name="valorJurosCalculado4" type="xsd:decimal"/>
            <element name="valorMultaCalculado4" type="xsd:decimal"/>
            <element name="valorDescontoCalculado4" type="xsd:decimal"/>
            <element name="valorTotalCobrar4" type="xsd:decimal"/>
            <element name="dataValidadeCalculo4" type="xsd:string"/>
            <element name="valorJurosCalculado5" type="xsd:decimal"/>
            <element name="valorMultaCalculado5" type="xsd:decimal"/>
            <element name="valorDescontoCalculado5" type="xsd:decimal"/>
            <element name="valorTotalCobrar5" type="xsd:decimal"/>
            <element name="dataValidadeCalculo5" type="xsd:string"/>
            <element name="tipoDesconto1" type="xsd:int"/>
            <element name="dataDesconto1" type="xsd:string"/>
            <element name="valorDesconto1" type="xsd:decimal"/>
            <element name="tipoDesconto2" type="xsd:int"/>
            <element name="dataDesconto2" type="xsd:string"/>
            <element name="valorDesconto2" type="xsd:decimal"/>
            <element name="tipoDesconto3" type="xsd:int"/>
            <element name="dataDesconto3" type="xsd:string"/>
            <element name="valorDesconto3" type="xsd:decimal"/>
          </sequence>
        </complexType>
      </element>
      <element name="calculaValorCobrarResponse">
        <complexType>
          <sequence>
            <element name="calculaValorCobrarReturn" type="impl:TOCalculoTituloCIPResultadoWS"/>
          </sequence>
        </complexType>
      </element>
      <complexType name="TOCalculoTituloCIPResultadoWS">
        <sequence>
          <element name="valorTituloOriginal" type="xsd:decimal"/>
          <element name="valorTotalCobrar" type="xsd:decimal"/>
          <element name="valorDescontoCalculado" type="xsd:decimal"/>
          <element name="valorJurosCalculado" type="xsd:decimal"/>
          <element name="valorMultaCalculado" type="xsd:decimal"/>
          <element name="valorAbatimento" type="xsd:decimal"/>
          <element name="dataOperacao" type="xsd:string"/>
        </sequence>
      </complexType>
      <element name="fault" type="tns1:TEException"/>
    </schema>
    <schema elementFormDefault="qualified" targetNamespace="http://autbank.com.br" xmlns="http://www.w3.org/2001/XMLSchema">
      <import namespace="http://calculotitulocipws.utils.autbank.com.br"/>
      <complexType name="TEException">
        <sequence>
          <element name="codErro" type="xsd:string"/>
          <element name="mensagem" type="xsd:string"/>
        </sequence>
      </complexType>
    </schema>
  </wsdl:types>
  <wsdl:message name="calculaValorCobrarRequest">
    <wsdl:part element="impl:calculaValorCobrar" name="parameters"/>
  </wsdl:message>
  <wsdl:message name="calculaValorCobrarResponse">
    <wsdl:part element="impl:calculaValorCobrarResponse" name="parameters"/>
  </wsdl:message>
  <wsdl:message name="TEException">
    <wsdl:part element="impl:fault" name="fault"/>
  </wsdl:message>
  <wsdl:portType name="ABWJWS">
    <wsdl:operation name="calculaValorCobrar">
      <wsdl:input message="impl:calculaValorCobrarRequest" name="calculaValorCobrarRequest"/>
      <wsdl:output message="impl:calculaValorCobrarResponse" name="calculaValorCobrarResponse"/>
      <wsdl:fault message="impl:TEException" name="TEException"/>
    </wsdl:operation>
  </wsdl:portType>
  <wsdl:binding name="ABWJWSSoapBinding" type="impl:ABWJWS">
    <wsdlsoap:binding style="document" transport="http://schemas.xmlsoap.org/soap/http"/>
    <wsdl:operation name="calculaValorCobrar">
      <wsdlsoap:operation soapAction=""/>
      <wsdl:input name="calculaValorCobrarRequest">
        <wsdlsoap:body use="literal"/>
      </wsdl:input>
      <wsdl:output name="calculaValorCobrarResponse">
        <wsdlsoap:body use="literal"/>
      </wsdl:output>
      <wsdl:fault name="TEException">
        <wsdlsoap:fault name="TEException" use="literal"/>
      </wsdl:fault>
    </wsdl:operation>
  </wsdl:binding>
  <wsdl:service name="ABWJWSService">
    <wsdl:port binding="impl:ABWJWSSoapBinding" name="ABWJWS">
      <wsdlsoap:address location="http://corebancario-hmg.modal.net.br:8082/ABWJWS/services/ABWJWS"/>
    </wsdl:port>
  </wsdl:service>
</wsdl:definitions>]]></con:content><con:type>http://schemas.xmlsoap.org/wsdl/</con:type></con:part></con:definitionCache><con:endpoints><con:endpoint>http://corebancario-hmg.modal.net.br:8082/ABWJWS/services/ABWJWS</con:endpoint></con:endpoints><con:operation id="623bdc1f-77b9-44e9-a09f-a1e85af776ee" isOneWay="false" action="" name="calculaValorCobrar" bindingOperationName="calculaValorCobrar" type="Request-Response" outputName="calculaValorCobrarResponse" inputName="calculaValorCobrarRequest" receivesAttachments="false" sendsAttachments="false" anonymous="optional"><con:settings/><con:call id="d34a59d6-9fdf-46ff-912c-86dbc1ffd232" name="Request 1"><con:settings><con:setting id="com.eviware.soapui.impl.wsdl.WsdlRequest@request-headers">&lt;xml-fragment/></con:setting></con:settings><con:encoding>UTF-8</con:encoding><con:endpoint>http://corebancario-hmg.modal.net.br:8082/ABWJWS/services/ABWJWS</con:endpoint><con:request><![CDATA[<soapenv:Envelope xmlns:soapenv="http://schemas.xmlsoap.org/soap/envelope/" xmlns:cal="http://calculotitulocipws.utils.autbank.com.br">
<soapenv:Header/>
<soapenv:Body>
<cal:calculaValorCobrar>
<cal:modeloCalculo>1</cal:modeloCalculo>
<cal:codEspecieTitulo>2</cal:codEspecieTitulo>
<cal:codPraca>00000</cal:codPraca>
<cal:tipoJuros>5</cal:tipoJuros>
<cal:tipoMulta>3</cal:tipoMulta>
<cal:dataVencimentoTitulo>19/04/2022</cal:dataVencimentoTitulo>
<cal:dataOperacao>18/04/2022</cal:dataOperacao>
<cal:dataJuros></cal:dataJuros>
<cal:dataMulta></cal:dataMulta>
<cal:valorTitulo>14.49</cal:valorTitulo>
<cal:valorJuros></cal:valorJuros>
<cal:valorMulta></cal:valorMulta>
<cal:valorAbatimento></cal:valorAbatimento>
<cal:valorSaldoTotalAtualPagtoTitulo></cal:valorSaldoTotalAtualPagtoTitulo>
<cal:valorJurosCalculado1></cal:valorJurosCalculado1>
<cal:valorMultaCalculado1></cal:valorMultaCalculado1>
<cal:valorDescontoCalculado1></cal:valorDescontoCalculado1>
<cal:valorTotalCobrar1></cal:valorTotalCobrar1>
<cal:dataValidadeCalculo1></cal:dataValidadeCalculo1>
<cal:valorJurosCalculado2></cal:valorJurosCalculado2>
<cal:valorMultaCalculado2></cal:valorMultaCalculado2>
<cal:valorDescontoCalculado2></cal:valorDescontoCalculado2>
<cal:valorTotalCobrar2></cal:valorTotalCobrar2>
<cal:dataValidadeCalculo2></cal:dataValidadeCalculo2>
<cal:valorJurosCalculado3></cal:valorJurosCalculado3>
<cal:valorMultaCalculado3></cal:valorMultaCalculado3>
<cal:valorDescontoCalculado3></cal:valorDescontoCalculado3>
<cal:valorTotalCobrar3></cal:valorTotalCobrar3>
<cal:dataValidadeCalculo3></cal:dataValidadeCalculo3>
<cal:valorJurosCalculado4></cal:valorJurosCalculado4>
<cal:valorMultaCalculado4></cal:valorMultaCalculado4>
<cal:valorDescontoCalculado4></cal:valorDescontoCalculado4>
<cal:valorTotalCobrar4></cal:valorTotalCobrar4>
<cal:dataValidadeCalculo4></cal:dataValidadeCalculo4>
<cal:valorJurosCalculado5></cal:valorJurosCalculado5>
<cal:valorMultaCalculado5></cal:valorMultaCalculado5>
<cal:valorDescontoCalculado5></cal:valorDescontoCalculado5>
<cal:valorTotalCobrar5></cal:valorTotalCobrar5>
<cal:dataValidadeCalculo5></cal:dataValidadeCalculo5>
<cal:tipoDesconto1></cal:tipoDesconto1>
<cal:dataDesconto1></cal:dataDesconto1>
<cal:valorDesconto1></cal:valorDesconto1>
<cal:tipoDesconto2></cal:tipoDesconto2>
<cal:dataDesconto2></cal:dataDesconto2>
<cal:valorDesconto2></cal:valorDesconto2>
<cal:tipoDesconto3></cal:tipoDesconto3>
<cal:dataDesconto3></cal:dataDesconto3>
<cal:valorDesconto3></cal:valorDesconto3>
</cal:calculaValorCobrar>
</soapenv:Body>
</soapenv:Envelope>]]></con:request><con:credentials><con:authType>No Authorization</con:authType></con:credentials><con:jmsConfig JMSDeliveryMode="PERSISTENT"/><con:jmsPropertyConfig/><con:wsaConfig mustUnderstand="NONE" version="200508" action="http://calculotitulocipws.utils.autbank.com.br/ABWJWS/calculaValorCobrarRequest"/><con:wsrmConfig version="1.2"/></con:call></con:operation></con:interface><con:properties/><con:wssContainer/><con:oAuth2ProfileContainer/><con:oAuth1ProfileContainer/><con:sensitiveInformation/></con:soapui-project>