{
	"info": {
		"_postman_id": "fdf092ac-dd24-4074-a42d-569865d18eda",
		"name": "Boletos HMG 2",
		"schema": "https://schema.getpostman.com/json/collection/v2.1.0/collection.json"
	},
	"item": [
		{
			"name": "http://BHWAPP13B-RJ01:8082/cb-clientws/rest/npc/titulo",
			"event": [
				{
					"listen": "prerequest",
					"script": {
						"exec": [
							"var varQrCodeValue = \"qrcode\";\r",
							"var varCpfCnpj = \"2342356345\";\r",
							"var varTipoPessoa = \"Tipo de pessoa\";\r",
							"\r",
							"\r",
							"pm.variables.set(\"qrCodeValue\",varQrCodeValue);\r",
							"pm.variables.set(\"cpfCnpj\",varCpfCnpj);\r",
							"pm.variables.set(\"tipoPessoa\", varTipoPessoa);\r",
							""
						],
						"type": "text/javascript"
					}
				}
			],
			"request": {
				"method": "POST",
				"header": [],
				"body": {
					"mode": "raw",
					"raw": "{\r\n  \"codIndice\": \"\",\r\n  \"usuario\": \"SUPERVISOR\",\r\n  \"senha\": \"00000\",\r\n  \"tipoAutRecDivergente\": \"3\",\r\n  \"tipoVlrPercMinimo\": \"1\",\r\n  \"vlrPercMinimo\": \"100\",\r\n  \"tipoVlrPercMaximo\": \"1\",\r\n  \"vlrPercMaximo\": \"100\",\r\n  \"indPagtoParcial\": \"N\",\r\n  \"qtdPagtosParciais\": \"\",\r\n  \"possuiAgenda\": \"NAO\",\r\n  \"tipoAgendamento\": \"\",\r\n  \"criterioDias\": \"\",\r\n  \"numDiasAgenda\": \"\",\r\n  \"vlrMora\": \"\",\r\n  \"txMora\": \"\",\r\n  \"dataMora\": \"\",\r\n  \"codMora\": \"3\",\r\n  \"vlrMulta\": \"\",\r\n  \"txMulta\": \"\",\r\n  \"dataMulta\": \"\",\r\n  \"codMulta\": \"0\",\r\n  \"dataDesconto1\": \"\",\r\n  \"txDesconto1\": \"\",\r\n  \"vlrDesconto1\": \"\",\r\n  \"codDesconto1\": null,\r\n  \"dataDesconto2\": \"\",\r\n  \"txDesconto2\": \"\",\r\n  \"vlrDesconto2\": \"\",\r\n  \"codDesconto2\": \"0\",\r\n  \"dataDesconto3\": \"\",\r\n  \"txDesconto3\": \"\",\r\n  \"vlrDesconto3\": \"\",\r\n  \"codDesconto3\": \"0\",\r\n  \"mensagem1\": \"\",\r\n  \"mensagem2\": \"\",\r\n  \"mensagem3\": \"\",\r\n  \"mensagem4\": \"\",\r\n  \"mensagem5\": \"\",\r\n  \"campoLivre\": \"Teste Padial\",\r\n  \"nossoNumeroBancos\": \"\",\r\n  \"codModalBancos\": \"\",\r\n  \"nomeSacador\": \"\",\r\n  \"tipoPessoaSacador\": \"\",\r\n  \"cnpjCPFSacador\": \"\",\r\n  \"enderecoSacador\": \"\",\r\n  \"bairroSacador\": \"\",\r\n  \"cepSacador\": \"\",\r\n  \"cidadeSacador\": null,\r\n  \"ufSacador\": null,\r\n  \"nome\": \"ANDRE PADIAL\",\r\n  \"tipoPessoa\": \"1\",\r\n  \"cnpjCPF\": \"33822162809\",\r\n  \"endereco\": \"RUA TESTE PADIAL 1234\",\r\n  \"bairro\": \"BAIRRO III\",\r\n  \"cep\": \"09520660\",\r\n  \"cidade\": \"SAO CAETANO DO SUL\",\r\n  \"uf\": \"SP\",\r\n  \"aceite\": \"NAO\",\r\n  \"seuNumero\": \"082660211203\",\r\n  \"dataEmissao\": \"26/10/2021\",\r\n  \"dataVencimento\": \"27/10/2021\",\r\n  \"ddd\": \"\",\r\n  \"telefone\": \"\",\r\n  \"email\": \"\",\r\n  \"vlrAbatimento\": \"0\",\r\n  \"vlrNominal\": \"15.58\",\r\n  \"codEspecieDoc\": \"02\",\r\n  \"codBanco\": \"0746\",\r\n  \"nossoNumero\": \"\",\r\n  \"numCarteira\": \"112\",\r\n  \"numContaHeader\": \"00000000100000000010\",\r\n  \"codCliente\": \"000000014\"\r\n}",
					"options": {
						"raw": {
							"language": "json"
						}
					}
				},
				"url": {
					"raw": "http://BHWAPP13B-RJ01:8082/cb-clientws/rest/npc/titulo",
					"protocol": "http",
					"host": [
						"BHWAPP13B-RJ01"
					],
					"port": "8082",
					"path": [
						"cb-clientws",
						"rest",
						"npc",
						"titulo"
					]
				}
			},
			"response": [
				{
					"name": "http://bhwapp13b-rj01:8082/cb-clientws/rest/npc/titulo",
					"originalRequest": {
						"method": "GET",
						"header": [],
						"body": {
							"mode": "raw",
							"raw": "\r\n{\r\n  \"codIndice\": \"\",\r\n  \"usuario\": \"SUPERVISOR\",\r\n  \"senha\": \"00000\",\r\n  \"tipoAutRecDivergente\": \"3\",\r\n  \"tipoVlrPercMinimo\": \"1\",\r\n  \"vlrPercMinimo\": \"100\",\r\n  \"tipoVlrPercMaximo\": \"1\",\r\n  \"vlrPercMaximo\": \"100\",\r\n  \"indPagtoParcial\": \"N\",\r\n  \"qtdPagtosParciais\": \"\",\r\n  \"possuiAgenda\": \"NAO\",\r\n  \"tipoAgendamento\": \"\",\r\n  \"criterioDias\": \"\",\r\n  \"numDiasAgenda\": \"\",\r\n  \"vlrMora\": \"\",\r\n  \"txMora\": \"\",\r\n  \"dataMora\": \"\",\r\n  \"codMora\": \"3\",\r\n  \"vlrMulta\": \"\",\r\n  \"txMulta\": \"\",\r\n  \"dataMulta\": \"\",\r\n  \"codMulta\": \"0\",\r\n  \"dataDesconto1\": \"\",\r\n  \"txDesconto1\": \"\",\r\n  \"vlrDesconto1\": \"\",\r\n  \"codDesconto1\": null,\r\n  \"dataDesconto2\": \"\",\r\n  \"txDesconto2\": \"\",\r\n  \"vlrDesconto2\": \"\",\r\n  \"codDesconto2\": \"0\",\r\n  \"dataDesconto3\": \"\",\r\n  \"txDesconto3\": \"\",\r\n  \"vlrDesconto3\": \"\",\r\n  \"codDesconto3\": \"0\",\r\n  \"mensagem1\": \"\",\r\n  \"mensagem2\": \"\",\r\n  \"mensagem3\": \"\",\r\n  \"mensagem4\": \"\",\r\n  \"mensagem5\": \"\",\r\n  \"campoLivre\": \"Teste Padial\",\r\n  \"nossoNumeroBancos\": \"\",\r\n  \"codModalBancos\": \"\",\r\n  \"nomeSacador\": \"\",\r\n  \"tipoPessoaSacador\": \"\",\r\n  \"cnpjCPFSacador\": \"\",\r\n  \"enderecoSacador\": \"\",\r\n  \"bairroSacador\": \"\",\r\n  \"cepSacador\": \"\",\r\n  \"cidadeSacador\": null,\r\n  \"ufSacador\": null,\r\n  \"nome\": \"ANDRE PADIAL\",\r\n  \"tipoPessoa\": \"1\",\r\n  \"cnpjCPF\": \"33822162809\",\r\n  \"endereco\": \"RUA TESTE PADIAL 1234\",\r\n  \"bairro\": \"BAIRRO III\",\r\n  \"cep\": \"09520660\",\r\n  \"cidade\": \"SAO CAETANO DO SUL\",\r\n  \"uf\": \"SP\",\r\n  \"aceite\": \"NAO\",\r\n  \"seuNumero\": \"15648941651\",\r\n  \"dataEmissao\": \"28/09/2021\",\r\n  \"dataVencimento\": \"30/09/2021\",\r\n  \"ddd\": \"\",\r\n  \"telefone\": \"\",\r\n  \"email\": \"\",\r\n  \"vlrAbatimento\": \"0\",\r\n  \"vlrNominal\": \"15.51\",\r\n  \"codEspecieDoc\": \"02\",\r\n  \"codBanco\": \"0746\",\r\n  \"nossoNumero\": \"\",\r\n  \"numCarteira\": \"112\",\r\n  \"numContaHeader\": \"00000000100000000010\",\r\n  \"codCliente\": \"000000001\"\r\n}",
							"options": {
								"raw": {
									"language": "json"
								}
							}
						},
						"url": {
							"raw": "http://corebancario-hmg.modal.net.br:8082/cb-clientws/rest/npc/titulo",
							"protocol": "http",
							"host": [
								"corebancario-hmg",
								"modal",
								"net",
								"br"
							],
							"port": "8082",
							"path": [
								"cb-clientws",
								"rest",
								"npc",
								"titulo"
							]
						}
					},
					"status": "No Content",
					"code": 204,
					"_postman_previewlanguage": "json",
					"header": [
						{
							"key": "Server",
							"value": "Apache-Coyote/1.1"
						},
						{
							"key": "Content-Type",
							"value": "application/json"
						},
						{
							"key": "Date",
							"value": "Tue, 28 Sep 2021 18:56:00 GMT"
						}
					],
					"cookie": [],
					"body": null
				}
			]
		},
		{
			"name": "EmissaoBoleto",
			"protocolProfileBehavior": {
				"disableBodyPruning": true
			},
			"request": {
				"method": "GET",
				"header": [],
				"body": {
					"mode": "raw",
					"raw": "",
					"options": {
						"raw": {
							"language": "json"
						}
					}
				},
				"url": {
					"raw": "http://corebancario-hmg.modal.net.br:8082/cb-clientws/boletos/emissao?codColigada=001&codAgencia=00019&numCarteira=112&nossoNumero=00000032286&usuario=SUPERVISOR&senha=00000",
					"protocol": "http",
					"host": [
						"corebancario-hmg",
						"modal",
						"net",
						"br"
					],
					"port": "8082",
					"path": [
						"cb-clientws",
						"boletos",
						"emissao"
					],
					"query": [
						{
							"key": "codColigada",
							"value": "001"
						},
						{
							"key": "codAgencia",
							"value": "00019"
						},
						{
							"key": "numCarteira",
							"value": "112"
						},
						{
							"key": "nossoNumero",
							"value": "00000032286"
						},
						{
							"key": "usuario",
							"value": "SUPERVISOR"
						},
						{
							"key": "senha",
							"value": "00000"
						}
					]
				}
			},
			"response": []
		}
	]
}