{
	"info": {
		"_postman_id": "a4cba9b4-63b7-4d05-a4c6-36791f42e249",
		"name": "Boletos - HMG 3",
		"schema": "https://schema.getpostman.com/json/collection/v2.1.0/collection.json"
	},
	"item": [
		{
			"name": "http://192.168.55.22:8082/cb-clientws/rest/npc/titulo",
			"request": {
				"method": "POST",
				"header": [],
				"url": {
					"raw": "http://192.168.55.22:8082/cb-clientws/rest/npc/titulo",
					"protocol": "http",
					"host": [
						"192",
						"168",
						"55",
						"22"
					],
					"port": "8082",
					"path": [
						"cb-clientws",
						"rest",
						"npc",
						"titulo"
					]
				}
			},
			"response": []
		}
	]
}