{
	"info": {
		"_postman_id": "aa918e10-ffe2-48cc-ad6f-16a290d5c8af",
		"name": "Boletos - HMG",
		"schema": "https://schema.getpostman.com/json/collection/v2.1.0/collection.json"
	},
	"item": [
		{
			"name": "GeracaoBoleto",
			"request": {
				"method": "POST",
				"header": [],
				"body": {
					"mode": "raw",
					"raw": "{\r\n  \"codIndice\": \"\",\r\n  \"usuario\": \"SUPERVISOR\",\r\n  \"senha\": \"00000\",\r\n  \"tipoAutRecDivergente\": \"3\",\r\n  \"tipoVlrPercMinimo\": \"1\",\r\n  \"vlrPercMinimo\": \"100\",\r\n  \"tipoVlrPercMaximo\": \"1\",\r\n  \"vlrPercMaximo\": \"100\",\r\n  \"indPagtoParcial\": \"N\",\r\n  \"qtdPagtosParciais\": \"\",\r\n  \"possuiAgenda\": \"SIM\",\r\n  \"tipoAgendamento\": \"D\",\r\n  \"criterioDias\": \"1\",\r\n  \"numDiasAgenda\": \"1\",\r\n  \"vlrMora\": \"\",\r\n  \"txMora\": \"\",\r\n  \"dataMora\": \"\",\r\n  \"codMora\": \"3\",\r\n  \"vlrMulta\": \"\",\r\n  \"txMulta\": \"\",\r\n  \"dataMulta\": \"\",\r\n  \"codMulta\": \"0\",\r\n  \"dataDesconto1\": \"\",\r\n  \"txDesconto1\": \"\",\r\n  \"vlrDesconto1\": \"\",\r\n  \"codDesconto1\": null,\r\n  \"dataDesconto2\": \"\",\r\n  \"txDesconto2\": \"\",\r\n  \"vlrDesconto2\": \"\",\r\n  \"codDesconto2\": \"0\",\r\n  \"dataDesconto3\": \"\",\r\n  \"txDesconto3\": \"\",\r\n  \"vlrDesconto3\": \"\",\r\n  \"codDesconto3\": \"0\",\r\n  \"mensagem1\": \"\",\r\n  \"mensagem2\": \"\",\r\n  \"mensagem3\": \"\",\r\n  \"mensagem4\": \"\",\r\n  \"mensagem5\": \"\",\r\n  \"campoLivre\": \"\",\r\n  \"nossoNumeroBancos\": \"\",\r\n  \"codModalBancos\": \"\",\r\n  \"nomeSacador\": \"\",\r\n  \"tipoPessoaSacador\": \"\",\r\n  \"cnpjCPFSacador\": \"\",\r\n  \"enderecoSacador\": \"\",\r\n  \"bairroSacador\": \"\",\r\n  \"cepSacador\": \"\",\r\n  \"cidadeSacador\": null,\r\n  \"ufSacador\": null,\r\n  \"nome\": \"ANDRE PADIAL\",\r\n  \"tipoPessoa\": \"1\",\r\n  \"cnpjCPF\": \"33822162809\",\r\n  \"endereco\": \"RUA PERRELLA, 331 - APTO 203\",\r\n  \"bairro\": \"BAIRRO FUNDACAO\",\r\n  \"cep\": \"09520660\",\r\n  \"cidade\": \"SAO CAETANO DO SUL\",\r\n  \"uf\": \"SP\",\r\n  \"aceite\": \"NAO\",\r\n  \"seuNumero\": \"03052022120741\",\r\n  \"dataEmissao\": \"25/05/2022\",\r\n  \"dataVencimento\": \"26/05/2022\",\r\n  \"ddd\": \"\",\r\n  \"telefone\": \"\",\r\n  \"email\": \"\",\r\n  \"vlrAbatimento\": \"0\",\r\n  \"vlrNominal\": \"13.14\",\r\n  \"codEspecieDoc\": \"02\",\r\n  \"codBanco\": \"0746\",\r\n  \"nossoNumero\": \"\",\r\n  \"numCarteira\": \"112\",\r\n  \"numContaHeader\": \"00000000100000000010\",\r\n  \"codCliente\": \"000000001\"\r\n}",
					"options": {
						"raw": {
							"language": "json"
						}
					}
				},
				"url": {
					"raw": "http://corebancario-hmg.modal.net.br:8082/cb-clientws/rest/npc/titulo",
					"protocol": "http",
					"host": [
						"corebancario-hmg",
						"modal",
						"net",
						"br"
					],
					"port": "8082",
					"path": [
						"cb-clientws",
						"rest",
						"npc",
						"titulo"
					]
				}
			},
			"response": []
		},
		{
			"name": "BaixaBoleto",
			"request": {
				"method": "POST",
				"header": [],
				"body": {
					"mode": "raw",
					"raw": "{\r\n  \"codColigada\": \"001\",\r\n  \"codAgencia\": \"00019\",\r\n  \"numCarteira\": \"112\",\r\n  \"nossoNumero\": \"00000035651\",\r\n  \"dataBaixa\": \"09/05/2022\",\r\n  \"codBaixa\": \"49\",\r\n  \"cobrarTarifa\": \"NAO\",\r\n  \"formaCadastramento\": \"E\",\r\n  \"usuario\": \"SUPERVISOR\",\r\n  \"senha\": \"00000\"\r\n}",
					"options": {
						"raw": {
							"language": "json"
						}
					}
				},
				"url": {
					"raw": "http://corebancario-hmg.modal.net.br:8082/cb-clientws/rest/cb/baixa",
					"protocol": "http",
					"host": [
						"corebancario-hmg",
						"modal",
						"net",
						"br"
					],
					"port": "8082",
					"path": [
						"cb-clientws",
						"rest",
						"cb",
						"baixa"
					]
				}
			},
			"response": []
		},
		{
			"name": "Geração Boleto - Sem Agenda",
			"request": {
				"method": "POST",
				"header": [],
				"body": {
					"mode": "raw",
					"raw": "{\r\n  \"codIndice\": \"\",\r\n  \"usuario\": \"SUPERVISOR\",\r\n  \"senha\": \"00000\",\r\n  \"tipoAutRecDivergente\": \"3\",\r\n  \"tipoVlrPercMinimo\": \"1\",\r\n  \"vlrPercMinimo\": \"100\",\r\n  \"tipoVlrPercMaximo\": \"1\",\r\n  \"vlrPercMaximo\": \"100\",\r\n  \"indPagtoParcial\": \"N\",\r\n  \"qtdPagtosParciais\": \"\",\r\n  \"possuiAgenda\": \"NAO\",\r\n  \"tipoAgendamento\": \"\",\r\n  \"criterioDias\": \"\",\r\n  \"numDiasAgenda\": \"\",\r\n  \"vlrMora\": \"\",\r\n  \"txMora\": \"1.0\",\r\n  \"dataMora\": \"30/04/2022\",\r\n  \"codMora\": \"2\",\r\n  \"vlrMulta\": \"\",\r\n  \"txMulta\": \"2.5\",\r\n  \"dataMulta\": \"30/04/2022\",\r\n  \"codMulta\": \"2\",\r\n  \"dataDesconto1\": \"\",\r\n  \"txDesconto1\": \"\",\r\n  \"vlrDesconto1\": \"\",\r\n  \"codDesconto1\": \"0\",\r\n  \"dataDesconto2\": \"\",\r\n  \"txDesconto2\": \"\",\r\n  \"vlrDesconto2\": \"\",\r\n  \"codDesconto2\": \"0\",\r\n  \"dataDesconto3\": \"\",\r\n  \"txDesconto3\": \"\",\r\n  \"vlrDesconto3\": \"\",\r\n  \"codDesconto3\": \"0\",\r\n  \"mensagem1\": \"Teste Padial - Geração de boleto\",\r\n  \"mensagem2\": \"\",\r\n  \"mensagem3\": \"\",\r\n  \"mensagem4\": \"\",\r\n  \"mensagem5\": \"\",\r\n  \"campoLivre\": \"\",\r\n  \"nossoNumeroBancos\": \"\",\r\n  \"codModalBancos\": \"\",\r\n  \"nomeSacador\": \"\",\r\n  \"tipoPessoaSacador\": \"\",\r\n  \"cnpjCPFSacador\": \"\",\r\n  \"enderecoSacador\": \"\",\r\n  \"bairroSacador\": \"\",\r\n  \"cepSacador\": \"\",\r\n  \"cidadeSacador\": null,\r\n  \"ufSacador\": null,\r\n  \"nome\": \"ANDRE PADIAL\",\r\n  \"tipoPessoa\": \"1\",\r\n  \"cnpjCPF\": \"33822162809\",\r\n  \"endereco\": \"RUA TESTE PADIAL 1234\",\r\n  \"bairro\": \"BAIRRO III\",\r\n  \"cep\": \"09520660\",\r\n  \"cidade\": \"SAO CAETANO DO SUL\",\r\n  \"uf\": \"SP\",\r\n  \"aceite\": \"NAO\",\r\n  \"seuNumero\": \"19042022111033\",\r\n  \"dataEmissao\": \"28/04/2022\",\r\n  \"dataVencimento\": \"29/04/2022\",\r\n  \"ddd\": \"\",\r\n  \"telefone\": \"\",\r\n  \"email\": \"\",\r\n  \"vlrAbatimento\": \"0\",\r\n  \"vlrNominal\": \"14.52\",\r\n  \"codEspecieDoc\": \"02\",\r\n  \"codBanco\": \"0746\",\r\n  \"nossoNumero\": \"\",\r\n  \"numCarteira\": \"112\",\r\n  \"numContaHeader\": \"00000000100000000010\",\r\n  \"codCliente\": \"000000001\"\r\n}",
					"options": {
						"raw": {
							"language": "json"
						}
					}
				},
				"url": {
					"raw": "http://corebancario-hmg.modal.net.br:8082/cb-clientws/rest/npc/titulo",
					"protocol": "http",
					"host": [
						"corebancario-hmg",
						"modal",
						"net",
						"br"
					],
					"port": "8082",
					"path": [
						"cb-clientws",
						"rest",
						"npc",
						"titulo"
					]
				}
			},
			"response": []
		}
	]
}