<?xml version="1.0" encoding="UTF-8"?>
<con:soapui-project id="d11c712c-907c-49ac-8d59-c2f81bc2b52a" activeEnvironment="Default" name="CB HMG - Soap" soapui-version="5.6.0" abortOnError="false" runType="SEQUENTIAL" xmlns:con="http://eviware.com/soapui/config"><con:settings/><con:interface xsi:type="con:WsdlInterface" id="3a65981f-c329-4b9e-8b15-59d1dadee34c" wsaVersion="NONE" name="CBServicesBoletosSoapBinding" type="wsdl" bindingName="{http://autbank.com.br}CBServicesBoletosSoapBinding" soapVersion="1_1" anonymous="optional" definition="http://corebancario-hmg.modal.net.br:8082/ABCBWS/services/CBServicesBoletos?wsdl" xmlns:xsi="http://www.w3.org/2001/XMLSchema-instance"><con:settings/><con:definitionCache type="TEXT" rootPart="http://corebancario-hmg.modal.net.br:8082/ABCBWS/services/CBServicesBoletos?wsdl"><con:part><con:url>http://corebancario-hmg.modal.net.br:8082/ABCBWS/services/CBServicesBoletos?wsdl</con:url><con:content><![CDATA[<wsdl:definitions targetNamespace="http://autbank.com.br" xmlns:apachesoap="http://xml.apache.org/xml-soap" xmlns:impl="http://autbank.com.br" xmlns:intf="http://autbank.com.br" xmlns:wsdl="http://schemas.xmlsoap.org/wsdl/" xmlns:wsdlsoap="http://schemas.xmlsoap.org/wsdl/soap/" xmlns:xsd="http://www.w3.org/2001/XMLSchema">
  <!--WSDL created by Apache Axis version: 1.4
Built on Apr 22, 2006 (06:55:48 PDT)-->
  <wsdl:types>
    <schema elementFormDefault="qualified" targetNamespace="http://autbank.com.br" xmlns="http://www.w3.org/2001/XMLSchema">
      <element name="emissaoBoletoIndividual">
        <complexType>
          <sequence>
            <element name="codColigada" type="xsd:string"/>
            <element name="codAgencia" type="xsd:string"/>
            <element name="numCarteira" type="xsd:string"/>
            <element name="nossoNumero" type="xsd:string"/>
            <element name="usuario" type="xsd:string"/>
            <element name="senha" type="xsd:string"/>
          </sequence>
        </complexType>
      </element>
      <element name="emissaoBoletoIndividualResponse">
        <complexType>
          <sequence>
            <element name="emissaoBoletoIndividualReturn" type="xsd:string"/>
          </sequence>
        </complexType>
      </element>
      <complexType name="TEException">
        <sequence>
          <element name="codErro" nillable="true" type="xsd:string"/>
          <element name="mensagem" nillable="true" type="xsd:string"/>
        </sequence>
      </complexType>
      <element name="fault" type="impl:TEException"/>
      <element name="emissaoBoletoComImagem">
        <complexType>
          <sequence>
            <element name="codColigada" type="xsd:string"/>
            <element name="codAgencia" type="xsd:string"/>
            <element name="numCarteira" type="xsd:string"/>
            <element name="nossoNumero" type="xsd:string"/>
            <element name="usuario" type="xsd:string"/>
            <element name="senha" type="xsd:string"/>
          </sequence>
        </complexType>
      </element>
      <element name="emissaoBoletoComImagemResponse">
        <complexType>
          <sequence>
            <element name="emissaoBoletoComImagemReturn" type="impl:TOEmitirBoletoComImagem"/>
          </sequence>
        </complexType>
      </element>
      <complexType name="TOEmitirBoletoComImagem">
        <sequence>
          <element name="boletoImagem" nillable="true" type="xsd:string"/>
          <element name="boletoPDF" nillable="true" type="xsd:string"/>
        </sequence>
      </complexType>
    </schema>
  </wsdl:types>
  <wsdl:message name="emissaoBoletoComImagemRequest">
    <wsdl:part element="impl:emissaoBoletoComImagem" name="parameters"/>
  </wsdl:message>
  <wsdl:message name="TEException">
    <wsdl:part element="impl:fault" name="fault"/>
  </wsdl:message>
  <wsdl:message name="emissaoBoletoComImagemResponse">
    <wsdl:part element="impl:emissaoBoletoComImagemResponse" name="parameters"/>
  </wsdl:message>
  <wsdl:message name="emissaoBoletoIndividualResponse">
    <wsdl:part element="impl:emissaoBoletoIndividualResponse" name="parameters"/>
  </wsdl:message>
  <wsdl:message name="emissaoBoletoIndividualRequest">
    <wsdl:part element="impl:emissaoBoletoIndividual" name="parameters"/>
  </wsdl:message>
  <wsdl:portType name="CBServicesBoletos">
    <wsdl:operation name="emissaoBoletoIndividual">
      <wsdl:input message="impl:emissaoBoletoIndividualRequest" name="emissaoBoletoIndividualRequest"/>
      <wsdl:output message="impl:emissaoBoletoIndividualResponse" name="emissaoBoletoIndividualResponse"/>
      <wsdl:fault message="impl:TEException" name="TEException"/>
    </wsdl:operation>
    <wsdl:operation name="emissaoBoletoComImagem">
      <wsdl:input message="impl:emissaoBoletoComImagemRequest" name="emissaoBoletoComImagemRequest"/>
      <wsdl:output message="impl:emissaoBoletoComImagemResponse" name="emissaoBoletoComImagemResponse"/>
      <wsdl:fault message="impl:TEException" name="TEException"/>
    </wsdl:operation>
  </wsdl:portType>
  <wsdl:binding name="CBServicesBoletosSoapBinding" type="impl:CBServicesBoletos">
    <wsdlsoap:binding style="document" transport="http://schemas.xmlsoap.org/soap/http"/>
    <wsdl:operation name="emissaoBoletoIndividual">
      <wsdlsoap:operation soapAction=""/>
      <wsdl:input name="emissaoBoletoIndividualRequest">
        <wsdlsoap:body use="literal"/>
      </wsdl:input>
      <wsdl:output name="emissaoBoletoIndividualResponse">
        <wsdlsoap:body use="literal"/>
      </wsdl:output>
      <wsdl:fault name="TEException">
        <wsdlsoap:fault name="TEException" use="literal"/>
      </wsdl:fault>
    </wsdl:operation>
    <wsdl:operation name="emissaoBoletoComImagem">
      <wsdlsoap:operation soapAction=""/>
      <wsdl:input name="emissaoBoletoComImagemRequest">
        <wsdlsoap:body use="literal"/>
      </wsdl:input>
      <wsdl:output name="emissaoBoletoComImagemResponse">
        <wsdlsoap:body use="literal"/>
      </wsdl:output>
      <wsdl:fault name="TEException">
        <wsdlsoap:fault name="TEException" use="literal"/>
      </wsdl:fault>
    </wsdl:operation>
  </wsdl:binding>
  <wsdl:service name="CBServicesBoletosService">
    <wsdl:port binding="impl:CBServicesBoletosSoapBinding" name="CBServicesBoletos">
      <wsdlsoap:address location="http://corebancario-hmg.modal.net.br:8082/ABCBWS/services/CBServicesBoletos"/>
    </wsdl:port>
  </wsdl:service>
</wsdl:definitions>]]></con:content><con:type>http://schemas.xmlsoap.org/wsdl/</con:type></con:part></con:definitionCache><con:endpoints><con:endpoint>http://corebancario-hmg.modal.net.br:8082/ABCBWS/services/CBServicesBoletos</con:endpoint></con:endpoints><con:operation id="106d93e0-b050-43f3-a34c-9eba12d8e0ed" isOneWay="false" action="" name="emissaoBoletoComImagem" bindingOperationName="emissaoBoletoComImagem" type="Request-Response" outputName="emissaoBoletoComImagemResponse" inputName="emissaoBoletoComImagemRequest" receivesAttachments="false" sendsAttachments="false" anonymous="optional"><con:settings/><con:call id="fd12208a-a793-49f8-af86-448aa71039b9" name="Request 1"><con:settings/><con:encoding>UTF-8</con:encoding><con:endpoint>http://corebancario-hmg.modal.net.br:8082/ABCBWS/services/CBServicesBoletos</con:endpoint><con:request><![CDATA[<soapenv:Envelope xmlns:soapenv="http://schemas.xmlsoap.org/soap/envelope/" xmlns:aut="http://autbank.com.br">\r
   <soapenv:Header/>\r
   <soapenv:Body>\r
      <aut:emissaoBoletoComImagem>\r
         <aut:codColigada>?</aut:codColigada>\r
         <aut:codAgencia>?</aut:codAgencia>\r
         <aut:numCarteira>?</aut:numCarteira>\r
         <aut:nossoNumero>?</aut:nossoNumero>\r
         <aut:usuario>?</aut:usuario>\r
         <aut:senha>?</aut:senha>\r
      </aut:emissaoBoletoComImagem>\r
   </soapenv:Body>\r
</soapenv:Envelope>]]></con:request><con:wsaConfig mustUnderstand="NONE" version="200508" action="http://autbank.com.br/CBServicesBoletos/emissaoBoletoComImagemRequest"/></con:call></con:operation><con:operation id="a95b32e2-6412-4c0b-bc4e-c93084e24ac1" isOneWay="false" action="" name="emissaoBoletoIndividual" bindingOperationName="emissaoBoletoIndividual" type="Request-Response" outputName="emissaoBoletoIndividualResponse" inputName="emissaoBoletoIndividualRequest" receivesAttachments="false" sendsAttachments="false" anonymous="optional"><con:settings/><con:call id="1aff176d-688d-453e-9ac6-2b8f6925436a" name="Request 1"><con:settings><con:setting id="com.eviware.soapui.impl.wsdl.WsdlRequest@request-headers">&lt;xml-fragment/></con:setting></con:settings><con:encoding>UTF-8</con:encoding><con:endpoint>http://corebancario-hmg.modal.net.br:8082/ABCBWS/services/CBServicesBoletos</con:endpoint><con:request><![CDATA[<soapenv:Envelope xmlns:soapenv="http://schemas.xmlsoap.org/soap/envelope/" xmlns:aut="http://autbank.com.br">\r
   <soapenv:Header/>\r
   <soapenv:Body>\r
      <aut:emissaoBoletoIndividual>\r
         <aut:codColigada>001</aut:codColigada>\r
         <aut:codAgencia>00019</aut:codAgencia>\r
         <aut:numCarteira>112</aut:numCarteira>\r
         <aut:nossoNumero>00000030280</aut:nossoNumero>\r
         <aut:usuario>f000908</aut:usuario>\r
         <aut:senha>Coluna2021</aut:senha>\r
      </aut:emissaoBoletoIndividual>\r
   </soapenv:Body>\r
</soapenv:Envelope>]]></con:request><con:credentials><con:authType>No Authorization</con:authType></con:credentials><con:jmsConfig JMSDeliveryMode="PERSISTENT"/><con:jmsPropertyConfig/><con:wsaConfig mustUnderstand="NONE" version="200508" action="http://autbank.com.br/CBServicesBoletos/emissaoBoletoIndividualRequest"/><con:wsrmConfig version="1.2"/></con:call></con:operation></con:interface><con:properties/><con:wssContainer/><con:oAuth2ProfileContainer/><con:oAuth1ProfileContainer/></con:soapui-project>