<?xml version="1.0" encoding="UTF-8"?>
<con:soapui-project id="7a153df3-b9e3-4e91-a9ae-02d93956610e" activeEnvironment="Default" name="Cobranca HMG - Version" soapui-version="5.6.0" abortOnError="false" runType="SEQUENTIAL" xmlns:con="http://eviware.com/soapui/config"><con:settings/><con:interface xsi:type="con:WsdlInterface" id="bde302c4-be46-4dee-8f0e-d652cc8026d3" wsaVersion="NONE" name="VersionSoapBinding" type="wsdl" bindingName="{http://corebancario-hmg.modal.net.br:8082/cb-clientws/services/Version}VersionSoapBinding" soapVersion="1_1" anonymous="optional" definition="http://corebancario-hmg.modal.net.br:8082/cb-clientws/services/Version?wsdl" xmlns:xsi="http://www.w3.org/2001/XMLSchema-instance"><con:settings/><con:definitionCache type="TEXT" rootPart="http://corebancario-hmg.modal.net.br:8082/cb-clientws/services/Version?wsdl"><con:part><con:url>http://corebancario-hmg.modal.net.br:8082/cb-clientws/services/Version?wsdl</con:url><con:content><![CDATA[<wsdl:definitions targetNamespace="http://corebancario-hmg.modal.net.br:8082/cb-clientws/services/Version" xmlns:apachesoap="http://xml.apache.org/xml-soap" xmlns:impl="http://corebancario-hmg.modal.net.br:8082/cb-clientws/services/Version" xmlns:intf="http://corebancario-hmg.modal.net.br:8082/cb-clientws/services/Version" xmlns:soapenc="http://schemas.xmlsoap.org/soap/encoding/" xmlns:wsdl="http://schemas.xmlsoap.org/wsdl/" xmlns:wsdlsoap="http://schemas.xmlsoap.org/wsdl/soap/" xmlns:xsd="http://www.w3.org/2001/XMLSchema">
  <!--WSDL created by Apache Axis version: 1.4
Built on Apr 22, 2006 (06:55:48 PDT)-->
  <wsdl:message name="getVersionRequest"></wsdl:message>
  <wsdl:message name="getVersionResponse">
    <wsdl:part name="getVersionReturn" type="xsd:string"/>
  </wsdl:message>
  <wsdl:portType name="Version">
    <wsdl:operation name="getVersion">
      <wsdl:input message="impl:getVersionRequest" name="getVersionRequest"/>
      <wsdl:output message="impl:getVersionResponse" name="getVersionResponse"/>
    </wsdl:operation>
  </wsdl:portType>
  <wsdl:binding name="VersionSoapBinding" type="impl:Version">
    <wsdlsoap:binding style="rpc" transport="http://schemas.xmlsoap.org/soap/http"/>
    <wsdl:operation name="getVersion">
      <wsdlsoap:operation soapAction=""/>
      <wsdl:input name="getVersionRequest">
        <wsdlsoap:body encodingStyle="http://schemas.xmlsoap.org/soap/encoding/" namespace="http://axis.apache.org" use="encoded"/>
      </wsdl:input>
      <wsdl:output name="getVersionResponse">
        <wsdlsoap:body encodingStyle="http://schemas.xmlsoap.org/soap/encoding/" namespace="http://corebancario-hmg.modal.net.br:8082/cb-clientws/services/Version" use="encoded"/>
      </wsdl:output>
    </wsdl:operation>
  </wsdl:binding>
  <wsdl:service name="VersionService">
    <wsdl:port binding="impl:VersionSoapBinding" name="Version">
      <wsdlsoap:address location="http://corebancario-hmg.modal.net.br:8082/cb-clientws/services/Version"/>
    </wsdl:port>
  </wsdl:service>
</wsdl:definitions>]]></con:content><con:type>http://schemas.xmlsoap.org/wsdl/</con:type></con:part></con:definitionCache><con:endpoints><con:endpoint>http://corebancario-hmg.modal.net.br:8082/cb-clientws/services/Version</con:endpoint></con:endpoints><con:operation id="75cfd7da-bfa3-478f-a40f-631d44abf86b" isOneWay="false" action="" name="getVersion" bindingOperationName="getVersion" type="Request-Response" outputName="getVersionResponse" inputName="getVersionRequest" receivesAttachments="false" sendsAttachments="false" anonymous="optional"><con:settings/><con:call id="c98e4516-6796-4459-9fb3-8241f127ea61" name="Request 1"><con:settings><con:setting id="com.eviware.soapui.impl.wsdl.WsdlRequest@request-headers">&lt;xml-fragment/></con:setting></con:settings><con:encoding>UTF-8</con:encoding><con:endpoint>http://corebancario-hmg.modal.net.br:8082/cb-clientws/services/Version</con:endpoint><con:request><![CDATA[<soapenv:Envelope xmlns:xsi="http://www.w3.org/2001/XMLSchema-instance" xmlns:xsd="http://www.w3.org/2001/XMLSchema" xmlns:soapenv="http://schemas.xmlsoap.org/soap/envelope/" xmlns:axis="http://axis.apache.org">\r
   <soapenv:Header/>\r
   <soapenv:Body>\r
      <axis:getVersion soapenv:encodingStyle="http://schemas.xmlsoap.org/soap/encoding/"/>\r
   </soapenv:Body>\r
</soapenv:Envelope>]]></con:request><con:credentials><con:authType>No Authorization</con:authType></con:credentials><con:jmsConfig JMSDeliveryMode="PERSISTENT"/><con:jmsPropertyConfig/><con:wsaConfig mustUnderstand="NONE" version="200508" action="http://corebancario-hmg.modal.net.br:8082/cb-clientws/services/Version/Version/getVersionRequest"/><con:wsrmConfig version="1.2"/></con:call></con:operation></con:interface><con:properties/><con:wssContainer/><con:oAuth2ProfileContainer/><con:oAuth1ProfileContainer/></con:soapui-project>