<?xml version="1.0" encoding="UTF-8"?>
<con:soapui-project id="45f38680-b0fb-4b6d-ba50-ef0544e7293c" activeEnvironment="Default" name="Emissao Boletos WS - HMG" soapui-version="5.6.0" abortOnError="false" runType="SEQUENTIAL" xmlns:con="http://eviware.com/soapui/config"><con:settings/><con:interface xsi:type="con:WsdlInterface" id="f2a759d3-0c64-48cf-9424-6d18cd6401d0" wsaVersion="NONE" name="CBServicesBoletosSoapBinding" type="wsdl" bindingName="{http://client.autbank.com.br}CBServicesBoletosSoapBinding" soapVersion="1_1" anonymous="optional" definition="http://corebancario-hmg.modal.net.br:8082/cb-clientws/services/CBServicesBoletos?wsdl" xmlns:xsi="http://www.w3.org/2001/XMLSchema-instance"><con:settings/><con:definitionCache type="TEXT" rootPart="http://corebancario-hmg.modal.net.br:8082/cb-clientws/services/CBServicesBoletos?wsdl"><con:part><con:url>http://corebancario-hmg.modal.net.br:8082/cb-clientws/services/CBServicesBoletos?wsdl</con:url><con:content><![CDATA[<wsdl:definitions targetNamespace="http://client.autbank.com.br" xmlns:apachesoap="http://xml.apache.org/xml-soap" xmlns:impl="http://client.autbank.com.br" xmlns:intf="http://client.autbank.com.br" xmlns:wsdl="http://schemas.xmlsoap.org/wsdl/" xmlns:wsdlsoap="http://schemas.xmlsoap.org/wsdl/soap/" xmlns:xsd="http://www.w3.org/2001/XMLSchema">
  <!--WSDL created by Apache Axis version: 1.4
Built on Apr 22, 2006 (06:55:48 PDT)-->
  <wsdl:types>
    <schema elementFormDefault="qualified" targetNamespace="http://client.autbank.com.br" xmlns="http://www.w3.org/2001/XMLSchema">
      <element name="emissaoBoletoIndividual">
        <complexType>
          <sequence>
            <element name="codColigada" type="xsd:string"/>
            <element name="codAgencia" type="xsd:string"/>
            <element name="numCarteira" type="xsd:string"/>
            <element name="nossoNumero" type="xsd:string"/>
            <element name="usuario" type="xsd:string"/>
            <element name="senha" type="xsd:string"/>
          </sequence>
        </complexType>
      </element>
      <element name="emissaoBoletoIndividualResponse">
        <complexType>
          <sequence>
            <element name="emissaoBoletoIndividualReturn" type="xsd:string"/>
          </sequence>
        </complexType>
      </element>
      <complexType name="TEException">
        <sequence>
          <element name="codErro" nillable="true" type="xsd:string"/>
          <element name="mensagem" nillable="true" type="xsd:string"/>
        </sequence>
      </complexType>
      <element name="fault" type="impl:TEException"/>
      <element name="incluirEmitirBoleto">
        <complexType>
          <sequence>
            <element name="codCliente" type="xsd:string"/>
            <element name="numContaHeader" type="xsd:string"/>
            <element name="numCarteira" type="xsd:string"/>
            <element name="nossoNumero" type="xsd:string"/>
            <element name="codBanco" type="xsd:string"/>
            <element name="codModalBancos" type="xsd:string"/>
            <element name="nossoNumeroBancos" type="xsd:string"/>
            <element name="codEspecieDoc" type="xsd:string"/>
            <element name="vlrNominal" type="xsd:decimal"/>
            <element name="vlrAbatimento" type="xsd:decimal"/>
            <element name="dataEmissao" type="xsd:string"/>
            <element name="dataVencimento" type="xsd:string"/>
            <element name="seuNumero" type="xsd:string"/>
            <element name="aceite" type="xsd:string"/>
            <element name="cnpjCPF" type="xsd:string"/>
            <element name="tipoPessoa" type="xsd:string"/>
            <element name="nome" type="xsd:string"/>
            <element name="endereco" type="xsd:string"/>
            <element name="bairro" type="xsd:string"/>
            <element name="cidade" type="xsd:string"/>
            <element name="uf" type="xsd:string"/>
            <element name="cep" type="xsd:string"/>
            <element name="email" type="xsd:string"/>
            <element name="ddd" type="xsd:string"/>
            <element name="telefone" type="xsd:string"/>
            <element name="campoLivre" type="xsd:string"/>
            <element name="tipoPessoaSacador" type="xsd:string"/>
            <element name="cnpjCPFSacador" type="xsd:string"/>
            <element name="nomeSacador" type="xsd:string"/>
            <element name="enderecoSacador" type="xsd:string"/>
            <element name="bairroSacador" type="xsd:string"/>
            <element name="cepSacador" type="xsd:string"/>
            <element name="cidadeSacador" type="xsd:string"/>
            <element name="ufSacador" type="xsd:string"/>
            <element name="mensagem1" type="xsd:string"/>
            <element name="mensagem2" type="xsd:string"/>
            <element name="mensagem3" type="xsd:string"/>
            <element name="mensagem4" type="xsd:string"/>
            <element name="mensagem5" type="xsd:string"/>
            <element name="codDesconto1" type="xsd:string"/>
            <element name="vlrDesconto1" type="xsd:decimal"/>
            <element name="txDesconto1" type="xsd:decimal"/>
            <element name="dataDesconto1" type="xsd:string"/>
            <element name="codDesconto2" type="xsd:string"/>
            <element name="vlrDesconto2" type="xsd:decimal"/>
            <element name="txDesconto2" type="xsd:decimal"/>
            <element name="dataDesconto2" type="xsd:string"/>
            <element name="codDesconto3" type="xsd:string"/>
            <element name="vlrDesconto3" type="xsd:decimal"/>
            <element name="txDesconto3" type="xsd:decimal"/>
            <element name="dataDesconto3" type="xsd:string"/>
            <element name="codMulta" type="xsd:string"/>
            <element name="dataMulta" type="xsd:string"/>
            <element name="txMulta" type="xsd:decimal"/>
            <element name="vlrMulta" type="xsd:decimal"/>
            <element name="codMora" type="xsd:string"/>
            <element name="dataMora" type="xsd:string"/>
            <element name="txMora" type="xsd:decimal"/>
            <element name="vlrMora" type="xsd:decimal"/>
            <element name="possuiAgenda" type="xsd:string"/>
            <element name="tipoAgendamento" type="xsd:string"/>
            <element name="criterioDias" type="xsd:string"/>
            <element name="numDiasAgenda" type="xsd:int"/>
            <element name="codIndice" type="xsd:string"/>
            <element name="indPagtoParcial" type="xsd:string"/>
            <element name="qtdPagtosParciais" type="xsd:int"/>
            <element name="tipoVlrPercMinimo" type="xsd:string"/>
            <element name="vlrPercMinimo" type="xsd:decimal"/>
            <element name="tipoVlrPercMaximo" type="xsd:string"/>
            <element name="vlrPercMaximo" type="xsd:decimal"/>
            <element name="tipoAutRecDivergente" type="xsd:string"/>
            <element name="usuario" type="xsd:string"/>
            <element name="senha" type="xsd:string"/>
          </sequence>
        </complexType>
      </element>
      <element name="incluirEmitirBoletoResponse">
        <complexType>
          <sequence>
            <element name="incluirEmitirBoletoReturn" type="impl:TOIncluirEmitirBoleto"/>
          </sequence>
        </complexType>
      </element>
      <complexType name="TOIncluirEmitirBoleto">
        <sequence>
          <element name="boletoImagem" nillable="true" type="xsd:string"/>
          <element name="boletoPDF" nillable="true" type="xsd:string"/>
          <element name="linhaDigitavel" nillable="true" type="xsd:string"/>
        </sequence>
      </complexType>
    </schema>
  </wsdl:types>
  <wsdl:message name="incluirEmitirBoletoResponse">
    <wsdl:part element="impl:incluirEmitirBoletoResponse" name="parameters"/>
  </wsdl:message>
  <wsdl:message name="TEException">
    <wsdl:part element="impl:fault" name="fault"/>
  </wsdl:message>
  <wsdl:message name="emissaoBoletoIndividualResponse">
    <wsdl:part element="impl:emissaoBoletoIndividualResponse" name="parameters"/>
  </wsdl:message>
  <wsdl:message name="emissaoBoletoIndividualRequest">
    <wsdl:part element="impl:emissaoBoletoIndividual" name="parameters"/>
  </wsdl:message>
  <wsdl:message name="incluirEmitirBoletoRequest">
    <wsdl:part element="impl:incluirEmitirBoleto" name="parameters"/>
  </wsdl:message>
  <wsdl:portType name="CBServicesBoletos">
    <wsdl:operation name="emissaoBoletoIndividual">
      <wsdl:input message="impl:emissaoBoletoIndividualRequest" name="emissaoBoletoIndividualRequest"/>
      <wsdl:output message="impl:emissaoBoletoIndividualResponse" name="emissaoBoletoIndividualResponse"/>
      <wsdl:fault message="impl:TEException" name="TEException"/>
    </wsdl:operation>
    <wsdl:operation name="incluirEmitirBoleto">
      <wsdl:input message="impl:incluirEmitirBoletoRequest" name="incluirEmitirBoletoRequest"/>
      <wsdl:output message="impl:incluirEmitirBoletoResponse" name="incluirEmitirBoletoResponse"/>
      <wsdl:fault message="impl:TEException" name="TEException"/>
    </wsdl:operation>
  </wsdl:portType>
  <wsdl:binding name="CBServicesBoletosSoapBinding" type="impl:CBServicesBoletos">
    <wsdlsoap:binding style="document" transport="http://schemas.xmlsoap.org/soap/http"/>
    <wsdl:operation name="emissaoBoletoIndividual">
      <wsdlsoap:operation soapAction=""/>
      <wsdl:input name="emissaoBoletoIndividualRequest">
        <wsdlsoap:body use="literal"/>
      </wsdl:input>
      <wsdl:output name="emissaoBoletoIndividualResponse">
        <wsdlsoap:body use="literal"/>
      </wsdl:output>
      <wsdl:fault name="TEException">
        <wsdlsoap:fault name="TEException" use="literal"/>
      </wsdl:fault>
    </wsdl:operation>
    <wsdl:operation name="incluirEmitirBoleto">
      <wsdlsoap:operation soapAction=""/>
      <wsdl:input name="incluirEmitirBoletoRequest">
        <wsdlsoap:body use="literal"/>
      </wsdl:input>
      <wsdl:output name="incluirEmitirBoletoResponse">
        <wsdlsoap:body use="literal"/>
      </wsdl:output>
      <wsdl:fault name="TEException">
        <wsdlsoap:fault name="TEException" use="literal"/>
      </wsdl:fault>
    </wsdl:operation>
  </wsdl:binding>
  <wsdl:service name="CBServicesBoletosService">
    <wsdl:port binding="impl:CBServicesBoletosSoapBinding" name="CBServicesBoletos">
      <wsdlsoap:address location="http://corebancario-hmg.modal.net.br:8082/cb-clientws/services/CBServicesBoletos"/>
    </wsdl:port>
  </wsdl:service>
</wsdl:definitions>]]></con:content><con:type>http://schemas.xmlsoap.org/wsdl/</con:type></con:part></con:definitionCache><con:endpoints><con:endpoint>http://corebancario-hmg.modal.net.br:8082/cb-clientws/services/CBServicesBoletos</con:endpoint></con:endpoints><con:operation id="218cf210-9d81-4d05-9701-38b458cdc7f3" isOneWay="false" action="" name="emissaoBoletoIndividual" bindingOperationName="emissaoBoletoIndividual" type="Request-Response" outputName="emissaoBoletoIndividualResponse" inputName="emissaoBoletoIndividualRequest" receivesAttachments="false" sendsAttachments="false" anonymous="optional"><con:settings/><con:call id="2da89b62-8092-4cd9-acaf-9ca4e0e500cf" name="Request 1"><con:settings><con:setting id="com.eviware.soapui.impl.wsdl.WsdlRequest@request-headers">&lt;xml-fragment/></con:setting></con:settings><con:encoding>UTF-8</con:encoding><con:endpoint>http://corebancario-hmg.modal.net.br:8082/cb-clientws/services/CBServicesBoletos</con:endpoint><con:request><![CDATA[<soapenv:Envelope xmlns:soapenv="http://schemas.xmlsoap.org/soap/envelope/" xmlns:cli="http://client.autbank.com.br">\r
   <soapenv:Header/>\r
   <soapenv:Body>\r
      <cli:emissaoBoletoIndividual>\r
         <cli:codColigada>001</cli:codColigada>\r
         <cli:codAgencia>00019</cli:codAgencia>\r
         <cli:numCarteira>112</cli:numCarteira>\r
         <cli:nossoNumero>00000032286</cli:nossoNumero>\r
         <cli:usuario>SUPERVISOR</cli:usuario>\r
         <cli:senha>00000</cli:senha>\r
      </cli:emissaoBoletoIndividual>\r
   </soapenv:Body>\r
</soapenv:Envelope>]]></con:request><con:credentials><con:authType>No Authorization</con:authType></con:credentials><con:jmsConfig JMSDeliveryMode="PERSISTENT"/><con:jmsPropertyConfig/><con:wsaConfig mustUnderstand="NONE" version="200508" action="http://client.autbank.com.br/CBServicesBoletos/emissaoBoletoIndividualRequest"/><con:wsrmConfig version="1.2"/></con:call></con:operation><con:operation id="ea8695e9-a824-4a3c-bd53-434f7d36c28b" isOneWay="false" action="" name="incluirEmitirBoleto" bindingOperationName="incluirEmitirBoleto" type="Request-Response" outputName="incluirEmitirBoletoResponse" inputName="incluirEmitirBoletoRequest" receivesAttachments="false" sendsAttachments="false" anonymous="optional"><con:settings/><con:call id="23f999ea-a189-4ed4-b42c-808ab0542355" name="Request 1"><con:settings/><con:encoding>UTF-8</con:encoding><con:endpoint>http://corebancario-hmg.modal.net.br:8082/cb-clientws/services/CBServicesBoletos</con:endpoint><con:request><![CDATA[<soapenv:Envelope xmlns:soapenv="http://schemas.xmlsoap.org/soap/envelope/" xmlns:cli="http://client.autbank.com.br">\r
   <soapenv:Header/>\r
   <soapenv:Body>\r
      <cli:incluirEmitirBoleto>\r
         <cli:codCliente>?</cli:codCliente>\r
         <cli:numContaHeader>?</cli:numContaHeader>\r
         <cli:numCarteira>?</cli:numCarteira>\r
         <cli:nossoNumero>?</cli:nossoNumero>\r
         <cli:codBanco>?</cli:codBanco>\r
         <cli:codModalBancos>?</cli:codModalBancos>\r
         <cli:nossoNumeroBancos>?</cli:nossoNumeroBancos>\r
         <cli:codEspecieDoc>?</cli:codEspecieDoc>\r
         <cli:vlrNominal>?</cli:vlrNominal>\r
         <cli:vlrAbatimento>?</cli:vlrAbatimento>\r
         <cli:dataEmissao>?</cli:dataEmissao>\r
         <cli:dataVencimento>?</cli:dataVencimento>\r
         <cli:seuNumero>?</cli:seuNumero>\r
         <cli:aceite>?</cli:aceite>\r
         <cli:cnpjCPF>?</cli:cnpjCPF>\r
         <cli:tipoPessoa>?</cli:tipoPessoa>\r
         <cli:nome>?</cli:nome>\r
         <cli:endereco>?</cli:endereco>\r
         <cli:bairro>?</cli:bairro>\r
         <cli:cidade>?</cli:cidade>\r
         <cli:uf>?</cli:uf>\r
         <cli:cep>?</cli:cep>\r
         <cli:email>?</cli:email>\r
         <cli:ddd>?</cli:ddd>\r
         <cli:telefone>?</cli:telefone>\r
         <cli:campoLivre>?</cli:campoLivre>\r
         <cli:tipoPessoaSacador>?</cli:tipoPessoaSacador>\r
         <cli:cnpjCPFSacador>?</cli:cnpjCPFSacador>\r
         <cli:nomeSacador>?</cli:nomeSacador>\r
         <cli:enderecoSacador>?</cli:enderecoSacador>\r
         <cli:bairroSacador>?</cli:bairroSacador>\r
         <cli:cepSacador>?</cli:cepSacador>\r
         <cli:cidadeSacador>?</cli:cidadeSacador>\r
         <cli:ufSacador>?</cli:ufSacador>\r
         <cli:mensagem1>?</cli:mensagem1>\r
         <cli:mensagem2>?</cli:mensagem2>\r
         <cli:mensagem3>?</cli:mensagem3>\r
         <cli:mensagem4>?</cli:mensagem4>\r
         <cli:mensagem5>?</cli:mensagem5>\r
         <cli:codDesconto1>?</cli:codDesconto1>\r
         <cli:vlrDesconto1>?</cli:vlrDesconto1>\r
         <cli:txDesconto1>?</cli:txDesconto1>\r
         <cli:dataDesconto1>?</cli:dataDesconto1>\r
         <cli:codDesconto2>?</cli:codDesconto2>\r
         <cli:vlrDesconto2>?</cli:vlrDesconto2>\r
         <cli:txDesconto2>?</cli:txDesconto2>\r
         <cli:dataDesconto2>?</cli:dataDesconto2>\r
         <cli:codDesconto3>?</cli:codDesconto3>\r
         <cli:vlrDesconto3>?</cli:vlrDesconto3>\r
         <cli:txDesconto3>?</cli:txDesconto3>\r
         <cli:dataDesconto3>?</cli:dataDesconto3>\r
         <cli:codMulta>?</cli:codMulta>\r
         <cli:dataMulta>?</cli:dataMulta>\r
         <cli:txMulta>?</cli:txMulta>\r
         <cli:vlrMulta>?</cli:vlrMulta>\r
         <cli:codMora>?</cli:codMora>\r
         <cli:dataMora>?</cli:dataMora>\r
         <cli:txMora>?</cli:txMora>\r
         <cli:vlrMora>?</cli:vlrMora>\r
         <cli:possuiAgenda>?</cli:possuiAgenda>\r
         <cli:tipoAgendamento>?</cli:tipoAgendamento>\r
         <cli:criterioDias>?</cli:criterioDias>\r
         <cli:numDiasAgenda>?</cli:numDiasAgenda>\r
         <cli:codIndice>?</cli:codIndice>\r
         <cli:indPagtoParcial>?</cli:indPagtoParcial>\r
         <cli:qtdPagtosParciais>?</cli:qtdPagtosParciais>\r
         <cli:tipoVlrPercMinimo>?</cli:tipoVlrPercMinimo>\r
         <cli:vlrPercMinimo>?</cli:vlrPercMinimo>\r
         <cli:tipoVlrPercMaximo>?</cli:tipoVlrPercMaximo>\r
         <cli:vlrPercMaximo>?</cli:vlrPercMaximo>\r
         <cli:tipoAutRecDivergente>?</cli:tipoAutRecDivergente>\r
         <cli:usuario>?</cli:usuario>\r
         <cli:senha>?</cli:senha>\r
      </cli:incluirEmitirBoleto>\r
   </soapenv:Body>\r
</soapenv:Envelope>]]></con:request><con:credentials><con:authType>No Authorization</con:authType></con:credentials><con:jmsConfig JMSDeliveryMode="PERSISTENT"/><con:jmsPropertyConfig/><con:wsaConfig mustUnderstand="NONE" version="200508" action="http://client.autbank.com.br/CBServicesBoletos/incluirEmitirBoletoRequest"/><con:wsrmConfig version="1.2"/></con:call></con:operation></con:interface><con:properties/><con:wssContainer/><con:oAuth2ProfileContainer/><con:oAuth1ProfileContainer/></con:soapui-project>