<?xml version="1.0" encoding="UTF-8"?>
<con:soapui-project id="da9a457e-b0d2-4630-9e17-bbcedfd6a57c" activeEnvironment="Default" name="HMG - Cobrança - CBMov_Service" soapui-version="5.6.0" abortOnError="false" runType="SEQUENTIAL" xmlns:con="http://eviware.com/soapui/config"><con:settings/><con:interface xsi:type="con:WsdlInterface" id="60f51daa-6eab-4dc7-815f-536db3495b90" wsaVersion="NONE" name="CBMov_ServicesSoapBinding" type="wsdl" bindingName="{http://autbank.com.br}CBMov_ServicesSoapBinding" soapVersion="1_1" anonymous="optional" definition="http://corebancario-hmg.modal.net.br:8082/ABCBWS/services/CBMov_Services?wsdl" xmlns:xsi="http://www.w3.org/2001/XMLSchema-instance"><con:settings><con:setting id="CreateWsdlDocumentationAction@report-directory">C:\Users\F000908\Documents\Sistemas\Autbank\ABCBWS\Documentos</con:setting></con:settings><con:definitionCache type="TEXT" rootPart="http://corebancario-hmg.modal.net.br:8082/ABCBWS/services/CBMov_Services?wsdl"><con:part><con:url>http://corebancario-hmg.modal.net.br:8082/ABCBWS/services/CBMov_Services?wsdl</con:url><con:content><![CDATA[<wsdl:definitions targetNamespace="http://autbank.com.br" xmlns:apachesoap="http://xml.apache.org/xml-soap" xmlns:impl="http://autbank.com.br" xmlns:intf="http://autbank.com.br" xmlns:wsdl="http://schemas.xmlsoap.org/wsdl/" xmlns:wsdlsoap="http://schemas.xmlsoap.org/wsdl/soap/" xmlns:xsd="http://www.w3.org/2001/XMLSchema">
  <!--WSDL created by Apache Axis version: 1.4
Built on Apr 22, 2006 (06:55:48 PDT)-->
  <wsdl:types>
    <schema elementFormDefault="qualified" targetNamespace="http://autbank.com.br" xmlns="http://www.w3.org/2001/XMLSchema">
      <element name="movAbatimento">
        <complexType>
          <sequence>
            <element name="codColigada" type="xsd:string"/>
            <element name="codAgencia" type="xsd:string"/>
            <element name="numCarteira" type="xsd:string"/>
            <element name="nossoNumero" type="xsd:string"/>
            <element name="codInstrucao" type="xsd:string"/>
            <element name="vlrReferencia" type="xsd:decimal"/>
            <element name="texto" type="xsd:string"/>
            <element name="cobrarTarifa" type="xsd:string"/>
          </sequence>
        </complexType>
      </element>
      <element name="movAbatimentoResponse">
        <complexType>
          <sequence>
            <element name="movAbatimentoReturn" type="impl:TOMovRetorno"/>
          </sequence>
        </complexType>
      </element>
      <complexType name="TOMovRetorno">
        <sequence>
          <element name="mensErro" nillable="true" type="xsd:string"/>
          <element name="sqlErro" nillable="true" type="xsd:string"/>
        </sequence>
      </complexType>
      <element name="movBaixasCB">
        <complexType>
          <sequence>
            <element name="codColigada" type="xsd:string"/>
            <element name="codAgencia" type="xsd:string"/>
            <element name="numCarteira" type="xsd:string"/>
            <element name="nossoNumero" type="xsd:string"/>
            <element name="dataBaixa" type="xsd:string"/>
            <element name="codBaixa" type="xsd:string"/>
            <element name="cobrarTarifa" type="xsd:string"/>
            <element name="formaCadastramento" type="xsd:string"/>
          </sequence>
        </complexType>
      </element>
      <element name="movBaixasCBResponse">
        <complexType>
          <sequence>
            <element name="movBaixasCBReturn" type="impl:TOMovRetorno"/>
          </sequence>
        </complexType>
      </element>
      <element name="movCartDevol">
        <complexType>
          <sequence>
            <element name="codColigada" type="xsd:string"/>
            <element name="codAgencia" type="xsd:string"/>
            <element name="numCarteira" type="xsd:string"/>
            <element name="nossoNumero" type="xsd:string"/>
            <element name="codInstrucao" type="xsd:string"/>
            <element name="numDias" type="xsd:string"/>
            <element name="criterioDias" type="xsd:string"/>
            <element name="texto" type="xsd:string"/>
            <element name="cobrarTarifa" type="xsd:string"/>
          </sequence>
        </complexType>
      </element>
      <element name="movCartDevolResponse">
        <complexType>
          <sequence>
            <element name="movCartDevolReturn" type="impl:TOMovRetorno"/>
          </sequence>
        </complexType>
      </element>
      <element name="movTransCarteiraCB">
        <complexType>
          <sequence>
            <element name="codColigada" type="xsd:string"/>
            <element name="codAgencia" type="xsd:string"/>
            <element name="numCarteira" type="xsd:string"/>
            <element name="nossoNumero" type="xsd:string"/>
            <element name="dataTransf" type="xsd:string"/>
            <element name="codProduto" type="xsd:string"/>
            <element name="cobrarTarifa" type="xsd:string"/>
            <element name="formaCadastramento" type="xsd:string"/>
            <element name="retiraPendencia" type="xsd:string"/>
          </sequence>
        </complexType>
      </element>
      <element name="movTransCarteiraCBResponse">
        <complexType>
          <sequence>
            <element name="movTransCarteiraCBReturn" type="impl:TOMovRetorno"/>
          </sequence>
        </complexType>
      </element>
      <element name="movAlterVencto">
        <complexType>
          <sequence>
            <element name="codColigada" type="xsd:string"/>
            <element name="codAgencia" type="xsd:string"/>
            <element name="numCarteira" type="xsd:string"/>
            <element name="nossoNumero" type="xsd:string"/>
            <element name="codInstrucao" type="xsd:string"/>
            <element name="dataReferencia" type="xsd:string"/>
            <element name="texto" type="xsd:string"/>
            <element name="cobrarTarifa" type="xsd:string"/>
          </sequence>
        </complexType>
      </element>
      <element name="movAlterVenctoResponse">
        <complexType>
          <sequence>
            <element name="movAlterVenctoReturn" type="impl:TOMovRetorno"/>
          </sequence>
        </complexType>
      </element>
      <element name="movDesctosMora">
        <complexType>
          <sequence>
            <element name="codColigada" type="xsd:string"/>
            <element name="codAgencia" type="xsd:string"/>
            <element name="numCarteira" type="xsd:string"/>
            <element name="nossoNumero" type="xsd:string"/>
            <element name="codInstrucao" type="xsd:string"/>
            <element name="tipoReferencia" type="xsd:string"/>
            <element name="dataReferencia" type="xsd:string"/>
            <element name="vlrReferencia" type="xsd:decimal"/>
            <element name="taxaReferencia" type="xsd:decimal"/>
            <element name="texto" type="xsd:string"/>
            <element name="cobrarTarifa" type="xsd:string"/>
            <element name="numDesconto" type="xsd:string"/>
          </sequence>
        </complexType>
      </element>
      <element name="movDesctosMoraResponse">
        <complexType>
          <sequence>
            <element name="movDesctosMoraReturn" type="impl:TOMovRetorno"/>
          </sequence>
        </complexType>
      </element>
      <element name="movLiquidaPagtoCedente">
        <complexType>
          <sequence>
            <element name="codColigada" type="xsd:string"/>
            <element name="codAgencia" type="xsd:string"/>
            <element name="numCarteira" type="xsd:string"/>
            <element name="nossoNumero" type="xsd:string"/>
            <element name="codLiquidacao" type="xsd:string"/>
            <element name="dataLiquidacao" type="xsd:string"/>
            <element name="valor" type="xsd:decimal"/>
          </sequence>
        </complexType>
      </element>
      <element name="movLiquidaPagtoCedenteResponse">
        <complexType>
          <sequence>
            <element name="movLiquidaPagtoCedenteReturn" type="impl:TOMovServiceRetorno"/>
          </sequence>
        </complexType>
      </element>
      <complexType name="TOMovServiceRetorno">
        <sequence>
          <element name="codErro" nillable="true" type="xsd:string"/>
          <element name="mensErro" nillable="true" type="xsd:string"/>
        </sequence>
      </complexType>
      <element name="movTransCarteiraOpeCB">
        <complexType>
          <sequence>
            <element name="codColigada" type="xsd:string"/>
            <element name="codAgencia" type="xsd:string"/>
            <element name="numCarteira" type="xsd:string"/>
            <element name="nossoNumero" type="xsd:string"/>
            <element name="dataTransf" type="xsd:string"/>
            <element name="codProduto" type="xsd:string"/>
            <element name="numOpeDestino" type="xsd:string"/>
            <element name="cobrarTarifa" type="xsd:string"/>
            <element name="formaCadastramento" type="xsd:string"/>
          </sequence>
        </complexType>
      </element>
      <element name="movTransCarteiraOpeCBResponse">
        <complexType>
          <sequence>
            <element name="movTransCarteiraOpeCBReturn" type="impl:TOMovServiceRetorno"/>
          </sequence>
        </complexType>
      </element>
    </schema>
  </wsdl:types>
  <wsdl:message name="movAlterVenctoRequest">
    <wsdl:part element="impl:movAlterVencto" name="parameters"/>
  </wsdl:message>
  <wsdl:message name="movLiquidaPagtoCedenteRequest">
    <wsdl:part element="impl:movLiquidaPagtoCedente" name="parameters"/>
  </wsdl:message>
  <wsdl:message name="movDesctosMoraRequest">
    <wsdl:part element="impl:movDesctosMora" name="parameters"/>
  </wsdl:message>
  <wsdl:message name="movAlterVenctoResponse">
    <wsdl:part element="impl:movAlterVenctoResponse" name="parameters"/>
  </wsdl:message>
  <wsdl:message name="movAbatimentoResponse">
    <wsdl:part element="impl:movAbatimentoResponse" name="parameters"/>
  </wsdl:message>
  <wsdl:message name="movCartDevolResponse">
    <wsdl:part element="impl:movCartDevolResponse" name="parameters"/>
  </wsdl:message>
  <wsdl:message name="movBaixasCBRequest">
    <wsdl:part element="impl:movBaixasCB" name="parameters"/>
  </wsdl:message>
  <wsdl:message name="movTransCarteiraCBResponse">
    <wsdl:part element="impl:movTransCarteiraCBResponse" name="parameters"/>
  </wsdl:message>
  <wsdl:message name="movTransCarteiraOpeCBRequest">
    <wsdl:part element="impl:movTransCarteiraOpeCB" name="parameters"/>
  </wsdl:message>
  <wsdl:message name="movLiquidaPagtoCedenteResponse">
    <wsdl:part element="impl:movLiquidaPagtoCedenteResponse" name="parameters"/>
  </wsdl:message>
  <wsdl:message name="movDesctosMoraResponse">
    <wsdl:part element="impl:movDesctosMoraResponse" name="parameters"/>
  </wsdl:message>
  <wsdl:message name="movTransCarteiraOpeCBResponse">
    <wsdl:part element="impl:movTransCarteiraOpeCBResponse" name="parameters"/>
  </wsdl:message>
  <wsdl:message name="movBaixasCBResponse">
    <wsdl:part element="impl:movBaixasCBResponse" name="parameters"/>
  </wsdl:message>
  <wsdl:message name="movAbatimentoRequest">
    <wsdl:part element="impl:movAbatimento" name="parameters"/>
  </wsdl:message>
  <wsdl:message name="movCartDevolRequest">
    <wsdl:part element="impl:movCartDevol" name="parameters"/>
  </wsdl:message>
  <wsdl:message name="movTransCarteiraCBRequest">
    <wsdl:part element="impl:movTransCarteiraCB" name="parameters"/>
  </wsdl:message>
  <wsdl:portType name="CBMov_Services">
    <wsdl:operation name="movAbatimento">
      <wsdl:input message="impl:movAbatimentoRequest" name="movAbatimentoRequest"/>
      <wsdl:output message="impl:movAbatimentoResponse" name="movAbatimentoResponse"/>
    </wsdl:operation>
    <wsdl:operation name="movBaixasCB">
      <wsdl:input message="impl:movBaixasCBRequest" name="movBaixasCBRequest"/>
      <wsdl:output message="impl:movBaixasCBResponse" name="movBaixasCBResponse"/>
    </wsdl:operation>
    <wsdl:operation name="movCartDevol">
      <wsdl:input message="impl:movCartDevolRequest" name="movCartDevolRequest"/>
      <wsdl:output message="impl:movCartDevolResponse" name="movCartDevolResponse"/>
    </wsdl:operation>
    <wsdl:operation name="movTransCarteiraCB">
      <wsdl:input message="impl:movTransCarteiraCBRequest" name="movTransCarteiraCBRequest"/>
      <wsdl:output message="impl:movTransCarteiraCBResponse" name="movTransCarteiraCBResponse"/>
    </wsdl:operation>
    <wsdl:operation name="movAlterVencto">
      <wsdl:input message="impl:movAlterVenctoRequest" name="movAlterVenctoRequest"/>
      <wsdl:output message="impl:movAlterVenctoResponse" name="movAlterVenctoResponse"/>
    </wsdl:operation>
    <wsdl:operation name="movDesctosMora">
      <wsdl:input message="impl:movDesctosMoraRequest" name="movDesctosMoraRequest"/>
      <wsdl:output message="impl:movDesctosMoraResponse" name="movDesctosMoraResponse"/>
    </wsdl:operation>
    <wsdl:operation name="movLiquidaPagtoCedente">
      <wsdl:input message="impl:movLiquidaPagtoCedenteRequest" name="movLiquidaPagtoCedenteRequest"/>
      <wsdl:output message="impl:movLiquidaPagtoCedenteResponse" name="movLiquidaPagtoCedenteResponse"/>
    </wsdl:operation>
    <wsdl:operation name="movTransCarteiraOpeCB">
      <wsdl:input message="impl:movTransCarteiraOpeCBRequest" name="movTransCarteiraOpeCBRequest"/>
      <wsdl:output message="impl:movTransCarteiraOpeCBResponse" name="movTransCarteiraOpeCBResponse"/>
    </wsdl:operation>
  </wsdl:portType>
  <wsdl:binding name="CBMov_ServicesSoapBinding" type="impl:CBMov_Services">
    <wsdlsoap:binding style="document" transport="http://schemas.xmlsoap.org/soap/http"/>
    <wsdl:operation name="movAbatimento">
      <wsdlsoap:operation soapAction=""/>
      <wsdl:input name="movAbatimentoRequest">
        <wsdlsoap:body use="literal"/>
      </wsdl:input>
      <wsdl:output name="movAbatimentoResponse">
        <wsdlsoap:body use="literal"/>
      </wsdl:output>
    </wsdl:operation>
    <wsdl:operation name="movBaixasCB">
      <wsdlsoap:operation soapAction=""/>
      <wsdl:input name="movBaixasCBRequest">
        <wsdlsoap:body use="literal"/>
      </wsdl:input>
      <wsdl:output name="movBaixasCBResponse">
        <wsdlsoap:body use="literal"/>
      </wsdl:output>
    </wsdl:operation>
    <wsdl:operation name="movCartDevol">
      <wsdlsoap:operation soapAction=""/>
      <wsdl:input name="movCartDevolRequest">
        <wsdlsoap:body use="literal"/>
      </wsdl:input>
      <wsdl:output name="movCartDevolResponse">
        <wsdlsoap:body use="literal"/>
      </wsdl:output>
    </wsdl:operation>
    <wsdl:operation name="movTransCarteiraCB">
      <wsdlsoap:operation soapAction=""/>
      <wsdl:input name="movTransCarteiraCBRequest">
        <wsdlsoap:body use="literal"/>
      </wsdl:input>
      <wsdl:output name="movTransCarteiraCBResponse">
        <wsdlsoap:body use="literal"/>
      </wsdl:output>
    </wsdl:operation>
    <wsdl:operation name="movAlterVencto">
      <wsdlsoap:operation soapAction=""/>
      <wsdl:input name="movAlterVenctoRequest">
        <wsdlsoap:body use="literal"/>
      </wsdl:input>
      <wsdl:output name="movAlterVenctoResponse">
        <wsdlsoap:body use="literal"/>
      </wsdl:output>
    </wsdl:operation>
    <wsdl:operation name="movDesctosMora">
      <wsdlsoap:operation soapAction=""/>
      <wsdl:input name="movDesctosMoraRequest">
        <wsdlsoap:body use="literal"/>
      </wsdl:input>
      <wsdl:output name="movDesctosMoraResponse">
        <wsdlsoap:body use="literal"/>
      </wsdl:output>
    </wsdl:operation>
    <wsdl:operation name="movLiquidaPagtoCedente">
      <wsdlsoap:operation soapAction=""/>
      <wsdl:input name="movLiquidaPagtoCedenteRequest">
        <wsdlsoap:body use="literal"/>
      </wsdl:input>
      <wsdl:output name="movLiquidaPagtoCedenteResponse">
        <wsdlsoap:body use="literal"/>
      </wsdl:output>
    </wsdl:operation>
    <wsdl:operation name="movTransCarteiraOpeCB">
      <wsdlsoap:operation soapAction=""/>
      <wsdl:input name="movTransCarteiraOpeCBRequest">
        <wsdlsoap:body use="literal"/>
      </wsdl:input>
      <wsdl:output name="movTransCarteiraOpeCBResponse">
        <wsdlsoap:body use="literal"/>
      </wsdl:output>
    </wsdl:operation>
  </wsdl:binding>
  <wsdl:service name="CBMov_ServicesService">
    <wsdl:port binding="impl:CBMov_ServicesSoapBinding" name="CBMov_Services">
      <wsdlsoap:address location="http://corebancario-hmg.modal.net.br:8082/ABCBWS/services/CBMov_Services"/>
    </wsdl:port>
  </wsdl:service>
</wsdl:definitions>]]></con:content><con:type>http://schemas.xmlsoap.org/wsdl/</con:type></con:part></con:definitionCache><con:endpoints><con:endpoint>http://corebancario-hmg.modal.net.br:8082/ABCBWS/services/CBMov_Services</con:endpoint></con:endpoints><con:operation id="9868af4c-1724-4657-9905-05677da54ad2" isOneWay="false" action="" name="movAbatimento" bindingOperationName="movAbatimento" type="Request-Response" outputName="movAbatimentoResponse" inputName="movAbatimentoRequest" receivesAttachments="false" sendsAttachments="false" anonymous="optional"><con:settings/><con:call id="5153fbc6-9d28-49a2-991a-8231ad953e83" name="Request 1"><con:settings/><con:encoding>UTF-8</con:encoding><con:endpoint>http://corebancario-hmg.modal.net.br:8082/ABCBWS/services/CBMov_Services</con:endpoint><con:request><![CDATA[<soapenv:Envelope xmlns:soapenv="http://schemas.xmlsoap.org/soap/envelope/" xmlns:aut="http://autbank.com.br">\r
   <soapenv:Header/>\r
   <soapenv:Body>\r
      <aut:movAbatimento>\r
         <aut:codColigada>?</aut:codColigada>\r
         <aut:codAgencia>?</aut:codAgencia>\r
         <aut:numCarteira>?</aut:numCarteira>\r
         <aut:nossoNumero>?</aut:nossoNumero>\r
         <aut:codInstrucao>?</aut:codInstrucao>\r
         <aut:vlrReferencia>?</aut:vlrReferencia>\r
         <aut:texto>?</aut:texto>\r
         <aut:cobrarTarifa>?</aut:cobrarTarifa>\r
      </aut:movAbatimento>\r
   </soapenv:Body>\r
</soapenv:Envelope>]]></con:request><con:wsaConfig mustUnderstand="NONE" version="200508" action="http://autbank.com.br/CBMov_Services/movAbatimentoRequest"/></con:call></con:operation><con:operation id="aa028944-3ba8-4dff-aa4f-782f76b0197d" isOneWay="false" action="" name="movAlterVencto" bindingOperationName="movAlterVencto" type="Request-Response" outputName="movAlterVenctoResponse" inputName="movAlterVenctoRequest" receivesAttachments="false" sendsAttachments="false" anonymous="optional"><con:settings/><con:call id="5712416b-fcfa-487c-b45f-932134c22f67" name="Request 1"><con:settings/><con:encoding>UTF-8</con:encoding><con:endpoint>http://corebancario-hmg.modal.net.br:8082/ABCBWS/services/CBMov_Services</con:endpoint><con:request><![CDATA[<soapenv:Envelope xmlns:soapenv="http://schemas.xmlsoap.org/soap/envelope/" xmlns:aut="http://autbank.com.br">\r
   <soapenv:Header/>\r
   <soapenv:Body>\r
      <aut:movAlterVencto>\r
         <aut:codColigada>?</aut:codColigada>\r
         <aut:codAgencia>?</aut:codAgencia>\r
         <aut:numCarteira>?</aut:numCarteira>\r
         <aut:nossoNumero>?</aut:nossoNumero>\r
         <aut:codInstrucao>?</aut:codInstrucao>\r
         <aut:dataReferencia>?</aut:dataReferencia>\r
         <aut:texto>?</aut:texto>\r
         <aut:cobrarTarifa>?</aut:cobrarTarifa>\r
      </aut:movAlterVencto>\r
   </soapenv:Body>\r
</soapenv:Envelope>]]></con:request><con:wsaConfig mustUnderstand="NONE" version="200508" action="http://autbank.com.br/CBMov_Services/movAlterVenctoRequest"/></con:call></con:operation><con:operation id="05eb2ef4-8542-4083-9766-9fe8fcb3cbf9" isOneWay="false" action="" name="movBaixasCB" bindingOperationName="movBaixasCB" type="Request-Response" outputName="movBaixasCBResponse" inputName="movBaixasCBRequest" receivesAttachments="false" sendsAttachments="false" anonymous="optional"><con:settings/><con:call id="339379ba-0263-4615-ba4a-1e2eb0f22845" name="Request 1"><con:settings/><con:encoding>UTF-8</con:encoding><con:endpoint>http://corebancario-hmg.modal.net.br:8082/ABCBWS/services/CBMov_Services</con:endpoint><con:request><![CDATA[<soapenv:Envelope xmlns:soapenv="http://schemas.xmlsoap.org/soap/envelope/" xmlns:aut="http://autbank.com.br">\r
   <soapenv:Header/>\r
   <soapenv:Body>\r
      <aut:movBaixasCB>\r
         <aut:codColigada>?</aut:codColigada>\r
         <aut:codAgencia>?</aut:codAgencia>\r
         <aut:numCarteira>?</aut:numCarteira>\r
         <aut:nossoNumero>?</aut:nossoNumero>\r
         <aut:dataBaixa>?</aut:dataBaixa>\r
         <aut:codBaixa>?</aut:codBaixa>\r
         <aut:cobrarTarifa>?</aut:cobrarTarifa>\r
         <aut:formaCadastramento>?</aut:formaCadastramento>\r
      </aut:movBaixasCB>\r
   </soapenv:Body>\r
</soapenv:Envelope>]]></con:request><con:wsaConfig mustUnderstand="NONE" version="200508" action="http://autbank.com.br/CBMov_Services/movBaixasCBRequest"/></con:call></con:operation><con:operation id="7ec8ce0b-af08-4ede-92f4-93acb3a9970b" isOneWay="false" action="" name="movCartDevol" bindingOperationName="movCartDevol" type="Request-Response" outputName="movCartDevolResponse" inputName="movCartDevolRequest" receivesAttachments="false" sendsAttachments="false" anonymous="optional"><con:settings/><con:call id="6e6ce82e-7ea3-4c22-9bd4-1451e0bae42d" name="Request 1"><con:settings/><con:encoding>UTF-8</con:encoding><con:endpoint>http://corebancario-hmg.modal.net.br:8082/ABCBWS/services/CBMov_Services</con:endpoint><con:request><![CDATA[<soapenv:Envelope xmlns:soapenv="http://schemas.xmlsoap.org/soap/envelope/" xmlns:aut="http://autbank.com.br">\r
   <soapenv:Header/>\r
   <soapenv:Body>\r
      <aut:movCartDevol>\r
         <aut:codColigada>?</aut:codColigada>\r
         <aut:codAgencia>?</aut:codAgencia>\r
         <aut:numCarteira>?</aut:numCarteira>\r
         <aut:nossoNumero>?</aut:nossoNumero>\r
         <aut:codInstrucao>?</aut:codInstrucao>\r
         <aut:numDias>?</aut:numDias>\r
         <aut:criterioDias>?</aut:criterioDias>\r
         <aut:texto>?</aut:texto>\r
         <aut:cobrarTarifa>?</aut:cobrarTarifa>\r
      </aut:movCartDevol>\r
   </soapenv:Body>\r
</soapenv:Envelope>]]></con:request><con:wsaConfig mustUnderstand="NONE" version="200508" action="http://autbank.com.br/CBMov_Services/movCartDevolRequest"/></con:call></con:operation><con:operation id="de18ed71-cd7a-49fa-9a4d-13348bb9c840" isOneWay="false" action="" name="movDesctosMora" bindingOperationName="movDesctosMora" type="Request-Response" outputName="movDesctosMoraResponse" inputName="movDesctosMoraRequest" receivesAttachments="false" sendsAttachments="false" anonymous="optional"><con:settings/><con:call id="e2bfc07c-f647-4501-8d08-0c043e6fbc65" name="Request 1"><con:settings/><con:encoding>UTF-8</con:encoding><con:endpoint>http://corebancario-hmg.modal.net.br:8082/ABCBWS/services/CBMov_Services</con:endpoint><con:request><![CDATA[<soapenv:Envelope xmlns:soapenv="http://schemas.xmlsoap.org/soap/envelope/" xmlns:aut="http://autbank.com.br">\r
   <soapenv:Header/>\r
   <soapenv:Body>\r
      <aut:movDesctosMora>\r
         <aut:codColigada>?</aut:codColigada>\r
         <aut:codAgencia>?</aut:codAgencia>\r
         <aut:numCarteira>?</aut:numCarteira>\r
         <aut:nossoNumero>?</aut:nossoNumero>\r
         <aut:codInstrucao>?</aut:codInstrucao>\r
         <aut:tipoReferencia>?</aut:tipoReferencia>\r
         <aut:dataReferencia>?</aut:dataReferencia>\r
         <aut:vlrReferencia>?</aut:vlrReferencia>\r
         <aut:taxaReferencia>?</aut:taxaReferencia>\r
         <aut:texto>?</aut:texto>\r
         <aut:cobrarTarifa>?</aut:cobrarTarifa>\r
         <aut:numDesconto>?</aut:numDesconto>\r
      </aut:movDesctosMora>\r
   </soapenv:Body>\r
</soapenv:Envelope>]]></con:request><con:wsaConfig mustUnderstand="NONE" version="200508" action="http://autbank.com.br/CBMov_Services/movDesctosMoraRequest"/></con:call></con:operation><con:operation id="3067e11a-6feb-45ab-bf25-51f2acbfe54e" isOneWay="false" action="" name="movLiquidaPagtoCedente" bindingOperationName="movLiquidaPagtoCedente" type="Request-Response" outputName="movLiquidaPagtoCedenteResponse" inputName="movLiquidaPagtoCedenteRequest" receivesAttachments="false" sendsAttachments="false" anonymous="optional"><con:settings/><con:call id="1c445a04-dc0e-42e3-9ee5-27cc692a9da0" name="Request 1"><con:settings/><con:encoding>UTF-8</con:encoding><con:endpoint>http://corebancario-hmg.modal.net.br:8082/ABCBWS/services/CBMov_Services</con:endpoint><con:request><![CDATA[<soapenv:Envelope xmlns:soapenv="http://schemas.xmlsoap.org/soap/envelope/" xmlns:aut="http://autbank.com.br">\r
   <soapenv:Header/>\r
   <soapenv:Body>\r
      <aut:movLiquidaPagtoCedente>\r
         <aut:codColigada>?</aut:codColigada>\r
         <aut:codAgencia>?</aut:codAgencia>\r
         <aut:numCarteira>?</aut:numCarteira>\r
         <aut:nossoNumero>?</aut:nossoNumero>\r
         <aut:codLiquidacao>?</aut:codLiquidacao>\r
         <aut:dataLiquidacao>?</aut:dataLiquidacao>\r
         <aut:valor>?</aut:valor>\r
      </aut:movLiquidaPagtoCedente>\r
   </soapenv:Body>\r
</soapenv:Envelope>]]></con:request><con:wsaConfig mustUnderstand="NONE" version="200508" action="http://autbank.com.br/CBMov_Services/movLiquidaPagtoCedenteRequest"/></con:call></con:operation><con:operation id="20493d17-5f40-4788-9d00-8aaf687a1a20" isOneWay="false" action="" name="movTransCarteiraCB" bindingOperationName="movTransCarteiraCB" type="Request-Response" outputName="movTransCarteiraCBResponse" inputName="movTransCarteiraCBRequest" receivesAttachments="false" sendsAttachments="false" anonymous="optional"><con:settings/><con:call id="ae3ff151-85f6-4ceb-9ee3-a45ca01a9ebf" name="Request 1"><con:settings/><con:encoding>UTF-8</con:encoding><con:endpoint>http://corebancario-hmg.modal.net.br:8082/ABCBWS/services/CBMov_Services</con:endpoint><con:request><![CDATA[<soapenv:Envelope xmlns:soapenv="http://schemas.xmlsoap.org/soap/envelope/" xmlns:aut="http://autbank.com.br">\r
   <soapenv:Header/>\r
   <soapenv:Body>\r
      <aut:movTransCarteiraCB>\r
         <aut:codColigada>?</aut:codColigada>\r
         <aut:codAgencia>?</aut:codAgencia>\r
         <aut:numCarteira>?</aut:numCarteira>\r
         <aut:nossoNumero>?</aut:nossoNumero>\r
         <aut:dataTransf>?</aut:dataTransf>\r
         <aut:codProduto>?</aut:codProduto>\r
         <aut:cobrarTarifa>?</aut:cobrarTarifa>\r
         <aut:formaCadastramento>?</aut:formaCadastramento>\r
         <aut:retiraPendencia>?</aut:retiraPendencia>\r
      </aut:movTransCarteiraCB>\r
   </soapenv:Body>\r
</soapenv:Envelope>]]></con:request><con:wsaConfig mustUnderstand="NONE" version="200508" action="http://autbank.com.br/CBMov_Services/movTransCarteiraCBRequest"/></con:call></con:operation><con:operation id="42ce557c-d257-4aff-8ba6-7af0f71db824" isOneWay="false" action="" name="movTransCarteiraOpeCB" bindingOperationName="movTransCarteiraOpeCB" type="Request-Response" outputName="movTransCarteiraOpeCBResponse" inputName="movTransCarteiraOpeCBRequest" receivesAttachments="false" sendsAttachments="false" anonymous="optional"><con:settings/><con:call id="4ed61ac6-9e08-4db4-a02f-cd75dcc8dc58" name="Request 1"><con:settings/><con:encoding>UTF-8</con:encoding><con:endpoint>http://corebancario-hmg.modal.net.br:8082/ABCBWS/services/CBMov_Services</con:endpoint><con:request><![CDATA[<soapenv:Envelope xmlns:soapenv="http://schemas.xmlsoap.org/soap/envelope/" xmlns:aut="http://autbank.com.br">\r
   <soapenv:Header/>\r
   <soapenv:Body>\r
      <aut:movTransCarteiraOpeCB>\r
         <aut:codColigada>?</aut:codColigada>\r
         <aut:codAgencia>?</aut:codAgencia>\r
         <aut:numCarteira>?</aut:numCarteira>\r
         <aut:nossoNumero>?</aut:nossoNumero>\r
         <aut:dataTransf>?</aut:dataTransf>\r
         <aut:codProduto>?</aut:codProduto>\r
         <aut:numOpeDestino>?</aut:numOpeDestino>\r
         <aut:cobrarTarifa>?</aut:cobrarTarifa>\r
         <aut:formaCadastramento>?</aut:formaCadastramento>\r
      </aut:movTransCarteiraOpeCB>\r
   </soapenv:Body>\r
</soapenv:Envelope>]]></con:request><con:wsaConfig mustUnderstand="NONE" version="200508" action="http://autbank.com.br/CBMov_Services/movTransCarteiraOpeCBRequest"/></con:call></con:operation></con:interface><con:properties/><con:wssContainer/><con:oAuth2ProfileContainer/><con:oAuth1ProfileContainer/></con:soapui-project>