<?xml version="1.0" encoding="UTF-8"?>
<con:soapui-project id="54b70d86-5b03-40dc-a5d9-b3ef74a6f827" activeEnvironment="Default" name="HMG - Cobrança - CBNPCService" soapui-version="5.6.0" abortOnError="false" runType="SEQUENTIAL" xmlns:con="http://eviware.com/soapui/config"><con:settings/><con:interface xsi:type="con:WsdlInterface" id="9900aa12-8e05-41a4-800f-fa4036c6e749" wsaVersion="NONE" name="CBNPC_ServicesSoapBinding" type="wsdl" bindingName="{http://autbank.com.br}CBNPC_ServicesSoapBinding" soapVersion="1_1" anonymous="optional" definition="http://corebancario-hmg.modal.net.br:8082/ABCBWS/services/CBNPC_Services?wsdl" xmlns:xsi="http://www.w3.org/2001/XMLSchema-instance"><con:settings><con:setting id="CreateWsdlDocumentationAction@report-directory">C:\Users\F000908\Documents\Sistemas\Autbank\ABCBWS\Documentos</con:setting></con:settings><con:definitionCache type="TEXT" rootPart="http://corebancario-hmg.modal.net.br:8082/ABCBWS/services/CBNPC_Services?wsdl"><con:part><con:url>http://corebancario-hmg.modal.net.br:8082/ABCBWS/services/CBNPC_Services?wsdl</con:url><con:content><![CDATA[<wsdl:definitions targetNamespace="http://autbank.com.br" xmlns:apachesoap="http://xml.apache.org/xml-soap" xmlns:impl="http://autbank.com.br" xmlns:intf="http://autbank.com.br" xmlns:wsdl="http://schemas.xmlsoap.org/wsdl/" xmlns:wsdlsoap="http://schemas.xmlsoap.org/wsdl/soap/" xmlns:xsd="http://www.w3.org/2001/XMLSchema">
  <!--WSDL created by Apache Axis version: 1.4
Built on Apr 22, 2006 (06:55:48 PDT)-->
  <wsdl:types>
    <schema elementFormDefault="qualified" targetNamespace="http://autbank.com.br" xmlns="http://www.w3.org/2001/XMLSchema">
      <element name="incluirTituloEmPrioridade">
        <complexType>
          <sequence>
            <element name="codCliente" type="xsd:string"/>
            <element name="numContaHeader" type="xsd:string"/>
            <element name="numCarteira" type="xsd:string"/>
            <element name="nossoNumero" type="xsd:string"/>
            <element name="codBanco" type="xsd:string"/>
            <element name="codModalBancos" type="xsd:string"/>
            <element name="nossoNumeroBancos" type="xsd:string"/>
            <element name="codEspecieDoc" type="xsd:string"/>
            <element name="vlrNominal" type="xsd:decimal"/>
            <element name="vlrAbatimento" type="xsd:decimal"/>
            <element name="dataEmissao" type="xsd:string"/>
            <element name="dataVencimento" type="xsd:string"/>
            <element name="seuNumero" type="xsd:string"/>
            <element name="aceite" type="xsd:string"/>
            <element name="cnpjCPF" type="xsd:string"/>
            <element name="tipoPessoa" type="xsd:string"/>
            <element name="nome" type="xsd:string"/>
            <element name="endereco" type="xsd:string"/>
            <element name="bairro" type="xsd:string"/>
            <element name="cidade" type="xsd:string"/>
            <element name="uf" type="xsd:string"/>
            <element name="cep" type="xsd:string"/>
            <element name="email" type="xsd:string"/>
            <element name="ddd" type="xsd:string"/>
            <element name="telefone" type="xsd:string"/>
            <element name="campoLivre" type="xsd:string"/>
            <element name="tipoPessoaSacador" type="xsd:string"/>
            <element name="cnpjCPFSacador" type="xsd:string"/>
            <element name="nomeSacador" type="xsd:string"/>
            <element name="enderecoSacador" type="xsd:string"/>
            <element name="bairroSacador" type="xsd:string"/>
            <element name="cepSacador" type="xsd:string"/>
            <element name="cidadeSacador" type="xsd:string"/>
            <element name="ufSacador" type="xsd:string"/>
            <element name="mensagem1" type="xsd:string"/>
            <element name="mensagem2" type="xsd:string"/>
            <element name="mensagem3" type="xsd:string"/>
            <element name="mensagem4" type="xsd:string"/>
            <element name="mensagem5" type="xsd:string"/>
            <element name="codDesconto1" type="xsd:string"/>
            <element name="vlrDesconto1" type="xsd:decimal"/>
            <element name="txDesconto1" type="xsd:decimal"/>
            <element name="dataDesconto1" type="xsd:string"/>
            <element name="codDesconto2" type="xsd:string"/>
            <element name="vlrDesconto2" type="xsd:decimal"/>
            <element name="txDesconto2" type="xsd:decimal"/>
            <element name="dataDesconto2" type="xsd:string"/>
            <element name="codDesconto3" type="xsd:string"/>
            <element name="vlrDesconto3" type="xsd:decimal"/>
            <element name="txDesconto3" type="xsd:decimal"/>
            <element name="dataDesconto3" type="xsd:string"/>
            <element name="codMulta" type="xsd:string"/>
            <element name="dataMulta" type="xsd:string"/>
            <element name="txMulta" type="xsd:decimal"/>
            <element name="vlrMulta" type="xsd:decimal"/>
            <element name="codMora" type="xsd:string"/>
            <element name="dataMora" type="xsd:string"/>
            <element name="txMora" type="xsd:decimal"/>
            <element name="vlrMora" type="xsd:decimal"/>
            <element name="possuiAgenda" type="xsd:string"/>
            <element name="tipoAgendamento" type="xsd:string"/>
            <element name="criterioDias" type="xsd:string"/>
            <element name="numDiasAgenda" type="xsd:int"/>
            <element name="codIndice" type="xsd:string"/>
            <element name="indPagtoParcial" type="xsd:string"/>
            <element name="qtdPagtosParciais" type="xsd:int"/>
            <element name="tipoVlrPercMinimo" type="xsd:string"/>
            <element name="vlrPercMinimo" type="xsd:decimal"/>
            <element name="tipoVlrPercMaximo" type="xsd:string"/>
            <element name="vlrPercMaximo" type="xsd:decimal"/>
            <element name="tipoAutRecDivergente" type="xsd:string"/>
            <element name="usuario" type="xsd:string"/>
            <element name="senha" type="xsd:string"/>
            <element name="codColigadaContaCreditar" type="xsd:string"/>
            <element name="codAgenciaContaCreditar" type="xsd:string"/>
            <element name="numContaCreditar" type="xsd:string"/>
          </sequence>
        </complexType>
      </element>
      <element name="incluirTituloEmPrioridadeResponse">
        <complexType>
          <sequence>
            <element name="incluirTituloEmPrioridadeReturn" type="impl:TOTituloPrioritarioCadastrado"/>
          </sequence>
        </complexType>
      </element>
      <complexType name="TOTituloPrioritarioCadastrado">
        <sequence>
          <element name="codAgencia" nillable="true" type="xsd:string"/>
          <element name="codAgenciaCob" nillable="true" type="xsd:string"/>
          <element name="codBanco" nillable="true" type="xsd:string"/>
          <element name="codBarras" nillable="true" type="xsd:string"/>
          <element name="codColigada" nillable="true" type="xsd:string"/>
          <element name="codErro" nillable="true" type="xsd:string"/>
          <element name="codModalBancos" nillable="true" type="xsd:string"/>
          <element name="dataLegado" nillable="true" type="xsd:string"/>
          <element name="indCosultaRegistroCIP" nillable="true" type="xsd:string"/>
          <element name="indPagadorEletronico" nillable="true" type="xsd:int"/>
          <element name="intervaloConsultaRegistroCIP" nillable="true" type="xsd:int"/>
          <element name="linhaDigitavel" nillable="true" type="xsd:string"/>
          <element name="msgErro" nillable="true" type="xsd:string"/>
          <element name="nossoNumero" nillable="true" type="xsd:string"/>
          <element name="nossoNumeroBancos" nillable="true" type="xsd:string"/>
          <element name="numCarteira" nillable="true" type="xsd:string"/>
          <element name="numControleLegado" nillable="true" type="xsd:string"/>
          <element name="qtdConsultaRegistroCIP" nillable="true" type="xsd:int"/>
          <element name="tituloIncluidoDDA" nillable="true" type="xsd:string"/>
        </sequence>
      </complexType>
      <element name="consultarPedidoInclusaoTitulo">
        <complexType>
          <sequence>
            <element name="codCliente" type="xsd:string"/>
            <element name="codColigada" type="xsd:string"/>
            <element name="codAgencia" type="xsd:string"/>
            <element name="numCarteira" type="xsd:string"/>
            <element name="nossoNumero" type="xsd:string"/>
            <element name="usuario" type="xsd:string"/>
            <element name="senha" type="xsd:string"/>
            <element name="numCtrlLegado" type="xsd:string"/>
            <element name="dataLegado" type="xsd:string"/>
          </sequence>
        </complexType>
      </element>
      <element name="consultarPedidoInclusaoTituloResponse">
        <complexType>
          <sequence>
            <element name="consultarPedidoInclusaoTituloReturn" type="impl:TOSituacaoPedidoInclusaoTitulo"/>
          </sequence>
        </complexType>
      </element>
      <complexType name="TOSituacaoPedidoInclusaoTitulo">
        <sequence>
          <element name="codAgencia" nillable="true" type="xsd:string"/>
          <element name="codColigada" nillable="true" type="xsd:string"/>
          <element name="codErro" nillable="true" type="xsd:string"/>
          <element name="codRetornoCIP" nillable="true" type="xsd:string"/>
          <element name="motivoErroCIP" nillable="true" type="xsd:string"/>
          <element name="msgErro" nillable="true" type="xsd:string"/>
          <element name="nossoNumero" nillable="true" type="xsd:string"/>
          <element name="numCarteira" nillable="true" type="xsd:string"/>
          <element name="numIdentcDDA" nillable="true" type="xsd:string"/>
          <element name="sitInclusaoCIP" nillable="true" type="xsd:string"/>
        </sequence>
      </complexType>
      <element name="consultarPedidoAlteracaoVlrNominalVenctoTitulo">
        <complexType>
          <sequence>
            <element name="codCliente" type="xsd:string"/>
            <element name="codColigada" type="xsd:string"/>
            <element name="codAgencia" type="xsd:string"/>
            <element name="numCarteira" type="xsd:string"/>
            <element name="nossoNumero" type="xsd:string"/>
            <element name="usuario" type="xsd:string"/>
            <element name="senha" type="xsd:string"/>
            <element name="numCtrlLegado" type="xsd:string"/>
            <element name="dataLegado" type="xsd:string"/>
          </sequence>
        </complexType>
      </element>
      <element name="consultarPedidoAlteracaoVlrNominalVenctoTituloResponse">
        <complexType>
          <sequence>
            <element name="consultarPedidoAlteracaoVlrNominalVenctoTituloReturn" type="impl:TOSituacaoPedidoAlteracaoVlrNominalVenctoTitulo"/>
          </sequence>
        </complexType>
      </element>
      <complexType name="TOSituacaoPedidoAlteracaoVlrNominalVenctoTitulo">
        <sequence>
          <element name="codAgencia" nillable="true" type="xsd:string"/>
          <element name="codColigada" nillable="true" type="xsd:string"/>
          <element name="codErro" nillable="true" type="xsd:string"/>
          <element name="codRetornoCIP" nillable="true" type="xsd:string"/>
          <element name="motivoErroCIP" nillable="true" type="xsd:string"/>
          <element name="msgErro" nillable="true" type="xsd:string"/>
          <element name="nossoNumero" nillable="true" type="xsd:string"/>
          <element name="numCarteira" nillable="true" type="xsd:string"/>
          <element name="numIdentcDDA" nillable="true" type="xsd:string"/>
          <element name="sitAlteracaoCIP" nillable="true" type="xsd:string"/>
        </sequence>
      </complexType>
      <element name="alterarVlrNominalVenctoTitulo">
        <complexType>
          <sequence>
            <element name="codCliente" type="xsd:string"/>
            <element name="codColigada" type="xsd:string"/>
            <element name="codAgencia" type="xsd:string"/>
            <element name="numCarteira" type="xsd:string"/>
            <element name="nossoNumero" type="xsd:string"/>
            <element name="vlrNominal" type="xsd:decimal"/>
            <element name="dataVencimento" type="xsd:string"/>
            <element name="qtdPagtosParciais" type="xsd:int"/>
            <element name="tipoVlrPercMinimo" type="xsd:string"/>
            <element name="vlrPercMinimo" type="xsd:decimal"/>
            <element name="tipoVlrPercMaximo" type="xsd:string"/>
            <element name="vlrPercMaximo" type="xsd:decimal"/>
            <element name="usuario" type="xsd:string"/>
            <element name="senha" type="xsd:string"/>
          </sequence>
        </complexType>
      </element>
      <element name="alterarVlrNominalVenctoTituloResponse">
        <complexType>
          <sequence>
            <element name="alterarVlrNominalVenctoTituloReturn" type="impl:TOVlrVenctoTituloAlterados"/>
          </sequence>
        </complexType>
      </element>
      <complexType name="TOVlrVenctoTituloAlterados">
        <sequence>
          <element name="codErro" nillable="true" type="xsd:string"/>
          <element name="dataLegado" nillable="true" type="xsd:string"/>
          <element name="indCosultaRegistroCIP" nillable="true" type="xsd:string"/>
          <element name="intervaloConsultaRegistroCIP" nillable="true" type="xsd:int"/>
          <element name="msgErro" nillable="true" type="xsd:string"/>
          <element name="numControleLegado" nillable="true" type="xsd:string"/>
          <element name="numIdentcDDA" nillable="true" type="xsd:string"/>
          <element name="qtdConsultaRegistroCIP" nillable="true" type="xsd:int"/>
          <element name="tituloIncluidoDDA" nillable="true" type="xsd:string"/>
        </sequence>
      </complexType>
      <element name="movBaixasCB">
        <complexType>
          <sequence>
            <element name="codColigada" type="xsd:string"/>
            <element name="codAgencia" type="xsd:string"/>
            <element name="numCarteira" type="xsd:string"/>
            <element name="nossoNumero" type="xsd:string"/>
            <element name="dataBaixa" type="xsd:string"/>
            <element name="codBaixa" type="xsd:string"/>
            <element name="cobrarTarifa" type="xsd:string"/>
            <element name="formaCadastramento" type="xsd:string"/>
            <element name="usuario" type="xsd:string"/>
            <element name="senha" type="xsd:string"/>
          </sequence>
        </complexType>
      </element>
      <element name="movBaixasCBResponse">
        <complexType>
          <sequence>
            <element name="movBaixasCBReturn" type="impl:TOMovRetorno"/>
          </sequence>
        </complexType>
      </element>
      <complexType name="TOMovRetorno">
        <sequence>
          <element name="mensErro" nillable="true" type="xsd:string"/>
          <element name="sqlErro" nillable="true" type="xsd:string"/>
        </sequence>
      </complexType>
    </schema>
  </wsdl:types>
  <wsdl:message name="alterarVlrNominalVenctoTituloResponse">
    <wsdl:part element="impl:alterarVlrNominalVenctoTituloResponse" name="parameters"/>
  </wsdl:message>
  <wsdl:message name="consultarPedidoInclusaoTituloRequest">
    <wsdl:part element="impl:consultarPedidoInclusaoTitulo" name="parameters"/>
  </wsdl:message>
  <wsdl:message name="consultarPedidoInclusaoTituloResponse">
    <wsdl:part element="impl:consultarPedidoInclusaoTituloResponse" name="parameters"/>
  </wsdl:message>
  <wsdl:message name="incluirTituloEmPrioridadeResponse">
    <wsdl:part element="impl:incluirTituloEmPrioridadeResponse" name="parameters"/>
  </wsdl:message>
  <wsdl:message name="movBaixasCBResponse">
    <wsdl:part element="impl:movBaixasCBResponse" name="parameters"/>
  </wsdl:message>
  <wsdl:message name="consultarPedidoAlteracaoVlrNominalVenctoTituloResponse">
    <wsdl:part element="impl:consultarPedidoAlteracaoVlrNominalVenctoTituloResponse" name="parameters"/>
  </wsdl:message>
  <wsdl:message name="movBaixasCBRequest">
    <wsdl:part element="impl:movBaixasCB" name="parameters"/>
  </wsdl:message>
  <wsdl:message name="incluirTituloEmPrioridadeRequest">
    <wsdl:part element="impl:incluirTituloEmPrioridade" name="parameters"/>
  </wsdl:message>
  <wsdl:message name="alterarVlrNominalVenctoTituloRequest">
    <wsdl:part element="impl:alterarVlrNominalVenctoTitulo" name="parameters"/>
  </wsdl:message>
  <wsdl:message name="consultarPedidoAlteracaoVlrNominalVenctoTituloRequest">
    <wsdl:part element="impl:consultarPedidoAlteracaoVlrNominalVenctoTitulo" name="parameters"/>
  </wsdl:message>
  <wsdl:portType name="CBNPC_Services">
    <wsdl:operation name="incluirTituloEmPrioridade">
      <wsdl:input message="impl:incluirTituloEmPrioridadeRequest" name="incluirTituloEmPrioridadeRequest"/>
      <wsdl:output message="impl:incluirTituloEmPrioridadeResponse" name="incluirTituloEmPrioridadeResponse"/>
    </wsdl:operation>
    <wsdl:operation name="consultarPedidoInclusaoTitulo">
      <wsdl:input message="impl:consultarPedidoInclusaoTituloRequest" name="consultarPedidoInclusaoTituloRequest"/>
      <wsdl:output message="impl:consultarPedidoInclusaoTituloResponse" name="consultarPedidoInclusaoTituloResponse"/>
    </wsdl:operation>
    <wsdl:operation name="consultarPedidoAlteracaoVlrNominalVenctoTitulo">
      <wsdl:input message="impl:consultarPedidoAlteracaoVlrNominalVenctoTituloRequest" name="consultarPedidoAlteracaoVlrNominalVenctoTituloRequest"/>
      <wsdl:output message="impl:consultarPedidoAlteracaoVlrNominalVenctoTituloResponse" name="consultarPedidoAlteracaoVlrNominalVenctoTituloResponse"/>
    </wsdl:operation>
    <wsdl:operation name="alterarVlrNominalVenctoTitulo">
      <wsdl:input message="impl:alterarVlrNominalVenctoTituloRequest" name="alterarVlrNominalVenctoTituloRequest"/>
      <wsdl:output message="impl:alterarVlrNominalVenctoTituloResponse" name="alterarVlrNominalVenctoTituloResponse"/>
    </wsdl:operation>
    <wsdl:operation name="movBaixasCB">
      <wsdl:input message="impl:movBaixasCBRequest" name="movBaixasCBRequest"/>
      <wsdl:output message="impl:movBaixasCBResponse" name="movBaixasCBResponse"/>
    </wsdl:operation>
  </wsdl:portType>
  <wsdl:binding name="CBNPC_ServicesSoapBinding" type="impl:CBNPC_Services">
    <wsdlsoap:binding style="document" transport="http://schemas.xmlsoap.org/soap/http"/>
    <wsdl:operation name="incluirTituloEmPrioridade">
      <wsdlsoap:operation soapAction=""/>
      <wsdl:input name="incluirTituloEmPrioridadeRequest">
        <wsdlsoap:body use="literal"/>
      </wsdl:input>
      <wsdl:output name="incluirTituloEmPrioridadeResponse">
        <wsdlsoap:body use="literal"/>
      </wsdl:output>
    </wsdl:operation>
    <wsdl:operation name="consultarPedidoInclusaoTitulo">
      <wsdlsoap:operation soapAction=""/>
      <wsdl:input name="consultarPedidoInclusaoTituloRequest">
        <wsdlsoap:body use="literal"/>
      </wsdl:input>
      <wsdl:output name="consultarPedidoInclusaoTituloResponse">
        <wsdlsoap:body use="literal"/>
      </wsdl:output>
    </wsdl:operation>
    <wsdl:operation name="consultarPedidoAlteracaoVlrNominalVenctoTitulo">
      <wsdlsoap:operation soapAction=""/>
      <wsdl:input name="consultarPedidoAlteracaoVlrNominalVenctoTituloRequest">
        <wsdlsoap:body use="literal"/>
      </wsdl:input>
      <wsdl:output name="consultarPedidoAlteracaoVlrNominalVenctoTituloResponse">
        <wsdlsoap:body use="literal"/>
      </wsdl:output>
    </wsdl:operation>
    <wsdl:operation name="alterarVlrNominalVenctoTitulo">
      <wsdlsoap:operation soapAction=""/>
      <wsdl:input name="alterarVlrNominalVenctoTituloRequest">
        <wsdlsoap:body use="literal"/>
      </wsdl:input>
      <wsdl:output name="alterarVlrNominalVenctoTituloResponse">
        <wsdlsoap:body use="literal"/>
      </wsdl:output>
    </wsdl:operation>
    <wsdl:operation name="movBaixasCB">
      <wsdlsoap:operation soapAction=""/>
      <wsdl:input name="movBaixasCBRequest">
        <wsdlsoap:body use="literal"/>
      </wsdl:input>
      <wsdl:output name="movBaixasCBResponse">
        <wsdlsoap:body use="literal"/>
      </wsdl:output>
    </wsdl:operation>
  </wsdl:binding>
  <wsdl:service name="CBNPC_ServicesService">
    <wsdl:port binding="impl:CBNPC_ServicesSoapBinding" name="CBNPC_Services">
      <wsdlsoap:address location="http://corebancario-hmg.modal.net.br:8082/ABCBWS/services/CBNPC_Services"/>
    </wsdl:port>
  </wsdl:service>
</wsdl:definitions>]]></con:content><con:type>http://schemas.xmlsoap.org/wsdl/</con:type></con:part></con:definitionCache><con:endpoints><con:endpoint>http://corebancario-hmg.modal.net.br:8082/ABCBWS/services/CBNPC_Services</con:endpoint></con:endpoints><con:operation id="3684e29f-3d2c-4a0a-b65e-1b76345de5c9" isOneWay="false" action="" name="alterarVlrNominalVenctoTitulo" bindingOperationName="alterarVlrNominalVenctoTitulo" type="Request-Response" outputName="alterarVlrNominalVenctoTituloResponse" inputName="alterarVlrNominalVenctoTituloRequest" receivesAttachments="false" sendsAttachments="false" anonymous="optional"><con:settings/><con:call id="43499ca7-a9f0-4ceb-bfea-e7299a2d6b31" name="Request 1"><con:settings/><con:encoding>UTF-8</con:encoding><con:endpoint>http://corebancario-hmg.modal.net.br:8082/ABCBWS/services/CBNPC_Services</con:endpoint><con:request><![CDATA[<soapenv:Envelope xmlns:soapenv="http://schemas.xmlsoap.org/soap/envelope/" xmlns:aut="http://autbank.com.br">\r
   <soapenv:Header/>\r
   <soapenv:Body>\r
      <aut:alterarVlrNominalVenctoTitulo>\r
         <aut:codCliente>?</aut:codCliente>\r
         <aut:codColigada>?</aut:codColigada>\r
         <aut:codAgencia>?</aut:codAgencia>\r
         <aut:numCarteira>?</aut:numCarteira>\r
         <aut:nossoNumero>?</aut:nossoNumero>\r
         <aut:vlrNominal>?</aut:vlrNominal>\r
         <aut:dataVencimento>?</aut:dataVencimento>\r
         <aut:qtdPagtosParciais>?</aut:qtdPagtosParciais>\r
         <aut:tipoVlrPercMinimo>?</aut:tipoVlrPercMinimo>\r
         <aut:vlrPercMinimo>?</aut:vlrPercMinimo>\r
         <aut:tipoVlrPercMaximo>?</aut:tipoVlrPercMaximo>\r
         <aut:vlrPercMaximo>?</aut:vlrPercMaximo>\r
         <aut:usuario>?</aut:usuario>\r
         <aut:senha>?</aut:senha>\r
      </aut:alterarVlrNominalVenctoTitulo>\r
   </soapenv:Body>\r
</soapenv:Envelope>]]></con:request><con:wsaConfig mustUnderstand="NONE" version="200508" action="http://autbank.com.br/CBNPC_Services/alterarVlrNominalVenctoTituloRequest"/></con:call></con:operation><con:operation id="50dd40b9-c25d-4773-b29c-83b962b62317" isOneWay="false" action="" name="consultarPedidoAlteracaoVlrNominalVenctoTitulo" bindingOperationName="consultarPedidoAlteracaoVlrNominalVenctoTitulo" type="Request-Response" outputName="consultarPedidoAlteracaoVlrNominalVenctoTituloResponse" inputName="consultarPedidoAlteracaoVlrNominalVenctoTituloRequest" receivesAttachments="false" sendsAttachments="false" anonymous="optional"><con:settings/><con:call id="90bc0852-46f6-43ef-963c-a5ad44d518a6" name="Request 1"><con:settings/><con:encoding>UTF-8</con:encoding><con:endpoint>http://corebancario-hmg.modal.net.br:8082/ABCBWS/services/CBNPC_Services</con:endpoint><con:request><![CDATA[<soapenv:Envelope xmlns:soapenv="http://schemas.xmlsoap.org/soap/envelope/" xmlns:aut="http://autbank.com.br">\r
   <soapenv:Header/>\r
   <soapenv:Body>\r
      <aut:consultarPedidoAlteracaoVlrNominalVenctoTitulo>\r
         <aut:codCliente>?</aut:codCliente>\r
         <aut:codColigada>?</aut:codColigada>\r
         <aut:codAgencia>?</aut:codAgencia>\r
         <aut:numCarteira>?</aut:numCarteira>\r
         <aut:nossoNumero>?</aut:nossoNumero>\r
         <aut:usuario>?</aut:usuario>\r
         <aut:senha>?</aut:senha>\r
         <aut:numCtrlLegado>?</aut:numCtrlLegado>\r
         <aut:dataLegado>?</aut:dataLegado>\r
      </aut:consultarPedidoAlteracaoVlrNominalVenctoTitulo>\r
   </soapenv:Body>\r
</soapenv:Envelope>]]></con:request><con:wsaConfig mustUnderstand="NONE" version="200508" action="http://autbank.com.br/CBNPC_Services/consultarPedidoAlteracaoVlrNominalVenctoTituloRequest"/></con:call></con:operation><con:operation id="06f87125-0e50-4991-bebe-c43eec6831a6" isOneWay="false" action="" name="consultarPedidoInclusaoTitulo" bindingOperationName="consultarPedidoInclusaoTitulo" type="Request-Response" outputName="consultarPedidoInclusaoTituloResponse" inputName="consultarPedidoInclusaoTituloRequest" receivesAttachments="false" sendsAttachments="false" anonymous="optional"><con:settings/><con:call id="ba55e8c5-d668-4c4e-9cb0-adf7bd89b40b" name="Request 1"><con:settings/><con:encoding>UTF-8</con:encoding><con:endpoint>http://corebancario-hmg.modal.net.br:8082/ABCBWS/services/CBNPC_Services</con:endpoint><con:request><![CDATA[<soapenv:Envelope xmlns:soapenv="http://schemas.xmlsoap.org/soap/envelope/" xmlns:aut="http://autbank.com.br">\r
   <soapenv:Header/>\r
   <soapenv:Body>\r
      <aut:consultarPedidoInclusaoTitulo>\r
         <aut:codCliente>?</aut:codCliente>\r
         <aut:codColigada>?</aut:codColigada>\r
         <aut:codAgencia>?</aut:codAgencia>\r
         <aut:numCarteira>?</aut:numCarteira>\r
         <aut:nossoNumero>?</aut:nossoNumero>\r
         <aut:usuario>?</aut:usuario>\r
         <aut:senha>?</aut:senha>\r
         <aut:numCtrlLegado>?</aut:numCtrlLegado>\r
         <aut:dataLegado>?</aut:dataLegado>\r
      </aut:consultarPedidoInclusaoTitulo>\r
   </soapenv:Body>\r
</soapenv:Envelope>]]></con:request><con:wsaConfig mustUnderstand="NONE" version="200508" action="http://autbank.com.br/CBNPC_Services/consultarPedidoInclusaoTituloRequest"/></con:call></con:operation><con:operation id="a8154def-f1e3-44ba-91b8-87a669a0b216" isOneWay="false" action="" name="incluirTituloEmPrioridade" bindingOperationName="incluirTituloEmPrioridade" type="Request-Response" outputName="incluirTituloEmPrioridadeResponse" inputName="incluirTituloEmPrioridadeRequest" receivesAttachments="false" sendsAttachments="false" anonymous="optional"><con:settings/><con:call id="22929e35-aec3-4b3f-8a1a-8ebb5f445fc9" name="Request 1"><con:settings/><con:encoding>UTF-8</con:encoding><con:endpoint>http://corebancario-hmg.modal.net.br:8082/ABCBWS/services/CBNPC_Services</con:endpoint><con:request><![CDATA[<soapenv:Envelope xmlns:soapenv="http://schemas.xmlsoap.org/soap/envelope/" xmlns:aut="http://autbank.com.br">\r
   <soapenv:Header/>\r
   <soapenv:Body>\r
      <aut:incluirTituloEmPrioridade>\r
         <aut:codCliente>?</aut:codCliente>\r
         <aut:numContaHeader>?</aut:numContaHeader>\r
         <aut:numCarteira>?</aut:numCarteira>\r
         <aut:nossoNumero>?</aut:nossoNumero>\r
         <aut:codBanco>?</aut:codBanco>\r
         <aut:codModalBancos>?</aut:codModalBancos>\r
         <aut:nossoNumeroBancos>?</aut:nossoNumeroBancos>\r
         <aut:codEspecieDoc>?</aut:codEspecieDoc>\r
         <aut:vlrNominal>?</aut:vlrNominal>\r
         <aut:vlrAbatimento>?</aut:vlrAbatimento>\r
         <aut:dataEmissao>?</aut:dataEmissao>\r
         <aut:dataVencimento>?</aut:dataVencimento>\r
         <aut:seuNumero>?</aut:seuNumero>\r
         <aut:aceite>?</aut:aceite>\r
         <aut:cnpjCPF>?</aut:cnpjCPF>\r
         <aut:tipoPessoa>?</aut:tipoPessoa>\r
         <aut:nome>?</aut:nome>\r
         <aut:endereco>?</aut:endereco>\r
         <aut:bairro>?</aut:bairro>\r
         <aut:cidade>?</aut:cidade>\r
         <aut:uf>?</aut:uf>\r
         <aut:cep>?</aut:cep>\r
         <aut:email>?</aut:email>\r
         <aut:ddd>?</aut:ddd>\r
         <aut:telefone>?</aut:telefone>\r
         <aut:campoLivre>?</aut:campoLivre>\r
         <aut:tipoPessoaSacador>?</aut:tipoPessoaSacador>\r
         <aut:cnpjCPFSacador>?</aut:cnpjCPFSacador>\r
         <aut:nomeSacador>?</aut:nomeSacador>\r
         <aut:enderecoSacador>?</aut:enderecoSacador>\r
         <aut:bairroSacador>?</aut:bairroSacador>\r
         <aut:cepSacador>?</aut:cepSacador>\r
         <aut:cidadeSacador>?</aut:cidadeSacador>\r
         <aut:ufSacador>?</aut:ufSacador>\r
         <aut:mensagem1>?</aut:mensagem1>\r
         <aut:mensagem2>?</aut:mensagem2>\r
         <aut:mensagem3>?</aut:mensagem3>\r
         <aut:mensagem4>?</aut:mensagem4>\r
         <aut:mensagem5>?</aut:mensagem5>\r
         <aut:codDesconto1>?</aut:codDesconto1>\r
         <aut:vlrDesconto1>?</aut:vlrDesconto1>\r
         <aut:txDesconto1>?</aut:txDesconto1>\r
         <aut:dataDesconto1>?</aut:dataDesconto1>\r
         <aut:codDesconto2>?</aut:codDesconto2>\r
         <aut:vlrDesconto2>?</aut:vlrDesconto2>\r
         <aut:txDesconto2>?</aut:txDesconto2>\r
         <aut:dataDesconto2>?</aut:dataDesconto2>\r
         <aut:codDesconto3>?</aut:codDesconto3>\r
         <aut:vlrDesconto3>?</aut:vlrDesconto3>\r
         <aut:txDesconto3>?</aut:txDesconto3>\r
         <aut:dataDesconto3>?</aut:dataDesconto3>\r
         <aut:codMulta>?</aut:codMulta>\r
         <aut:dataMulta>?</aut:dataMulta>\r
         <aut:txMulta>?</aut:txMulta>\r
         <aut:vlrMulta>?</aut:vlrMulta>\r
         <aut:codMora>?</aut:codMora>\r
         <aut:dataMora>?</aut:dataMora>\r
         <aut:txMora>?</aut:txMora>\r
         <aut:vlrMora>?</aut:vlrMora>\r
         <aut:possuiAgenda>?</aut:possuiAgenda>\r
         <aut:tipoAgendamento>?</aut:tipoAgendamento>\r
         <aut:criterioDias>?</aut:criterioDias>\r
         <aut:numDiasAgenda>?</aut:numDiasAgenda>\r
         <aut:codIndice>?</aut:codIndice>\r
         <aut:indPagtoParcial>?</aut:indPagtoParcial>\r
         <aut:qtdPagtosParciais>?</aut:qtdPagtosParciais>\r
         <aut:tipoVlrPercMinimo>?</aut:tipoVlrPercMinimo>\r
         <aut:vlrPercMinimo>?</aut:vlrPercMinimo>\r
         <aut:tipoVlrPercMaximo>?</aut:tipoVlrPercMaximo>\r
         <aut:vlrPercMaximo>?</aut:vlrPercMaximo>\r
         <aut:tipoAutRecDivergente>?</aut:tipoAutRecDivergente>\r
         <aut:usuario>?</aut:usuario>\r
         <aut:senha>?</aut:senha>\r
         <aut:codColigadaContaCreditar>?</aut:codColigadaContaCreditar>\r
         <aut:codAgenciaContaCreditar>?</aut:codAgenciaContaCreditar>\r
         <aut:numContaCreditar>?</aut:numContaCreditar>\r
      </aut:incluirTituloEmPrioridade>\r
   </soapenv:Body>\r
</soapenv:Envelope>]]></con:request><con:wsaConfig mustUnderstand="NONE" version="200508" action="http://autbank.com.br/CBNPC_Services/incluirTituloEmPrioridadeRequest"/></con:call></con:operation><con:operation id="5853fe35-c160-4a49-9c5d-9f748c5419d9" isOneWay="false" action="" name="movBaixasCB" bindingOperationName="movBaixasCB" type="Request-Response" outputName="movBaixasCBResponse" inputName="movBaixasCBRequest" receivesAttachments="false" sendsAttachments="false" anonymous="optional"><con:settings/><con:call id="b8d674f6-ba4a-4555-8623-83a0145e5d8b" name="Request 1"><con:settings/><con:encoding>UTF-8</con:encoding><con:endpoint>http://corebancario-hmg.modal.net.br:8082/ABCBWS/services/CBNPC_Services</con:endpoint><con:request><![CDATA[<soapenv:Envelope xmlns:soapenv="http://schemas.xmlsoap.org/soap/envelope/" xmlns:aut="http://autbank.com.br">\r
   <soapenv:Header/>\r
   <soapenv:Body>\r
      <aut:movBaixasCB>\r
         <aut:codColigada>?</aut:codColigada>\r
         <aut:codAgencia>?</aut:codAgencia>\r
         <aut:numCarteira>?</aut:numCarteira>\r
         <aut:nossoNumero>?</aut:nossoNumero>\r
         <aut:dataBaixa>?</aut:dataBaixa>\r
         <aut:codBaixa>?</aut:codBaixa>\r
         <aut:cobrarTarifa>?</aut:cobrarTarifa>\r
         <aut:formaCadastramento>?</aut:formaCadastramento>\r
         <aut:usuario>?</aut:usuario>\r
         <aut:senha>?</aut:senha>\r
      </aut:movBaixasCB>\r
   </soapenv:Body>\r
</soapenv:Envelope>]]></con:request><con:wsaConfig mustUnderstand="NONE" version="200508" action="http://autbank.com.br/CBNPC_Services/movBaixasCBRequest"/></con:call></con:operation></con:interface><con:properties/><con:wssContainer/><con:oAuth2ProfileContainer/><con:oAuth1ProfileContainer/></con:soapui-project>