<?xml version="1.0" encoding="UTF-8"?>
<con:soapui-project id="93607a68-6572-474a-bcbd-d4f6572e02ef" activeEnvironment="Default" name="HMG - Cobrança - CB_Services" soapui-version="5.6.0" abortOnError="false" runType="SEQUENTIAL" xmlns:con="http://eviware.com/soapui/config"><con:settings/><con:interface xsi:type="con:WsdlInterface" id="4efb9cef-51b4-48ea-9081-67946c0330fe" wsaVersion="NONE" name="CB_ServicesSoapBinding" type="wsdl" bindingName="{http://autbank.com.br}CB_ServicesSoapBinding" soapVersion="1_1" anonymous="optional" definition="http://corebancario-hmg.modal.net.br:8082/ABCBWS/services/CB_Services?wsdl" xmlns:xsi="http://www.w3.org/2001/XMLSchema-instance"><con:settings><con:setting id="CreateWsdlDocumentationAction@report-directory">C:\Users\F000908\Documents\Sistemas\Autbank\ABCBWS\Documentos</con:setting></con:settings><con:definitionCache type="TEXT" rootPart="http://corebancario-hmg.modal.net.br:8082/ABCBWS/services/CB_Services?wsdl"><con:part><con:url>http://corebancario-hmg.modal.net.br:8082/ABCBWS/services/CB_Services?wsdl</con:url><con:content><![CDATA[<wsdl:definitions targetNamespace="http://autbank.com.br" xmlns:apachesoap="http://xml.apache.org/xml-soap" xmlns:impl="http://autbank.com.br" xmlns:intf="http://autbank.com.br" xmlns:wsdl="http://schemas.xmlsoap.org/wsdl/" xmlns:wsdlsoap="http://schemas.xmlsoap.org/wsdl/soap/" xmlns:xsd="http://www.w3.org/2001/XMLSchema">
  <!--WSDL created by Apache Axis version: 1.4
Built on Apr 22, 2006 (06:55:48 PDT)-->
  <wsdl:types>
    <schema elementFormDefault="qualified" targetNamespace="http://autbank.com.br" xmlns="http://www.w3.org/2001/XMLSchema">
      <element name="listaClienteSaldo">
        <complexType/>
      </element>
      <element name="listaClienteSaldoResponse">
        <complexType>
          <sequence>
            <element maxOccurs="unbounded" name="listaClienteSaldoReturn" type="impl:TOListaClienteSaldo"/>
          </sequence>
        </complexType>
      </element>
      <complexType name="TOListaClienteSaldo">
        <sequence>
          <element name="codCliente" nillable="true" type="xsd:string"/>
          <element name="dataBase" nillable="true" type="xsd:string"/>
          <element name="vlrSaldo" nillable="true" type="xsd:decimal"/>
        </sequence>
      </complexType>
      <complexType name="TEException">
        <sequence>
          <element name="codErro" nillable="true" type="xsd:string"/>
          <element name="mensagem" nillable="true" type="xsd:string"/>
        </sequence>
      </complexType>
      <element name="fault" type="impl:TEException"/>
      <element name="consultaCedenteEOperacaoCBSimples">
        <complexType>
          <sequence>
            <element name="codCliente" type="xsd:string"/>
          </sequence>
        </complexType>
      </element>
      <element name="consultaCedenteEOperacaoCBSimplesResponse">
        <complexType>
          <sequence>
            <element maxOccurs="unbounded" name="consultaCedenteEOperacaoCBSimplesReturn" type="impl:TOConsultaCedenteEOperacaoCBSimples"/>
          </sequence>
        </complexType>
      </element>
      <complexType name="TOConsultaCedenteEOperacaoCBSimples">
        <sequence>
          <element name="codAgencia" nillable="true" type="xsd:string"/>
          <element name="codAgenciaMovto" nillable="true" type="xsd:string"/>
          <element name="codCliente" nillable="true" type="xsd:string"/>
          <element name="codColigada" nillable="true" type="xsd:string"/>
          <element name="codColigadaMovto" nillable="true" type="xsd:string"/>
          <element name="codErro" nillable="true" type="xsd:string"/>
          <element name="codProduto" nillable="true" type="xsd:string"/>
          <element name="codSituacaoNaIF" nillable="true" type="xsd:string"/>
          <element name="codSituacaoNoDDA" nillable="true" type="xsd:string"/>
          <element name="ctaHeader" nillable="true" type="xsd:string"/>
          <element name="mensErro" nillable="true" type="xsd:string"/>
          <element name="nomeCliente" nillable="true" type="xsd:string"/>
          <element name="nomeProduto" nillable="true" type="xsd:string"/>
          <element name="numContaMovto" nillable="true" type="xsd:string"/>
          <element name="numOperacao" nillable="true" type="xsd:string"/>
        </sequence>
      </complexType>
      <element name="incluirCedenteEOperacaoCBSimples">
        <complexType>
          <sequence>
            <element name="codColigada" type="xsd:string"/>
            <element name="codAgencia" type="xsd:string"/>
            <element name="codCliente" type="xsd:string"/>
            <element name="codProduto" type="xsd:string"/>
            <element name="codColigadaMovto" type="xsd:string"/>
            <element name="codAgenciaMovto" type="xsd:string"/>
            <element name="numContaMovto" type="xsd:string"/>
          </sequence>
        </complexType>
      </element>
      <element name="incluirCedenteEOperacaoCBSimplesResponse">
        <complexType>
          <sequence>
            <element name="incluirCedenteEOperacaoCBSimplesReturn" type="impl:TOIncluirCedenteEOperacaoCBSimples"/>
          </sequence>
        </complexType>
      </element>
      <complexType name="TOIncluirCedenteEOperacaoCBSimples">
        <sequence>
          <element name="codAgencia" nillable="true" type="xsd:string"/>
          <element name="codCliente" nillable="true" type="xsd:string"/>
          <element name="codColigada" nillable="true" type="xsd:string"/>
          <element name="codErro" nillable="true" type="xsd:string"/>
          <element name="ctaHeader" nillable="true" type="xsd:string"/>
          <element name="mensErro" nillable="true" type="xsd:string"/>
          <element name="nomeCliente" nillable="true" type="xsd:string"/>
          <element name="numOperacao" nillable="true" type="xsd:string"/>
        </sequence>
      </complexType>
    </schema>
  </wsdl:types>
  <wsdl:message name="listaClienteSaldoResponse">
    <wsdl:part element="impl:listaClienteSaldoResponse" name="parameters"/>
  </wsdl:message>
  <wsdl:message name="incluirCedenteEOperacaoCBSimplesRequest">
    <wsdl:part element="impl:incluirCedenteEOperacaoCBSimples" name="parameters"/>
  </wsdl:message>
  <wsdl:message name="listaClienteSaldoRequest">
    <wsdl:part element="impl:listaClienteSaldo" name="parameters"/>
  </wsdl:message>
  <wsdl:message name="TEException">
    <wsdl:part element="impl:fault" name="fault"/>
  </wsdl:message>
  <wsdl:message name="consultaCedenteEOperacaoCBSimplesResponse">
    <wsdl:part element="impl:consultaCedenteEOperacaoCBSimplesResponse" name="parameters"/>
  </wsdl:message>
  <wsdl:message name="consultaCedenteEOperacaoCBSimplesRequest">
    <wsdl:part element="impl:consultaCedenteEOperacaoCBSimples" name="parameters"/>
  </wsdl:message>
  <wsdl:message name="incluirCedenteEOperacaoCBSimplesResponse">
    <wsdl:part element="impl:incluirCedenteEOperacaoCBSimplesResponse" name="parameters"/>
  </wsdl:message>
  <wsdl:portType name="CB_Services">
    <wsdl:operation name="listaClienteSaldo">
      <wsdl:input message="impl:listaClienteSaldoRequest" name="listaClienteSaldoRequest"/>
      <wsdl:output message="impl:listaClienteSaldoResponse" name="listaClienteSaldoResponse"/>
      <wsdl:fault message="impl:TEException" name="TEException"/>
    </wsdl:operation>
    <wsdl:operation name="consultaCedenteEOperacaoCBSimples">
      <wsdl:input message="impl:consultaCedenteEOperacaoCBSimplesRequest" name="consultaCedenteEOperacaoCBSimplesRequest"/>
      <wsdl:output message="impl:consultaCedenteEOperacaoCBSimplesResponse" name="consultaCedenteEOperacaoCBSimplesResponse"/>
      <wsdl:fault message="impl:TEException" name="TEException"/>
    </wsdl:operation>
    <wsdl:operation name="incluirCedenteEOperacaoCBSimples">
      <wsdl:input message="impl:incluirCedenteEOperacaoCBSimplesRequest" name="incluirCedenteEOperacaoCBSimplesRequest"/>
      <wsdl:output message="impl:incluirCedenteEOperacaoCBSimplesResponse" name="incluirCedenteEOperacaoCBSimplesResponse"/>
      <wsdl:fault message="impl:TEException" name="TEException"/>
    </wsdl:operation>
  </wsdl:portType>
  <wsdl:binding name="CB_ServicesSoapBinding" type="impl:CB_Services">
    <wsdlsoap:binding style="document" transport="http://schemas.xmlsoap.org/soap/http"/>
    <wsdl:operation name="listaClienteSaldo">
      <wsdlsoap:operation soapAction=""/>
      <wsdl:input name="listaClienteSaldoRequest">
        <wsdlsoap:body use="literal"/>
      </wsdl:input>
      <wsdl:output name="listaClienteSaldoResponse">
        <wsdlsoap:body use="literal"/>
      </wsdl:output>
      <wsdl:fault name="TEException">
        <wsdlsoap:fault name="TEException" use="literal"/>
      </wsdl:fault>
    </wsdl:operation>
    <wsdl:operation name="consultaCedenteEOperacaoCBSimples">
      <wsdlsoap:operation soapAction=""/>
      <wsdl:input name="consultaCedenteEOperacaoCBSimplesRequest">
        <wsdlsoap:body use="literal"/>
      </wsdl:input>
      <wsdl:output name="consultaCedenteEOperacaoCBSimplesResponse">
        <wsdlsoap:body use="literal"/>
      </wsdl:output>
      <wsdl:fault name="TEException">
        <wsdlsoap:fault name="TEException" use="literal"/>
      </wsdl:fault>
    </wsdl:operation>
    <wsdl:operation name="incluirCedenteEOperacaoCBSimples">
      <wsdlsoap:operation soapAction=""/>
      <wsdl:input name="incluirCedenteEOperacaoCBSimplesRequest">
        <wsdlsoap:body use="literal"/>
      </wsdl:input>
      <wsdl:output name="incluirCedenteEOperacaoCBSimplesResponse">
        <wsdlsoap:body use="literal"/>
      </wsdl:output>
      <wsdl:fault name="TEException">
        <wsdlsoap:fault name="TEException" use="literal"/>
      </wsdl:fault>
    </wsdl:operation>
  </wsdl:binding>
  <wsdl:service name="CB_ServicesService">
    <wsdl:port binding="impl:CB_ServicesSoapBinding" name="CB_Services">
      <wsdlsoap:address location="http://corebancario-hmg.modal.net.br:8082/ABCBWS/services/CB_Services"/>
    </wsdl:port>
  </wsdl:service>
</wsdl:definitions>]]></con:content><con:type>http://schemas.xmlsoap.org/wsdl/</con:type></con:part></con:definitionCache><con:endpoints><con:endpoint>http://corebancario-hmg.modal.net.br:8082/ABCBWS/services/CB_Services</con:endpoint></con:endpoints><con:operation id="9c8ee54b-f28e-4ac2-9a40-c382a465a641" isOneWay="false" action="" name="consultaCedenteEOperacaoCBSimples" bindingOperationName="consultaCedenteEOperacaoCBSimples" type="Request-Response" outputName="consultaCedenteEOperacaoCBSimplesResponse" inputName="consultaCedenteEOperacaoCBSimplesRequest" receivesAttachments="false" sendsAttachments="false" anonymous="optional"><con:settings/><con:call id="83a9166c-d12a-4271-9c4f-fb3f7f4266dc" name="Request 1"><con:settings/><con:encoding>UTF-8</con:encoding><con:endpoint>http://corebancario-hmg.modal.net.br:8082/ABCBWS/services/CB_Services</con:endpoint><con:request><![CDATA[<soapenv:Envelope xmlns:soapenv="http://schemas.xmlsoap.org/soap/envelope/" xmlns:aut="http://autbank.com.br">\r
   <soapenv:Header/>\r
   <soapenv:Body>\r
      <aut:consultaCedenteEOperacaoCBSimples>\r
         <aut:codCliente>?</aut:codCliente>\r
      </aut:consultaCedenteEOperacaoCBSimples>\r
   </soapenv:Body>\r
</soapenv:Envelope>]]></con:request><con:wsaConfig mustUnderstand="NONE" version="200508" action="http://autbank.com.br/CB_Services/consultaCedenteEOperacaoCBSimplesRequest"/></con:call></con:operation><con:operation id="2726f069-d7f6-4394-96e1-395bd1c23b9a" isOneWay="false" action="" name="incluirCedenteEOperacaoCBSimples" bindingOperationName="incluirCedenteEOperacaoCBSimples" type="Request-Response" outputName="incluirCedenteEOperacaoCBSimplesResponse" inputName="incluirCedenteEOperacaoCBSimplesRequest" receivesAttachments="false" sendsAttachments="false" anonymous="optional"><con:settings/><con:call id="4ff22963-79c4-45e6-80d9-750769ac1fda" name="Request 1"><con:settings/><con:encoding>UTF-8</con:encoding><con:endpoint>http://corebancario-hmg.modal.net.br:8082/ABCBWS/services/CB_Services</con:endpoint><con:request><![CDATA[<soapenv:Envelope xmlns:soapenv="http://schemas.xmlsoap.org/soap/envelope/" xmlns:aut="http://autbank.com.br">\r
   <soapenv:Header/>\r
   <soapenv:Body>\r
      <aut:incluirCedenteEOperacaoCBSimples>\r
         <aut:codColigada>?</aut:codColigada>\r
         <aut:codAgencia>?</aut:codAgencia>\r
         <aut:codCliente>?</aut:codCliente>\r
         <aut:codProduto>?</aut:codProduto>\r
         <aut:codColigadaMovto>?</aut:codColigadaMovto>\r
         <aut:codAgenciaMovto>?</aut:codAgenciaMovto>\r
         <aut:numContaMovto>?</aut:numContaMovto>\r
      </aut:incluirCedenteEOperacaoCBSimples>\r
   </soapenv:Body>\r
</soapenv:Envelope>]]></con:request><con:wsaConfig mustUnderstand="NONE" version="200508" action="http://autbank.com.br/CB_Services/incluirCedenteEOperacaoCBSimplesRequest"/></con:call></con:operation><con:operation id="9b2632c1-0326-4485-b603-00a944602e42" isOneWay="false" action="" name="listaClienteSaldo" bindingOperationName="listaClienteSaldo" type="Request-Response" outputName="listaClienteSaldoResponse" inputName="listaClienteSaldoRequest" receivesAttachments="false" sendsAttachments="false" anonymous="optional"><con:settings/><con:call id="9c11109c-680c-48fa-b824-aa6b9beca69d" name="Request 1"><con:settings/><con:encoding>UTF-8</con:encoding><con:endpoint>http://corebancario-hmg.modal.net.br:8082/ABCBWS/services/CB_Services</con:endpoint><con:request><![CDATA[<soapenv:Envelope xmlns:soapenv="http://schemas.xmlsoap.org/soap/envelope/" xmlns:aut="http://autbank.com.br">\r
   <soapenv:Header/>\r
   <soapenv:Body>\r
      <aut:listaClienteSaldo/>\r
   </soapenv:Body>\r
</soapenv:Envelope>]]></con:request><con:wsaConfig mustUnderstand="NONE" version="200508" action="http://autbank.com.br/CB_Services/listaClienteSaldoRequest"/></con:call></con:operation></con:interface><con:properties/><con:wssContainer/><con:oAuth2ProfileContainer/><con:oAuth1ProfileContainer/></con:soapui-project>