<?xml version="1.0" encoding="UTF-8"?>
<con:soapui-project id="67300a13-7410-4160-a69c-6ca5a5fb921c" activeEnvironment="Default" name="HMG - Cobranca - CBServicesBoletos" soapui-version="5.6.0" abortOnError="false" runType="SEQUENTIAL" xmlns:con="http://eviware.com/soapui/config"><con:settings/><con:interface xsi:type="con:WsdlInterface" id="f7dd9bac-c2ef-46ba-9cd4-2c34ef028aec" wsaVersion="NONE" name="CBServicesBoletosSoapBinding" type="wsdl" bindingName="{http://autbank.com.br}CBServicesBoletosSoapBinding" soapVersion="1_1" anonymous="optional" definition="http://corebancario-hmg.modal.net.br:8082/ABCBWS/services/CBServicesBoletos?wsdl" xmlns:xsi="http://www.w3.org/2001/XMLSchema-instance"><con:settings><con:setting id="CreateWsdlDocumentationAction@report-directory">C:\Users\F000908\Documents\Sistemas\Autbank\ABCBWS\Documentos</con:setting></con:settings><con:definitionCache type="TEXT" rootPart="http://corebancario-hmg.modal.net.br:8082/ABCBWS/services/CBServicesBoletos?wsdl"><con:part><con:url>http://corebancario-hmg.modal.net.br:8082/ABCBWS/services/CBServicesBoletos?wsdl</con:url><con:content><![CDATA[<wsdl:definitions targetNamespace="http://autbank.com.br" xmlns:apachesoap="http://xml.apache.org/xml-soap" xmlns:impl="http://autbank.com.br" xmlns:intf="http://autbank.com.br" xmlns:wsdl="http://schemas.xmlsoap.org/wsdl/" xmlns:wsdlsoap="http://schemas.xmlsoap.org/wsdl/soap/" xmlns:xsd="http://www.w3.org/2001/XMLSchema">
  <!--WSDL created by Apache Axis version: 1.4
Built on Apr 22, 2006 (06:55:48 PDT)-->
  <wsdl:types>
    <schema elementFormDefault="qualified" targetNamespace="http://autbank.com.br" xmlns="http://www.w3.org/2001/XMLSchema">
      <element name="emissaoBoletoIndividual">
        <complexType>
          <sequence>
            <element name="codColigada" type="xsd:string"/>
            <element name="codAgencia" type="xsd:string"/>
            <element name="numCarteira" type="xsd:string"/>
            <element name="nossoNumero" type="xsd:string"/>
            <element name="usuario" type="xsd:string"/>
            <element name="senha" type="xsd:string"/>
          </sequence>
        </complexType>
      </element>
      <element name="emissaoBoletoIndividualResponse">
        <complexType>
          <sequence>
            <element name="emissaoBoletoIndividualReturn" type="xsd:string"/>
          </sequence>
        </complexType>
      </element>
      <complexType name="TEException">
        <sequence>
          <element name="codErro" nillable="true" type="xsd:string"/>
          <element name="mensagem" nillable="true" type="xsd:string"/>
        </sequence>
      </complexType>
      <element name="fault" type="impl:TEException"/>
      <element name="emissaoBoletoComImagem">
        <complexType>
          <sequence>
            <element name="codColigada" type="xsd:string"/>
            <element name="codAgencia" type="xsd:string"/>
            <element name="numCarteira" type="xsd:string"/>
            <element name="nossoNumero" type="xsd:string"/>
            <element name="usuario" type="xsd:string"/>
            <element name="senha" type="xsd:string"/>
          </sequence>
        </complexType>
      </element>
      <element name="emissaoBoletoComImagemResponse">
        <complexType>
          <sequence>
            <element name="emissaoBoletoComImagemReturn" type="impl:TOEmitirBoletoComImagem"/>
          </sequence>
        </complexType>
      </element>
      <complexType name="TOEmitirBoletoComImagem">
        <sequence>
          <element name="boletoImagem" nillable="true" type="xsd:string"/>
          <element name="boletoPDF" nillable="true" type="xsd:string"/>
        </sequence>
      </complexType>
    </schema>
  </wsdl:types>
  <wsdl:message name="emissaoBoletoComImagemRequest">
    <wsdl:part element="impl:emissaoBoletoComImagem" name="parameters"/>
  </wsdl:message>
  <wsdl:message name="TEException">
    <wsdl:part element="impl:fault" name="fault"/>
  </wsdl:message>
  <wsdl:message name="emissaoBoletoComImagemResponse">
    <wsdl:part element="impl:emissaoBoletoComImagemResponse" name="parameters"/>
  </wsdl:message>
  <wsdl:message name="emissaoBoletoIndividualResponse">
    <wsdl:part element="impl:emissaoBoletoIndividualResponse" name="parameters"/>
  </wsdl:message>
  <wsdl:message name="emissaoBoletoIndividualRequest">
    <wsdl:part element="impl:emissaoBoletoIndividual" name="parameters"/>
  </wsdl:message>
  <wsdl:portType name="CBServicesBoletos">
    <wsdl:operation name="emissaoBoletoIndividual">
      <wsdl:input message="impl:emissaoBoletoIndividualRequest" name="emissaoBoletoIndividualRequest"/>
      <wsdl:output message="impl:emissaoBoletoIndividualResponse" name="emissaoBoletoIndividualResponse"/>
      <wsdl:fault message="impl:TEException" name="TEException"/>
    </wsdl:operation>
    <wsdl:operation name="emissaoBoletoComImagem">
      <wsdl:input message="impl:emissaoBoletoComImagemRequest" name="emissaoBoletoComImagemRequest"/>
      <wsdl:output message="impl:emissaoBoletoComImagemResponse" name="emissaoBoletoComImagemResponse"/>
      <wsdl:fault message="impl:TEException" name="TEException"/>
    </wsdl:operation>
  </wsdl:portType>
  <wsdl:binding name="CBServicesBoletosSoapBinding" type="impl:CBServicesBoletos">
    <wsdlsoap:binding style="document" transport="http://schemas.xmlsoap.org/soap/http"/>
    <wsdl:operation name="emissaoBoletoIndividual">
      <wsdlsoap:operation soapAction=""/>
      <wsdl:input name="emissaoBoletoIndividualRequest">
        <wsdlsoap:body use="literal"/>
      </wsdl:input>
      <wsdl:output name="emissaoBoletoIndividualResponse">
        <wsdlsoap:body use="literal"/>
      </wsdl:output>
      <wsdl:fault name="TEException">
        <wsdlsoap:fault name="TEException" use="literal"/>
      </wsdl:fault>
    </wsdl:operation>
    <wsdl:operation name="emissaoBoletoComImagem">
      <wsdlsoap:operation soapAction=""/>
      <wsdl:input name="emissaoBoletoComImagemRequest">
        <wsdlsoap:body use="literal"/>
      </wsdl:input>
      <wsdl:output name="emissaoBoletoComImagemResponse">
        <wsdlsoap:body use="literal"/>
      </wsdl:output>
      <wsdl:fault name="TEException">
        <wsdlsoap:fault name="TEException" use="literal"/>
      </wsdl:fault>
    </wsdl:operation>
  </wsdl:binding>
  <wsdl:service name="CBServicesBoletosService">
    <wsdl:port binding="impl:CBServicesBoletosSoapBinding" name="CBServicesBoletos">
      <wsdlsoap:address location="http://corebancario-hmg.modal.net.br:8082/ABCBWS/services/CBServicesBoletos"/>
    </wsdl:port>
  </wsdl:service>
</wsdl:definitions>]]></con:content><con:type>http://schemas.xmlsoap.org/wsdl/</con:type></con:part></con:definitionCache><con:endpoints><con:endpoint>http://corebancario-hmg.modal.net.br:8082/ABCBWS/services/CBServicesBoletos</con:endpoint></con:endpoints><con:operation id="6b68bfeb-f7e7-42b9-957c-ca65ef4cc4fe" isOneWay="false" action="" name="emissaoBoletoComImagem" bindingOperationName="emissaoBoletoComImagem" type="Request-Response" outputName="emissaoBoletoComImagemResponse" inputName="emissaoBoletoComImagemRequest" receivesAttachments="false" sendsAttachments="false" anonymous="optional"><con:settings/><con:call id="88ad7bf5-ba30-49b0-a034-aaad1f916feb" name="Request 1"><con:settings/><con:encoding>UTF-8</con:encoding><con:endpoint>http://corebancario-hmg.modal.net.br:8082/ABCBWS/services/CBServicesBoletos</con:endpoint><con:request><![CDATA[<soapenv:Envelope xmlns:soapenv="http://schemas.xmlsoap.org/soap/envelope/" xmlns:aut="http://autbank.com.br">\r
   <soapenv:Header/>\r
   <soapenv:Body>\r
      <aut:emissaoBoletoComImagem>\r
         <aut:codColigada>?</aut:codColigada>\r
         <aut:codAgencia>?</aut:codAgencia>\r
         <aut:numCarteira>?</aut:numCarteira>\r
         <aut:nossoNumero>?</aut:nossoNumero>\r
         <aut:usuario>?</aut:usuario>\r
         <aut:senha>?</aut:senha>\r
      </aut:emissaoBoletoComImagem>\r
   </soapenv:Body>\r
</soapenv:Envelope>]]></con:request><con:wsaConfig mustUnderstand="NONE" version="200508" action="http://autbank.com.br/CBServicesBoletos/emissaoBoletoComImagemRequest"/></con:call></con:operation><con:operation id="20611865-b031-444d-84f8-7f68d8290c15" isOneWay="false" action="" name="emissaoBoletoIndividual" bindingOperationName="emissaoBoletoIndividual" type="Request-Response" outputName="emissaoBoletoIndividualResponse" inputName="emissaoBoletoIndividualRequest" receivesAttachments="false" sendsAttachments="false" anonymous="optional"><con:settings/><con:call id="8aaa079d-aa96-4d02-a272-124fa8d254e5" name="Request 1"><con:settings/><con:encoding>UTF-8</con:encoding><con:endpoint>http://corebancario-hmg.modal.net.br:8082/ABCBWS/services/CBServicesBoletos</con:endpoint><con:request><![CDATA[<soapenv:Envelope xmlns:soapenv="http://schemas.xmlsoap.org/soap/envelope/" xmlns:aut="http://autbank.com.br">\r
   <soapenv:Header/>\r
   <soapenv:Body>\r
      <aut:emissaoBoletoIndividual>\r
         <aut:codColigada>?</aut:codColigada>\r
         <aut:codAgencia>?</aut:codAgencia>\r
         <aut:numCarteira>?</aut:numCarteira>\r
         <aut:nossoNumero>?</aut:nossoNumero>\r
         <aut:usuario>?</aut:usuario>\r
         <aut:senha>?</aut:senha>\r
      </aut:emissaoBoletoIndividual>\r
   </soapenv:Body>\r
</soapenv:Envelope>]]></con:request><con:wsaConfig mustUnderstand="NONE" version="200508" action="http://autbank.com.br/CBServicesBoletos/emissaoBoletoIndividualRequest"/></con:call></con:operation></con:interface><con:properties/><con:wssContainer/><con:oAuth2ProfileContainer/><con:oAuth1ProfileContainer/></con:soapui-project>