<?xml version="1.0" encoding="UTF-8"?>
<con:soapui-project id="efb907ab-2d7d-4626-8ca3-224ce89c71ca" activeEnvironment="Default" name="HMG - CA WS" soapui-version="5.6.0" abortOnError="false" runType="SEQUENTIAL" xmlns:con="http://eviware.com/soapui/config"><con:settings/><con:interface xsi:type="con:WsdlInterface" id="e0d46455-5164-469e-b6e5-d4252a7321d7" wsaVersion="NONE" name="CAServicesSoapBinding" type="wsdl" bindingName="{http://ca.autbank.com.br}CAServicesSoapBinding" soapVersion="1_1" anonymous="optional" definition="http://corebancario-hmg.modal.net.br:8082/ABCAWS/services/CAServices?wsdl" xmlns:xsi="http://www.w3.org/2001/XMLSchema-instance"><con:settings><con:setting id="CreateWsdlDocumentationAction@report-directory">C:\Users\F000908\Documents\Sistemas\Autbank\Controle Acesso\Documentos</con:setting></con:settings><con:definitionCache type="TEXT" rootPart="http://corebancario-hmg.modal.net.br:8082/ABCAWS/services/CAServices?wsdl"><con:part><con:url>http://corebancario-hmg.modal.net.br:8082/ABCAWS/services/CAServices?wsdl</con:url><con:content><![CDATA[<wsdl:definitions targetNamespace="http://ca.autbank.com.br" xmlns:apachesoap="http://xml.apache.org/xml-soap" xmlns:impl="http://ca.autbank.com.br" xmlns:intf="http://ca.autbank.com.br" xmlns:wsdl="http://schemas.xmlsoap.org/wsdl/" xmlns:wsdlsoap="http://schemas.xmlsoap.org/wsdl/soap/" xmlns:xsd="http://www.w3.org/2001/XMLSchema">
  <!--WSDL created by Apache Axis version: 1.4
Built on Apr 22, 2006 (06:55:48 PDT)-->
  <wsdl:types>
    <schema elementFormDefault="qualified" targetNamespace="http://ca.autbank.com.br" xmlns="http://www.w3.org/2001/XMLSchema">
      <element name="incluirUsuario">
        <complexType>
          <sequence>
            <element name="login" type="xsd:string"/>
            <element name="nomeCompleto" type="xsd:string"/>
            <element name="cpf" type="xsd:string"/>
            <element name="departamento" type="xsd:string"/>
            <element name="email" type="xsd:string"/>
            <element name="empresa" type="xsd:string"/>
            <element name="agencia" type="xsd:string"/>
          </sequence>
        </complexType>
      </element>
      <element name="incluirUsuarioResponse">
        <complexType/>
      </element>
      <complexType name="TEException">
        <sequence>
          <element name="codErro" nillable="true" type="xsd:string"/>
          <element name="mensagem" nillable="true" type="xsd:string"/>
        </sequence>
      </complexType>
      <element name="fault" type="impl:TEException"/>
      <element name="incluirUsuarioPerfil">
        <complexType>
          <sequence>
            <element name="login" type="xsd:string"/>
            <element name="siglaSistema" type="xsd:string"/>
            <element name="simbGrupo" type="xsd:string"/>
          </sequence>
        </complexType>
      </element>
      <element name="incluirUsuarioPerfilResponse">
        <complexType/>
      </element>
      <element name="excluirUsuarioPerfil">
        <complexType>
          <sequence>
            <element name="login" type="xsd:string"/>
            <element name="siglaSistema" type="xsd:string"/>
          </sequence>
        </complexType>
      </element>
      <element name="excluirUsuarioPerfilResponse">
        <complexType/>
      </element>
      <element name="existeUsuario">
        <complexType>
          <sequence>
            <element name="login" type="xsd:string"/>
          </sequence>
        </complexType>
      </element>
      <element name="existeUsuarioResponse">
        <complexType>
          <sequence>
            <element name="existeUsuarioReturn" type="xsd:boolean"/>
          </sequence>
        </complexType>
      </element>
      <element name="existePerfilSistema">
        <complexType>
          <sequence>
            <element name="simbGrupo" type="xsd:string"/>
            <element name="siglaSistema" type="xsd:string"/>
          </sequence>
        </complexType>
      </element>
      <element name="existePerfilSistemaResponse">
        <complexType>
          <sequence>
            <element name="existePerfilSistemaReturn" type="xsd:boolean"/>
          </sequence>
        </complexType>
      </element>
      <element name="existeUsuarioPerfil">
        <complexType>
          <sequence>
            <element name="login" type="xsd:string"/>
            <element name="siglaSistema" type="xsd:string"/>
            <element name="simbGrupo" type="xsd:string"/>
          </sequence>
        </complexType>
      </element>
      <element name="existeUsuarioPerfilResponse">
        <complexType>
          <sequence>
            <element name="existeUsuarioPerfilReturn" type="xsd:boolean"/>
          </sequence>
        </complexType>
      </element>
      <element name="listarPerfisPorUsuario">
        <complexType>
          <sequence>
            <element name="login" type="xsd:string"/>
          </sequence>
        </complexType>
      </element>
      <element name="listarPerfisPorUsuarioResponse">
        <complexType>
          <sequence>
            <element maxOccurs="unbounded" name="listarPerfisPorUsuarioReturn" type="impl:TOGrupo"/>
          </sequence>
        </complexType>
      </element>
      <complexType name="TOGrupo">
        <sequence>
          <element name="dataAtuGrupo" nillable="true" type="xsd:string"/>
          <element name="nomeGrupo" nillable="true" type="xsd:string"/>
          <element name="simbGrupo" nillable="true" type="xsd:string"/>
          <element name="simbSistema" nillable="true" type="xsd:string"/>
        </sequence>
      </complexType>
      <element name="listarPerfil">
        <complexType>
          <sequence>
            <element name="siglaSistema" type="xsd:string"/>
          </sequence>
        </complexType>
      </element>
      <element name="listarPerfilResponse">
        <complexType>
          <sequence>
            <element maxOccurs="unbounded" name="listarPerfilReturn" type="impl:TOGrupo"/>
          </sequence>
        </complexType>
      </element>
      <element name="listarFormularioControlePerfilSistema">
        <complexType>
          <sequence>
            <element name="siglaSistema" type="xsd:string"/>
            <element name="simbGrupo" type="xsd:string"/>
          </sequence>
        </complexType>
      </element>
      <element name="listarFormularioControlePerfilSistemaResponse">
        <complexType>
          <sequence>
            <element maxOccurs="unbounded" name="listarFormularioControlePerfilSistemaReturn" type="impl:TOFormulario"/>
          </sequence>
        </complexType>
      </element>
      <complexType name="TOFormulario">
        <sequence>
          <element name="dataAtuForm" nillable="true" type="xsd:string"/>
          <element name="descForm" nillable="true" type="xsd:string"/>
          <element name="nomeForm" nillable="true" type="xsd:string"/>
          <element name="simbSistema" nillable="true" type="xsd:string"/>
        </sequence>
      </complexType>
      <element name="listarControlePorSistema">
        <complexType>
          <sequence>
            <element name="siglaSistema" type="xsd:string"/>
            <element name="nomeFormulario" type="xsd:string"/>
          </sequence>
        </complexType>
      </element>
      <element name="listarControlePorSistemaResponse">
        <complexType>
          <sequence>
            <element maxOccurs="unbounded" name="listarControlePorSistemaReturn" type="impl:TOControle"/>
          </sequence>
        </complexType>
      </element>
      <complexType name="TOControle">
        <sequence>
          <element name="dataAtuControle" nillable="true" type="xsd:string"/>
          <element name="descricaoControle" nillable="true" type="xsd:string"/>
          <element name="nomeControle" nillable="true" type="xsd:string"/>
          <element name="nomeForm" nillable="true" type="xsd:string"/>
          <element name="simbSistema" nillable="true" type="xsd:string"/>
        </sequence>
      </complexType>
      <element name="listarUsuariosPorPerfilSistema">
        <complexType>
          <sequence>
            <element name="siglaSistema" type="xsd:string"/>
            <element name="simbGrupo" type="xsd:string"/>
          </sequence>
        </complexType>
      </element>
      <element name="listarUsuariosPorPerfilSistemaResponse">
        <complexType>
          <sequence>
            <element maxOccurs="unbounded" name="listarUsuariosPorPerfilSistemaReturn" type="impl:TOUsuarioCadastro"/>
          </sequence>
        </complexType>
      </element>
      <complexType name="TOUsuarioCadastro">
        <sequence>
          <element name="codAgencia" nillable="true" type="xsd:string"/>
          <element name="codColigada" nillable="true" type="xsd:string"/>
          <element name="cpf" nillable="true" type="xsd:string"/>
          <element name="dataAtuUsuario" nillable="true" type="xsd:string"/>
          <element name="depto" nillable="true" type="xsd:string"/>
          <element name="descricao" nillable="true" type="xsd:string"/>
          <element name="email" nillable="true" type="xsd:string"/>
          <element name="nomeUsuario" nillable="true" type="xsd:string"/>
        </sequence>
      </complexType>
      <element name="listarUsuarios">
        <complexType/>
      </element>
      <element name="listarUsuariosResponse">
        <complexType>
          <sequence>
            <element maxOccurs="unbounded" name="listarUsuariosReturn" type="impl:TOUsuarioCadastro"/>
          </sequence>
        </complexType>
      </element>
      <element name="listarControlePorPerfil">
        <complexType>
          <sequence>
            <element name="entrada" type="impl:TOControlePerfilEntrada"/>
          </sequence>
        </complexType>
      </element>
      <complexType name="TOControlePerfilEntrada">
        <sequence>
          <element name="nomeFormulario" nillable="true" type="xsd:string"/>
          <element name="siglaSistema" nillable="true" type="xsd:string"/>
          <element name="simbGrupo" nillable="true" type="xsd:string"/>
        </sequence>
      </complexType>
      <element name="listarControlePorPerfilResponse">
        <complexType>
          <sequence>
            <element maxOccurs="unbounded" name="listarControlePorPerfilReturn" type="impl:TOControlePerfil"/>
          </sequence>
        </complexType>
      </element>
      <complexType name="TOGrupoControle">
        <sequence>
          <element name="dataAtualizacao" nillable="true" type="xsd:string"/>
          <element name="nome" nillable="true" type="xsd:string"/>
          <element name="simbGrupo" nillable="true" type="xsd:string"/>
        </sequence>
      </complexType>
      <complexType name="ArrayOfTOGrupoControle">
        <sequence>
          <element maxOccurs="unbounded" minOccurs="0" name="item" type="impl:TOGrupoControle"/>
        </sequence>
      </complexType>
      <complexType name="TOControlePerfil">
        <sequence>
          <element name="dataAtualizacao" nillable="true" type="xsd:string"/>
          <element name="descricao" nillable="true" type="xsd:string"/>
          <element name="grupos" nillable="true" type="impl:ArrayOfTOGrupoControle"/>
          <element name="nome" nillable="true" type="xsd:string"/>
          <element name="nomeFormulario" nillable="true" type="xsd:string"/>
          <element name="siglaSistema" nillable="true" type="xsd:string"/>
        </sequence>
      </complexType>
    </schema>
  </wsdl:types>
  <wsdl:message name="listarUsuariosResponse">
    <wsdl:part element="impl:listarUsuariosResponse" name="parameters"/>
  </wsdl:message>
  <wsdl:message name="incluirUsuarioPerfilRequest">
    <wsdl:part element="impl:incluirUsuarioPerfil" name="parameters"/>
  </wsdl:message>
  <wsdl:message name="listarPerfilRequest">
    <wsdl:part element="impl:listarPerfil" name="parameters"/>
  </wsdl:message>
  <wsdl:message name="listarControlePorPerfilResponse">
    <wsdl:part element="impl:listarControlePorPerfilResponse" name="parameters"/>
  </wsdl:message>
  <wsdl:message name="excluirUsuarioPerfilResponse">
    <wsdl:part element="impl:excluirUsuarioPerfilResponse" name="parameters"/>
  </wsdl:message>
  <wsdl:message name="listarPerfilResponse">
    <wsdl:part element="impl:listarPerfilResponse" name="parameters"/>
  </wsdl:message>
  <wsdl:message name="listarFormularioControlePerfilSistemaResponse">
    <wsdl:part element="impl:listarFormularioControlePerfilSistemaResponse" name="parameters"/>
  </wsdl:message>
  <wsdl:message name="listarFormularioControlePerfilSistemaRequest">
    <wsdl:part element="impl:listarFormularioControlePerfilSistema" name="parameters"/>
  </wsdl:message>
  <wsdl:message name="incluirUsuarioRequest">
    <wsdl:part element="impl:incluirUsuario" name="parameters"/>
  </wsdl:message>
  <wsdl:message name="listarControlePorSistemaRequest">
    <wsdl:part element="impl:listarControlePorSistema" name="parameters"/>
  </wsdl:message>
  <wsdl:message name="listarPerfisPorUsuarioResponse">
    <wsdl:part element="impl:listarPerfisPorUsuarioResponse" name="parameters"/>
  </wsdl:message>
  <wsdl:message name="listarUsuariosPorPerfilSistemaRequest">
    <wsdl:part element="impl:listarUsuariosPorPerfilSistema" name="parameters"/>
  </wsdl:message>
  <wsdl:message name="existeUsuarioRequest">
    <wsdl:part element="impl:existeUsuario" name="parameters"/>
  </wsdl:message>
  <wsdl:message name="listarUsuariosPorPerfilSistemaResponse">
    <wsdl:part element="impl:listarUsuariosPorPerfilSistemaResponse" name="parameters"/>
  </wsdl:message>
  <wsdl:message name="listarControlePorSistemaResponse">
    <wsdl:part element="impl:listarControlePorSistemaResponse" name="parameters"/>
  </wsdl:message>
  <wsdl:message name="TEException">
    <wsdl:part element="impl:fault" name="fault"/>
  </wsdl:message>
  <wsdl:message name="excluirUsuarioPerfilRequest">
    <wsdl:part element="impl:excluirUsuarioPerfil" name="parameters"/>
  </wsdl:message>
  <wsdl:message name="listarUsuariosRequest">
    <wsdl:part element="impl:listarUsuarios" name="parameters"/>
  </wsdl:message>
  <wsdl:message name="existePerfilSistemaRequest">
    <wsdl:part element="impl:existePerfilSistema" name="parameters"/>
  </wsdl:message>
  <wsdl:message name="incluirUsuarioPerfilResponse">
    <wsdl:part element="impl:incluirUsuarioPerfilResponse" name="parameters"/>
  </wsdl:message>
  <wsdl:message name="listarControlePorPerfilRequest">
    <wsdl:part element="impl:listarControlePorPerfil" name="parameters"/>
  </wsdl:message>
  <wsdl:message name="existeUsuarioPerfilRequest">
    <wsdl:part element="impl:existeUsuarioPerfil" name="parameters"/>
  </wsdl:message>
  <wsdl:message name="existeUsuarioResponse">
    <wsdl:part element="impl:existeUsuarioResponse" name="parameters"/>
  </wsdl:message>
  <wsdl:message name="incluirUsuarioResponse">
    <wsdl:part element="impl:incluirUsuarioResponse" name="parameters"/>
  </wsdl:message>
  <wsdl:message name="listarPerfisPorUsuarioRequest">
    <wsdl:part element="impl:listarPerfisPorUsuario" name="parameters"/>
  </wsdl:message>
  <wsdl:message name="existePerfilSistemaResponse">
    <wsdl:part element="impl:existePerfilSistemaResponse" name="parameters"/>
  </wsdl:message>
  <wsdl:message name="existeUsuarioPerfilResponse">
    <wsdl:part element="impl:existeUsuarioPerfilResponse" name="parameters"/>
  </wsdl:message>
  <wsdl:portType name="CAServices">
    <wsdl:operation name="incluirUsuario">
      <wsdl:input message="impl:incluirUsuarioRequest" name="incluirUsuarioRequest"/>
      <wsdl:output message="impl:incluirUsuarioResponse" name="incluirUsuarioResponse"/>
      <wsdl:fault message="impl:TEException" name="TEException"/>
    </wsdl:operation>
    <wsdl:operation name="incluirUsuarioPerfil">
      <wsdl:input message="impl:incluirUsuarioPerfilRequest" name="incluirUsuarioPerfilRequest"/>
      <wsdl:output message="impl:incluirUsuarioPerfilResponse" name="incluirUsuarioPerfilResponse"/>
      <wsdl:fault message="impl:TEException" name="TEException"/>
    </wsdl:operation>
    <wsdl:operation name="excluirUsuarioPerfil">
      <wsdl:input message="impl:excluirUsuarioPerfilRequest" name="excluirUsuarioPerfilRequest"/>
      <wsdl:output message="impl:excluirUsuarioPerfilResponse" name="excluirUsuarioPerfilResponse"/>
      <wsdl:fault message="impl:TEException" name="TEException"/>
    </wsdl:operation>
    <wsdl:operation name="existeUsuario">
      <wsdl:input message="impl:existeUsuarioRequest" name="existeUsuarioRequest"/>
      <wsdl:output message="impl:existeUsuarioResponse" name="existeUsuarioResponse"/>
      <wsdl:fault message="impl:TEException" name="TEException"/>
    </wsdl:operation>
    <wsdl:operation name="existePerfilSistema">
      <wsdl:input message="impl:existePerfilSistemaRequest" name="existePerfilSistemaRequest"/>
      <wsdl:output message="impl:existePerfilSistemaResponse" name="existePerfilSistemaResponse"/>
      <wsdl:fault message="impl:TEException" name="TEException"/>
    </wsdl:operation>
    <wsdl:operation name="existeUsuarioPerfil">
      <wsdl:input message="impl:existeUsuarioPerfilRequest" name="existeUsuarioPerfilRequest"/>
      <wsdl:output message="impl:existeUsuarioPerfilResponse" name="existeUsuarioPerfilResponse"/>
      <wsdl:fault message="impl:TEException" name="TEException"/>
    </wsdl:operation>
    <wsdl:operation name="listarPerfisPorUsuario">
      <wsdl:input message="impl:listarPerfisPorUsuarioRequest" name="listarPerfisPorUsuarioRequest"/>
      <wsdl:output message="impl:listarPerfisPorUsuarioResponse" name="listarPerfisPorUsuarioResponse"/>
      <wsdl:fault message="impl:TEException" name="TEException"/>
    </wsdl:operation>
    <wsdl:operation name="listarPerfil">
      <wsdl:input message="impl:listarPerfilRequest" name="listarPerfilRequest"/>
      <wsdl:output message="impl:listarPerfilResponse" name="listarPerfilResponse"/>
      <wsdl:fault message="impl:TEException" name="TEException"/>
    </wsdl:operation>
    <wsdl:operation name="listarFormularioControlePerfilSistema">
      <wsdl:input message="impl:listarFormularioControlePerfilSistemaRequest" name="listarFormularioControlePerfilSistemaRequest"/>
      <wsdl:output message="impl:listarFormularioControlePerfilSistemaResponse" name="listarFormularioControlePerfilSistemaResponse"/>
      <wsdl:fault message="impl:TEException" name="TEException"/>
    </wsdl:operation>
    <wsdl:operation name="listarControlePorSistema">
      <wsdl:input message="impl:listarControlePorSistemaRequest" name="listarControlePorSistemaRequest"/>
      <wsdl:output message="impl:listarControlePorSistemaResponse" name="listarControlePorSistemaResponse"/>
      <wsdl:fault message="impl:TEException" name="TEException"/>
    </wsdl:operation>
    <wsdl:operation name="listarUsuariosPorPerfilSistema">
      <wsdl:input message="impl:listarUsuariosPorPerfilSistemaRequest" name="listarUsuariosPorPerfilSistemaRequest"/>
      <wsdl:output message="impl:listarUsuariosPorPerfilSistemaResponse" name="listarUsuariosPorPerfilSistemaResponse"/>
      <wsdl:fault message="impl:TEException" name="TEException"/>
    </wsdl:operation>
    <wsdl:operation name="listarUsuarios">
      <wsdl:input message="impl:listarUsuariosRequest" name="listarUsuariosRequest"/>
      <wsdl:output message="impl:listarUsuariosResponse" name="listarUsuariosResponse"/>
      <wsdl:fault message="impl:TEException" name="TEException"/>
    </wsdl:operation>
    <wsdl:operation name="listarControlePorPerfil">
      <wsdl:input message="impl:listarControlePorPerfilRequest" name="listarControlePorPerfilRequest"/>
      <wsdl:output message="impl:listarControlePorPerfilResponse" name="listarControlePorPerfilResponse"/>
      <wsdl:fault message="impl:TEException" name="TEException"/>
    </wsdl:operation>
  </wsdl:portType>
  <wsdl:binding name="CAServicesSoapBinding" type="impl:CAServices">
    <wsdlsoap:binding style="document" transport="http://schemas.xmlsoap.org/soap/http"/>
    <wsdl:operation name="incluirUsuario">
      <wsdlsoap:operation soapAction=""/>
      <wsdl:input name="incluirUsuarioRequest">
        <wsdlsoap:body use="literal"/>
      </wsdl:input>
      <wsdl:output name="incluirUsuarioResponse">
        <wsdlsoap:body use="literal"/>
      </wsdl:output>
      <wsdl:fault name="TEException">
        <wsdlsoap:fault name="TEException" use="literal"/>
      </wsdl:fault>
    </wsdl:operation>
    <wsdl:operation name="incluirUsuarioPerfil">
      <wsdlsoap:operation soapAction=""/>
      <wsdl:input name="incluirUsuarioPerfilRequest">
        <wsdlsoap:body use="literal"/>
      </wsdl:input>
      <wsdl:output name="incluirUsuarioPerfilResponse">
        <wsdlsoap:body use="literal"/>
      </wsdl:output>
      <wsdl:fault name="TEException">
        <wsdlsoap:fault name="TEException" use="literal"/>
      </wsdl:fault>
    </wsdl:operation>
    <wsdl:operation name="excluirUsuarioPerfil">
      <wsdlsoap:operation soapAction=""/>
      <wsdl:input name="excluirUsuarioPerfilRequest">
        <wsdlsoap:body use="literal"/>
      </wsdl:input>
      <wsdl:output name="excluirUsuarioPerfilResponse">
        <wsdlsoap:body use="literal"/>
      </wsdl:output>
      <wsdl:fault name="TEException">
        <wsdlsoap:fault name="TEException" use="literal"/>
      </wsdl:fault>
    </wsdl:operation>
    <wsdl:operation name="existeUsuario">
      <wsdlsoap:operation soapAction=""/>
      <wsdl:input name="existeUsuarioRequest">
        <wsdlsoap:body use="literal"/>
      </wsdl:input>
      <wsdl:output name="existeUsuarioResponse">
        <wsdlsoap:body use="literal"/>
      </wsdl:output>
      <wsdl:fault name="TEException">
        <wsdlsoap:fault name="TEException" use="literal"/>
      </wsdl:fault>
    </wsdl:operation>
    <wsdl:operation name="existePerfilSistema">
      <wsdlsoap:operation soapAction=""/>
      <wsdl:input name="existePerfilSistemaRequest">
        <wsdlsoap:body use="literal"/>
      </wsdl:input>
      <wsdl:output name="existePerfilSistemaResponse">
        <wsdlsoap:body use="literal"/>
      </wsdl:output>
      <wsdl:fault name="TEException">
        <wsdlsoap:fault name="TEException" use="literal"/>
      </wsdl:fault>
    </wsdl:operation>
    <wsdl:operation name="existeUsuarioPerfil">
      <wsdlsoap:operation soapAction=""/>
      <wsdl:input name="existeUsuarioPerfilRequest">
        <wsdlsoap:body use="literal"/>
      </wsdl:input>
      <wsdl:output name="existeUsuarioPerfilResponse">
        <wsdlsoap:body use="literal"/>
      </wsdl:output>
      <wsdl:fault name="TEException">
        <wsdlsoap:fault name="TEException" use="literal"/>
      </wsdl:fault>
    </wsdl:operation>
    <wsdl:operation name="listarPerfisPorUsuario">
      <wsdlsoap:operation soapAction=""/>
      <wsdl:input name="listarPerfisPorUsuarioRequest">
        <wsdlsoap:body use="literal"/>
      </wsdl:input>
      <wsdl:output name="listarPerfisPorUsuarioResponse">
        <wsdlsoap:body use="literal"/>
      </wsdl:output>
      <wsdl:fault name="TEException">
        <wsdlsoap:fault name="TEException" use="literal"/>
      </wsdl:fault>
    </wsdl:operation>
    <wsdl:operation name="listarPerfil">
      <wsdlsoap:operation soapAction=""/>
      <wsdl:input name="listarPerfilRequest">
        <wsdlsoap:body use="literal"/>
      </wsdl:input>
      <wsdl:output name="listarPerfilResponse">
        <wsdlsoap:body use="literal"/>
      </wsdl:output>
      <wsdl:fault name="TEException">
        <wsdlsoap:fault name="TEException" use="literal"/>
      </wsdl:fault>
    </wsdl:operation>
    <wsdl:operation name="listarFormularioControlePerfilSistema">
      <wsdlsoap:operation soapAction=""/>
      <wsdl:input name="listarFormularioControlePerfilSistemaRequest">
        <wsdlsoap:body use="literal"/>
      </wsdl:input>
      <wsdl:output name="listarFormularioControlePerfilSistemaResponse">
        <wsdlsoap:body use="literal"/>
      </wsdl:output>
      <wsdl:fault name="TEException">
        <wsdlsoap:fault name="TEException" use="literal"/>
      </wsdl:fault>
    </wsdl:operation>
    <wsdl:operation name="listarControlePorSistema">
      <wsdlsoap:operation soapAction=""/>
      <wsdl:input name="listarControlePorSistemaRequest">
        <wsdlsoap:body use="literal"/>
      </wsdl:input>
      <wsdl:output name="listarControlePorSistemaResponse">
        <wsdlsoap:body use="literal"/>
      </wsdl:output>
      <wsdl:fault name="TEException">
        <wsdlsoap:fault name="TEException" use="literal"/>
      </wsdl:fault>
    </wsdl:operation>
    <wsdl:operation name="listarUsuariosPorPerfilSistema">
      <wsdlsoap:operation soapAction=""/>
      <wsdl:input name="listarUsuariosPorPerfilSistemaRequest">
        <wsdlsoap:body use="literal"/>
      </wsdl:input>
      <wsdl:output name="listarUsuariosPorPerfilSistemaResponse">
        <wsdlsoap:body use="literal"/>
      </wsdl:output>
      <wsdl:fault name="TEException">
        <wsdlsoap:fault name="TEException" use="literal"/>
      </wsdl:fault>
    </wsdl:operation>
    <wsdl:operation name="listarUsuarios">
      <wsdlsoap:operation soapAction=""/>
      <wsdl:input name="listarUsuariosRequest">
        <wsdlsoap:body use="literal"/>
      </wsdl:input>
      <wsdl:output name="listarUsuariosResponse">
        <wsdlsoap:body use="literal"/>
      </wsdl:output>
      <wsdl:fault name="TEException">
        <wsdlsoap:fault name="TEException" use="literal"/>
      </wsdl:fault>
    </wsdl:operation>
    <wsdl:operation name="listarControlePorPerfil">
      <wsdlsoap:operation soapAction=""/>
      <wsdl:input name="listarControlePorPerfilRequest">
        <wsdlsoap:body use="literal"/>
      </wsdl:input>
      <wsdl:output name="listarControlePorPerfilResponse">
        <wsdlsoap:body use="literal"/>
      </wsdl:output>
      <wsdl:fault name="TEException">
        <wsdlsoap:fault name="TEException" use="literal"/>
      </wsdl:fault>
    </wsdl:operation>
  </wsdl:binding>
  <wsdl:service name="CAServicesService">
    <wsdl:port binding="impl:CAServicesSoapBinding" name="CAServices">
      <wsdlsoap:address location="http://corebancario-hmg.modal.net.br:8082/ABCAWS/services/CAServices"/>
    </wsdl:port>
  </wsdl:service>
</wsdl:definitions>]]></con:content><con:type>http://schemas.xmlsoap.org/wsdl/</con:type></con:part></con:definitionCache><con:endpoints><con:endpoint>http://corebancario-hmg.modal.net.br:8082/ABCAWS/services/CAServices</con:endpoint></con:endpoints><con:operation id="64a77532-e88a-469c-a8c4-ab34393de4a9" isOneWay="false" action="" name="excluirUsuarioPerfil" bindingOperationName="excluirUsuarioPerfil" type="Request-Response" outputName="excluirUsuarioPerfilResponse" inputName="excluirUsuarioPerfilRequest" receivesAttachments="false" sendsAttachments="false" anonymous="optional"><con:settings/><con:call id="e87c93fa-e90c-4811-9027-b0088cafcff6" name="Request 1"><con:settings/><con:encoding>UTF-8</con:encoding><con:endpoint>http://corebancario-hmg.modal.net.br:8082/ABCAWS/services/CAServices</con:endpoint><con:request><![CDATA[<soapenv:Envelope xmlns:soapenv="http://schemas.xmlsoap.org/soap/envelope/" xmlns:ca="http://ca.autbank.com.br">\r
   <soapenv:Header/>\r
   <soapenv:Body>\r
      <ca:excluirUsuarioPerfil>\r
         <ca:login>?</ca:login>\r
         <ca:siglaSistema>?</ca:siglaSistema>\r
      </ca:excluirUsuarioPerfil>\r
   </soapenv:Body>\r
</soapenv:Envelope>]]></con:request><con:wsaConfig mustUnderstand="NONE" version="200508" action="http://ca.autbank.com.br/CAServices/excluirUsuarioPerfilRequest"/></con:call></con:operation><con:operation id="af9998eb-aa70-4d15-a34f-4cfe64a9a858" isOneWay="false" action="" name="existePerfilSistema" bindingOperationName="existePerfilSistema" type="Request-Response" outputName="existePerfilSistemaResponse" inputName="existePerfilSistemaRequest" receivesAttachments="false" sendsAttachments="false" anonymous="optional"><con:settings/><con:call id="4ed44cea-40e8-47be-b771-89fa718d432c" name="Request 1"><con:settings/><con:encoding>UTF-8</con:encoding><con:endpoint>http://corebancario-hmg.modal.net.br:8082/ABCAWS/services/CAServices</con:endpoint><con:request><![CDATA[<soapenv:Envelope xmlns:soapenv="http://schemas.xmlsoap.org/soap/envelope/" xmlns:ca="http://ca.autbank.com.br">\r
   <soapenv:Header/>\r
   <soapenv:Body>\r
      <ca:existePerfilSistema>\r
         <ca:simbGrupo>?</ca:simbGrupo>\r
         <ca:siglaSistema>?</ca:siglaSistema>\r
      </ca:existePerfilSistema>\r
   </soapenv:Body>\r
</soapenv:Envelope>]]></con:request><con:wsaConfig mustUnderstand="NONE" version="200508" action="http://ca.autbank.com.br/CAServices/existePerfilSistemaRequest"/></con:call></con:operation><con:operation id="1ca10364-17e7-493c-9957-809eea818bf6" isOneWay="false" action="" name="existeUsuario" bindingOperationName="existeUsuario" type="Request-Response" outputName="existeUsuarioResponse" inputName="existeUsuarioRequest" receivesAttachments="false" sendsAttachments="false" anonymous="optional"><con:settings/><con:call id="b4eeb4e4-1423-4a84-b430-eb690dea4871" name="Request 1"><con:settings/><con:encoding>UTF-8</con:encoding><con:endpoint>http://corebancario-hmg.modal.net.br:8082/ABCAWS/services/CAServices</con:endpoint><con:request><![CDATA[<soapenv:Envelope xmlns:soapenv="http://schemas.xmlsoap.org/soap/envelope/" xmlns:ca="http://ca.autbank.com.br">\r
   <soapenv:Header/>\r
   <soapenv:Body>\r
      <ca:existeUsuario>\r
         <ca:login>?</ca:login>\r
      </ca:existeUsuario>\r
   </soapenv:Body>\r
</soapenv:Envelope>]]></con:request><con:wsaConfig mustUnderstand="NONE" version="200508" action="http://ca.autbank.com.br/CAServices/existeUsuarioRequest"/></con:call></con:operation><con:operation id="2722f9c9-95fe-4b57-8a72-44d136a6fdeb" isOneWay="false" action="" name="existeUsuarioPerfil" bindingOperationName="existeUsuarioPerfil" type="Request-Response" outputName="existeUsuarioPerfilResponse" inputName="existeUsuarioPerfilRequest" receivesAttachments="false" sendsAttachments="false" anonymous="optional"><con:settings/><con:call id="c49f8846-a561-4d00-9005-a7d28511aba7" name="Request 1"><con:settings/><con:encoding>UTF-8</con:encoding><con:endpoint>http://corebancario-hmg.modal.net.br:8082/ABCAWS/services/CAServices</con:endpoint><con:request><![CDATA[<soapenv:Envelope xmlns:soapenv="http://schemas.xmlsoap.org/soap/envelope/" xmlns:ca="http://ca.autbank.com.br">\r
   <soapenv:Header/>\r
   <soapenv:Body>\r
      <ca:existeUsuarioPerfil>\r
         <ca:login>?</ca:login>\r
         <ca:siglaSistema>?</ca:siglaSistema>\r
         <ca:simbGrupo>?</ca:simbGrupo>\r
      </ca:existeUsuarioPerfil>\r
   </soapenv:Body>\r
</soapenv:Envelope>]]></con:request><con:wsaConfig mustUnderstand="NONE" version="200508" action="http://ca.autbank.com.br/CAServices/existeUsuarioPerfilRequest"/></con:call></con:operation><con:operation id="cbca43c8-816a-4c7d-95c2-0eb696c6704e" isOneWay="false" action="" name="incluirUsuario" bindingOperationName="incluirUsuario" type="Request-Response" outputName="incluirUsuarioResponse" inputName="incluirUsuarioRequest" receivesAttachments="false" sendsAttachments="false" anonymous="optional"><con:settings/><con:call id="89e5f9e5-a424-4ee4-b639-3a4c62af937f" name="Request 1"><con:settings/><con:encoding>UTF-8</con:encoding><con:endpoint>http://corebancario-hmg.modal.net.br:8082/ABCAWS/services/CAServices</con:endpoint><con:request><![CDATA[<soapenv:Envelope xmlns:soapenv="http://schemas.xmlsoap.org/soap/envelope/" xmlns:ca="http://ca.autbank.com.br">\r
   <soapenv:Header/>\r
   <soapenv:Body>\r
      <ca:incluirUsuario>\r
         <ca:login>?</ca:login>\r
         <ca:nomeCompleto>?</ca:nomeCompleto>\r
         <ca:cpf>?</ca:cpf>\r
         <ca:departamento>?</ca:departamento>\r
         <ca:email>?</ca:email>\r
         <ca:empresa>?</ca:empresa>\r
         <ca:agencia>?</ca:agencia>\r
      </ca:incluirUsuario>\r
   </soapenv:Body>\r
</soapenv:Envelope>]]></con:request><con:wsaConfig mustUnderstand="NONE" version="200508" action="http://ca.autbank.com.br/CAServices/incluirUsuarioRequest"/></con:call></con:operation><con:operation id="7e2385b5-c83e-474b-89eb-865d63a65cdb" isOneWay="false" action="" name="incluirUsuarioPerfil" bindingOperationName="incluirUsuarioPerfil" type="Request-Response" outputName="incluirUsuarioPerfilResponse" inputName="incluirUsuarioPerfilRequest" receivesAttachments="false" sendsAttachments="false" anonymous="optional"><con:settings/><con:call id="6ee70d70-caba-464c-8532-375a65ee41d8" name="Request 1"><con:settings/><con:encoding>UTF-8</con:encoding><con:endpoint>http://corebancario-hmg.modal.net.br:8082/ABCAWS/services/CAServices</con:endpoint><con:request><![CDATA[<soapenv:Envelope xmlns:soapenv="http://schemas.xmlsoap.org/soap/envelope/" xmlns:ca="http://ca.autbank.com.br">\r
   <soapenv:Header/>\r
   <soapenv:Body>\r
      <ca:incluirUsuarioPerfil>\r
         <ca:login>?</ca:login>\r
         <ca:siglaSistema>?</ca:siglaSistema>\r
         <ca:simbGrupo>?</ca:simbGrupo>\r
      </ca:incluirUsuarioPerfil>\r
   </soapenv:Body>\r
</soapenv:Envelope>]]></con:request><con:wsaConfig mustUnderstand="NONE" version="200508" action="http://ca.autbank.com.br/CAServices/incluirUsuarioPerfilRequest"/></con:call></con:operation><con:operation id="2d722553-4e9a-41e3-a160-9dc18b078f00" isOneWay="false" action="" name="listarControlePorPerfil" bindingOperationName="listarControlePorPerfil" type="Request-Response" outputName="listarControlePorPerfilResponse" inputName="listarControlePorPerfilRequest" receivesAttachments="false" sendsAttachments="false" anonymous="optional"><con:settings/><con:call id="06752523-f018-41f1-b40f-615b91b5466e" name="Request 1"><con:settings/><con:encoding>UTF-8</con:encoding><con:endpoint>http://corebancario-hmg.modal.net.br:8082/ABCAWS/services/CAServices</con:endpoint><con:request><![CDATA[<soapenv:Envelope xmlns:soapenv="http://schemas.xmlsoap.org/soap/envelope/" xmlns:ca="http://ca.autbank.com.br">\r
   <soapenv:Header/>\r
   <soapenv:Body>\r
      <ca:listarControlePorPerfil>\r
         <ca:entrada>\r
            <ca:nomeFormulario>?</ca:nomeFormulario>\r
            <ca:siglaSistema>?</ca:siglaSistema>\r
            <ca:simbGrupo>?</ca:simbGrupo>\r
         </ca:entrada>\r
      </ca:listarControlePorPerfil>\r
   </soapenv:Body>\r
</soapenv:Envelope>]]></con:request><con:wsaConfig mustUnderstand="NONE" version="200508" action="http://ca.autbank.com.br/CAServices/listarControlePorPerfilRequest"/></con:call></con:operation><con:operation id="152fb5f5-5c53-4de5-9283-b51fc2095b50" isOneWay="false" action="" name="listarControlePorSistema" bindingOperationName="listarControlePorSistema" type="Request-Response" outputName="listarControlePorSistemaResponse" inputName="listarControlePorSistemaRequest" receivesAttachments="false" sendsAttachments="false" anonymous="optional"><con:settings/><con:call id="768f8847-a7fe-4a8e-99fc-efa7193dc2b9" name="Request 1"><con:settings/><con:encoding>UTF-8</con:encoding><con:endpoint>http://corebancario-hmg.modal.net.br:8082/ABCAWS/services/CAServices</con:endpoint><con:request><![CDATA[<soapenv:Envelope xmlns:soapenv="http://schemas.xmlsoap.org/soap/envelope/" xmlns:ca="http://ca.autbank.com.br">\r
   <soapenv:Header/>\r
   <soapenv:Body>\r
      <ca:listarControlePorSistema>\r
         <ca:siglaSistema>?</ca:siglaSistema>\r
         <ca:nomeFormulario>?</ca:nomeFormulario>\r
      </ca:listarControlePorSistema>\r
   </soapenv:Body>\r
</soapenv:Envelope>]]></con:request><con:wsaConfig mustUnderstand="NONE" version="200508" action="http://ca.autbank.com.br/CAServices/listarControlePorSistemaRequest"/></con:call></con:operation><con:operation id="a13fc587-8e3b-4ec0-b7fe-eda7f653ab35" isOneWay="false" action="" name="listarFormularioControlePerfilSistema" bindingOperationName="listarFormularioControlePerfilSistema" type="Request-Response" outputName="listarFormularioControlePerfilSistemaResponse" inputName="listarFormularioControlePerfilSistemaRequest" receivesAttachments="false" sendsAttachments="false" anonymous="optional"><con:settings/><con:call id="b4a8337a-067b-4d8f-8f96-e85d0ccf09ce" name="Request 1"><con:settings/><con:encoding>UTF-8</con:encoding><con:endpoint>http://corebancario-hmg.modal.net.br:8082/ABCAWS/services/CAServices</con:endpoint><con:request><![CDATA[<soapenv:Envelope xmlns:soapenv="http://schemas.xmlsoap.org/soap/envelope/" xmlns:ca="http://ca.autbank.com.br">\r
   <soapenv:Header/>\r
   <soapenv:Body>\r
      <ca:listarFormularioControlePerfilSistema>\r
         <ca:siglaSistema>?</ca:siglaSistema>\r
         <ca:simbGrupo>?</ca:simbGrupo>\r
      </ca:listarFormularioControlePerfilSistema>\r
   </soapenv:Body>\r
</soapenv:Envelope>]]></con:request><con:wsaConfig mustUnderstand="NONE" version="200508" action="http://ca.autbank.com.br/CAServices/listarFormularioControlePerfilSistemaRequest"/></con:call></con:operation><con:operation id="c62682f4-2d56-4afa-8908-6f9383120afb" isOneWay="false" action="" name="listarPerfil" bindingOperationName="listarPerfil" type="Request-Response" outputName="listarPerfilResponse" inputName="listarPerfilRequest" receivesAttachments="false" sendsAttachments="false" anonymous="optional"><con:settings/><con:call id="a42e46ca-fd18-4926-903f-1d5175340623" name="Request 1"><con:settings/><con:encoding>UTF-8</con:encoding><con:endpoint>http://corebancario-hmg.modal.net.br:8082/ABCAWS/services/CAServices</con:endpoint><con:request><![CDATA[<soapenv:Envelope xmlns:soapenv="http://schemas.xmlsoap.org/soap/envelope/" xmlns:ca="http://ca.autbank.com.br">\r
   <soapenv:Header/>\r
   <soapenv:Body>\r
      <ca:listarPerfil>\r
         <ca:siglaSistema>?</ca:siglaSistema>\r
      </ca:listarPerfil>\r
   </soapenv:Body>\r
</soapenv:Envelope>]]></con:request><con:wsaConfig mustUnderstand="NONE" version="200508" action="http://ca.autbank.com.br/CAServices/listarPerfilRequest"/></con:call></con:operation><con:operation id="b13651b3-c577-421d-b3b5-bd81325fec69" isOneWay="false" action="" name="listarPerfisPorUsuario" bindingOperationName="listarPerfisPorUsuario" type="Request-Response" outputName="listarPerfisPorUsuarioResponse" inputName="listarPerfisPorUsuarioRequest" receivesAttachments="false" sendsAttachments="false" anonymous="optional"><con:settings/><con:call id="343e3650-1a11-408a-8301-72cb23e7a93a" name="Request 1"><con:settings/><con:encoding>UTF-8</con:encoding><con:endpoint>http://corebancario-hmg.modal.net.br:8082/ABCAWS/services/CAServices</con:endpoint><con:request><![CDATA[<soapenv:Envelope xmlns:soapenv="http://schemas.xmlsoap.org/soap/envelope/" xmlns:ca="http://ca.autbank.com.br">\r
   <soapenv:Header/>\r
   <soapenv:Body>\r
      <ca:listarPerfisPorUsuario>\r
         <ca:login>?</ca:login>\r
      </ca:listarPerfisPorUsuario>\r
   </soapenv:Body>\r
</soapenv:Envelope>]]></con:request><con:wsaConfig mustUnderstand="NONE" version="200508" action="http://ca.autbank.com.br/CAServices/listarPerfisPorUsuarioRequest"/></con:call></con:operation><con:operation id="24e2d9ed-40f8-46c7-837d-456a75c1c67d" isOneWay="false" action="" name="listarUsuarios" bindingOperationName="listarUsuarios" type="Request-Response" outputName="listarUsuariosResponse" inputName="listarUsuariosRequest" receivesAttachments="false" sendsAttachments="false" anonymous="optional"><con:settings/><con:call id="d09d3c90-7be5-4e21-85e8-86be10e20640" name="Request 1"><con:settings/><con:encoding>UTF-8</con:encoding><con:endpoint>http://corebancario-hmg.modal.net.br:8082/ABCAWS/services/CAServices</con:endpoint><con:request><![CDATA[<soapenv:Envelope xmlns:soapenv="http://schemas.xmlsoap.org/soap/envelope/" xmlns:ca="http://ca.autbank.com.br">\r
   <soapenv:Header/>\r
   <soapenv:Body>\r
      <ca:listarUsuarios/>\r
   </soapenv:Body>\r
</soapenv:Envelope>]]></con:request><con:wsaConfig mustUnderstand="NONE" version="200508" action="http://ca.autbank.com.br/CAServices/listarUsuariosRequest"/></con:call></con:operation><con:operation id="5c12e362-6dfa-44b0-9812-f76e205826d8" isOneWay="false" action="" name="listarUsuariosPorPerfilSistema" bindingOperationName="listarUsuariosPorPerfilSistema" type="Request-Response" outputName="listarUsuariosPorPerfilSistemaResponse" inputName="listarUsuariosPorPerfilSistemaRequest" receivesAttachments="false" sendsAttachments="false" anonymous="optional"><con:settings/><con:call id="dd96edca-fae9-4bea-b99c-482d47424d1f" name="Request 1"><con:settings/><con:encoding>UTF-8</con:encoding><con:endpoint>http://corebancario-hmg.modal.net.br:8082/ABCAWS/services/CAServices</con:endpoint><con:request><![CDATA[<soapenv:Envelope xmlns:soapenv="http://schemas.xmlsoap.org/soap/envelope/" xmlns:ca="http://ca.autbank.com.br">\r
   <soapenv:Header/>\r
   <soapenv:Body>\r
      <ca:listarUsuariosPorPerfilSistema>\r
         <ca:siglaSistema>?</ca:siglaSistema>\r
         <ca:simbGrupo>?</ca:simbGrupo>\r
      </ca:listarUsuariosPorPerfilSistema>\r
   </soapenv:Body>\r
</soapenv:Envelope>]]></con:request><con:wsaConfig mustUnderstand="NONE" version="200508" action="http://ca.autbank.com.br/CAServices/listarUsuariosPorPerfilSistemaRequest"/></con:call></con:operation></con:interface><con:properties/><con:wssContainer/><con:oAuth2ProfileContainer/><con:oAuth1ProfileContainer/></con:soapui-project>