<?xml version="1.0" encoding="UTF-8"?>
<con:soapui-project id="4775976f-2cee-4a6a-b791-dfc63004107d" activeEnvironment="Default" name="HMG - Portabilidade - TC_Services" soapui-version="5.6.0" abortOnError="false" runType="SEQUENTIAL" xmlns:con="http://eviware.com/soapui/config"><con:settings/><con:interface xsi:type="con:WsdlInterface" id="2436b4c6-2258-4b71-8005-cd33f4321c8d" wsaVersion="NONE" name="TC_ServicesSoapBinding" type="wsdl" bindingName="{http://tc.autbank.com.br}TC_ServicesSoapBinding" soapVersion="1_1" anonymous="optional" definition="http://corebancario-hmg.modal.net.br:8082/ABTCWS/services/TC_Services?wsdl" xmlns:xsi="http://www.w3.org/2001/XMLSchema-instance"><con:settings><con:setting id="CreateWsdlDocumentationAction@report-directory">C:\Users\F000908\Documents\Sistemas\Autbank\ABTCWS\Documentos</con:setting></con:settings><con:definitionCache type="TEXT" rootPart="http://corebancario-hmg.modal.net.br:8082/ABTCWS/services/TC_Services?wsdl"><con:part><con:url>http://corebancario-hmg.modal.net.br:8082/ABTCWS/services/TC_Services?wsdl</con:url><con:content><![CDATA[<wsdl:definitions targetNamespace="http://tc.autbank.com.br" xmlns:apachesoap="http://xml.apache.org/xml-soap" xmlns:impl="http://tc.autbank.com.br" xmlns:intf="http://tc.autbank.com.br" xmlns:wsdl="http://schemas.xmlsoap.org/wsdl/" xmlns:wsdlsoap="http://schemas.xmlsoap.org/wsdl/soap/" xmlns:xsd="http://www.w3.org/2001/XMLSchema">
  <wsdl:types>
    <schema elementFormDefault="qualified" targetNamespace="http://tc.autbank.com.br" xmlns="http://www.w3.org/2001/XMLSchema">
      <element name="processaRelacaoSolicitacoesPortabilidade">
        <complexType>
          <sequence>
            <element name="dataPesquisa" type="xsd:string"/>
          </sequence>
        </complexType>
      </element>
      <element name="processaRelacaoSolicitacoesPortabilidadeResponse">
        <complexType>
          <sequence>
            <element maxOccurs="unbounded" name="processaRelacaoSolicitacoesPortabilidadeReturn" type="impl:TOIntegracaoRelatorioGerencialPortabilidade"/>
          </sequence>
        </complexType>
      </element>
      <complexType name="TOIntegracaoRelatorioGerencialPortabilidade">
        <sequence>
          <element name="protocoloSolicitacaoPortabilidade" nillable="true" type="xsd:string"/>
          <element name="codFluxo" nillable="true" type="xsd:string"/>
          <element name="situacao" nillable="true" type="xsd:string"/>
          <element name="codMotivoRejeicao" nillable="true" type="xsd:string"/>
          <element name="mensagemRejeicao" nillable="true" type="xsd:string"/>
        </sequence>
      </complexType>
      <complexType name="TEException">
        <sequence>
          <element name="erro" nillable="true" type="xsd:string"/>
          <element name="mensagemErro" nillable="true" type="xsd:string"/>
        </sequence>
      </complexType>
      <element name="fault" type="impl:TEException"/>
      <element name="solicitaPortabilidadeChequeEspecial">
        <complexType>
          <sequence>
            <element name="cnpjIFAdmin" type="xsd:string"/>
            <element name="cnpjIFOriginadora" type="xsd:string"/>
            <element name="cpfCnpjCliente" type="xsd:string"/>
            <element name="tipoConta" type="xsd:string"/>
            <element name="codAgencia" type="xsd:string"/>
            <element name="nroConta" type="xsd:string"/>
            <element name="nroContrato" type="xsd:string"/>
            <element name="contaConjSolid" type="xsd:string"/>
            <element name="dataRefSaldoDev" type="xsd:string"/>
            <element name="valorMaxCob" type="xsd:string"/>
            <element name="taxaJrNominal" type="xsd:string"/>
            <element name="tpTaxaProposta" type="xsd:string"/>
            <element name="saldoDevedorProposta" type="xsd:string"/>
            <element name="tarChqEspecialProposta" type="xsd:string"/>
            <element name="txJrEfetivaProposta" type="xsd:string"/>
            <element name="cetProposta" type="xsd:string"/>
            <element name="qtdDiasIsento" type="xsd:string"/>
            <element name="tpTaxaAD" type="xsd:string"/>
            <element name="saldoDevedorAD" type="xsd:string"/>
            <element name="txJrNominalAD" type="xsd:string"/>
            <element name="txJrEfetivaAD" type="xsd:string"/>
            <element name="cetAD" type="xsd:string"/>
            <element name="tarifaAD" type="xsd:string"/>
          </sequence>
        </complexType>
      </element>
      <element name="solicitaPortabilidadeChequeEspecialResponse">
        <complexType>
          <sequence>
            <element name="solicitaPortabilidadeChequeEspecialReturn" type="xsd:string"/>
          </sequence>
        </complexType>
      </element>
      <element name="solicitaCancelamentoPortabilidade">
        <complexType>
          <sequence>
            <element name="codColigada" type="xsd:string"/>
            <element name="codAgencia" type="xsd:string"/>
            <element name="nroConta" type="xsd:string"/>
            <element name="cpfCliente" type="xsd:string"/>
            <element name="cnpjEmpregador" type="xsd:string"/>
          </sequence>
        </complexType>
      </element>
      <element name="solicitaCancelamentoPortabilidadeResponse">
        <complexType>
          <sequence>
            <element name="solicitaCancelamentoPortabilidadeReturn" type="xsd:string"/>
          </sequence>
        </complexType>
      </element>
      <element name="processaQuantidadeSolicitacoesPortabilidade">
        <complexType>
          <sequence>
            <element name="dataPesquisa" type="xsd:string"/>
          </sequence>
        </complexType>
      </element>
      <element name="processaQuantidadeSolicitacoesPortabilidadeResponse">
        <complexType>
          <sequence>
            <element name="processaQuantidadeSolicitacoesPortabilidadeReturn" type="xsd:int"/>
          </sequence>
        </complexType>
      </element>
      <element name="listarClientesPendentesRetencao">
        <complexType>
          <sequence>
            <element name="tipoCriterio" type="xsd:string"/>
          </sequence>
        </complexType>
      </element>
      <element name="listarClientesPendentesRetencaoResponse">
        <complexType>
          <sequence>
            <element maxOccurs="unbounded" name="listarClientesPendentesRetencaoReturn" type="impl:TOClientesContaSalario"/>
          </sequence>
        </complexType>
      </element>
      <complexType name="TOClientesContaSalario">
        <sequence>
          <element name="nroCtrlIf" nillable="true" type="xsd:string"/>
          <element name="cnpjCpfEmprdr" nillable="true" type="xsd:string"/>
          <element name="cpfCli" nillable="true" type="xsd:string"/>
          <element name="tpCta" nillable="true" type="xsd:string"/>
          <element name="agCli" nillable="true" type="xsd:string"/>
          <element name="ctCli" nillable="true" type="xsd:string"/>
          <element name="ctPagtoCli" nillable="true" type="xsd:string"/>
        </sequence>
      </complexType>
      <element name="solicitaPortabilidade">
        <complexType>
          <sequence>
            <element name="codBancoOrigem" type="xsd:string"/>
            <element name="cnpjEmprdr" type="xsd:string"/>
            <element name="denSocEmprdr" type="xsd:string"/>
            <element name="codColigada" type="xsd:string"/>
            <element name="codAgencia" type="xsd:string"/>
            <element name="nroConta" type="xsd:string"/>
            <element name="cpfCliente" type="xsd:string"/>
            <element name="sisOrigem" type="xsd:string"/>
          </sequence>
        </complexType>
      </element>
      <element name="solicitaPortabilidadeResponse">
        <complexType>
          <sequence>
            <element name="solicitaPortabilidadeReturn" type="xsd:string"/>
          </sequence>
        </complexType>
      </element>
      <element name="solicitacaoCreditoImobiliario">
        <complexType>
          <sequence>
            <element name="cnpjIfParticipante" type="xsd:string"/>
            <element name="contrato" type="xsd:string"/>
            <element name="cnpjIfOrigem" type="xsd:string"/>
            <element name="tipoContratoOriginal" type="xsd:string"/>
            <element name="tpCli" type="xsd:string"/>
            <element name="cnpjCpfCli" type="xsd:string"/>
            <element name="datRefSaldoDev1" type="xsd:string"/>
            <element name="datRefSaldoDev2" type="xsd:string"/>
            <element name="datRefSaldoDev3" type="xsd:string"/>
            <element name="datRefSaldDevdrContb" type="xsd:string"/>
            <element name="vlrSaldDevrContb" type="xsd:string"/>
            <element name="tipoContratoProposta" type="xsd:string"/>
            <element name="tipoTaxa" type="xsd:string"/>
            <element name="txJurosNom" type="xsd:string"/>
            <element name="txJurosEfetiv" type="xsd:string"/>
            <element name="txJurosCet" type="xsd:string"/>
            <element name="custoEftvSegHab" type="xsd:string"/>
            <element name="vlrAvaDFIProp" type="xsd:string"/>
            <element name="prazoOperacao" type="xsd:string"/>
            <element name="codMoeda" type="xsd:string"/>
            <element name="indRemuneracao" type="xsd:string"/>
            <element name="regmAmortizacao" type="xsd:string"/>
            <element name="vlrParclInic" type="xsd:string"/>
            <element name="vlrParclAmtzInic" type="xsd:string"/>
            <element name="vlrParclJurosInic" type="xsd:string"/>
            <element name="premMIPInic" type="xsd:string"/>
            <element name="premDFIInic" type="xsd:string"/>
            <element name="tarifaMesInic" type="xsd:string"/>
            <element name="dtVencPrimeiraParc" type="xsd:string"/>
            <element name="dtVencUltimaParc" type="xsd:string"/>
            <element name="enderecoImovel" type="xsd:string"/>
            <element name="complementoImovel" type="xsd:string"/>
            <element name="numeroImovel" type="xsd:string"/>
            <element name="cidadeImovel" type="xsd:string"/>
            <element name="ufImovel" type="xsd:string"/>
            <element name="cepImovel" type="xsd:string"/>
          </sequence>
        </complexType>
      </element>
      <element name="solicitacaoCreditoImobiliarioResponse">
        <complexType>
          <sequence>
            <element name="solicitacaoCreditoImobiliarioReturn" type="xsd:string"/>
          </sequence>
        </complexType>
      </element>
      <element name="solicitacaoCreditoOutros">
        <complexType>
          <sequence>
            <element name="cnpjIfParticipante" type="xsd:string"/>
            <element name="contrato" type="xsd:string"/>
            <element name="cnpjIfOrigem" type="xsd:string"/>
            <element name="tipoContrato" type="xsd:string"/>
            <element name="datRefSaldoDevedor" type="xsd:string"/>
            <element name="vlrSaldoDevedor" type="xsd:string"/>
            <element name="tpCli" type="xsd:string"/>
            <element name="cnpjCpfCli" type="xsd:string"/>
            <element name="tipoTaxa" type="xsd:string"/>
            <element name="txJurosNom" type="xsd:string"/>
            <element name="txJurosEfetiv" type="xsd:string"/>
            <element name="txJurosCet" type="xsd:string"/>
            <element name="codMoeda" type="xsd:string"/>
            <element name="indRemuneracao" type="xsd:string"/>
            <element name="regmAmortizacao" type="xsd:string"/>
            <element name="dataContratacao" type="xsd:string"/>
            <element name="qtdeTotParcelas" type="xsd:string"/>
            <element name="flxPagto" type="xsd:string"/>
            <element name="vlrFaceParcelas" type="xsd:string"/>
            <element name="dtVencPrimeiraParc" type="xsd:string"/>
            <element name="dtVencUltimaParc" type="xsd:string"/>
            <element maxOccurs="unbounded" name="toParcelasArray" type="impl:TOParcelas"/>
          </sequence>
        </complexType>
      </element>
      <complexType name="TOParcelas">
        <sequence>
          <element name="dtVencParclIrreglr" nillable="true" type="xsd:string"/>
          <element name="vlrFaceParclIrreglr" nillable="true" type="xsd:string"/>
        </sequence>
      </complexType>
      <element name="solicitacaoCreditoOutrosResponse">
        <complexType>
          <sequence>
            <element name="solicitacaoCreditoOutrosReturn" type="xsd:string"/>
          </sequence>
        </complexType>
      </element>
      <element name="solicitacaoCreditoVeiculo">
        <complexType>
          <sequence>
            <element name="cnpjIfParticipante" type="xsd:string"/>
            <element name="contrato" type="xsd:string"/>
            <element name="cnpjIfOrigem" type="xsd:string"/>
            <element name="tipoContrato" type="xsd:string"/>
            <element name="datRefSaldoDevedor" type="xsd:string"/>
            <element name="vlrSaldoDevedor" type="xsd:string"/>
            <element name="tpCli" type="xsd:string"/>
            <element name="cnpjCpfCli" type="xsd:string"/>
            <element name="tipoTaxa" type="xsd:string"/>
            <element name="txJurosNom" type="xsd:string"/>
            <element name="txJurosEfetiv" type="xsd:string"/>
            <element name="txJurosCet" type="xsd:string"/>
            <element name="codMoeda" type="xsd:string"/>
            <element name="indRemuneracao" type="xsd:string"/>
            <element name="regmAmortizacao" type="xsd:string"/>
            <element name="dataContratacao" type="xsd:string"/>
            <element name="qtdeTotParcelas" type="xsd:string"/>
            <element name="flxPagto" type="xsd:string"/>
            <element name="vlrFaceParcelas" type="xsd:string"/>
            <element name="dtVencPrimeiraParc" type="xsd:string"/>
            <element name="dtVencUltimaParc" type="xsd:string"/>
            <element maxOccurs="unbounded" name="toParcelasArray" type="impl:TOParcelas"/>
          </sequence>
        </complexType>
      </element>
      <element name="solicitacaoCreditoVeiculoResponse">
        <complexType>
          <sequence>
            <element name="solicitacaoCreditoVeiculoReturn" type="xsd:string"/>
          </sequence>
        </complexType>
      </element>
      <element name="solicitacaoCreditoConsignado">
        <complexType>
          <sequence>
            <element name="cnpjIfParticipante" type="xsd:string"/>
            <element name="contrato" type="xsd:string"/>
            <element name="cnpjIfOrigem" type="xsd:string"/>
            <element name="tipoContrato" type="xsd:string"/>
            <element name="tipoEnteConsig" type="xsd:string"/>
            <element name="cnpjCorrespBanc" type="xsd:string"/>
            <element name="tpCli" type="xsd:string"/>
            <element name="cnpjCpfCli" type="xsd:string"/>
            <element name="datRefSaldoDevedor" type="xsd:string"/>
            <element name="vlrSaldoDevedor" type="xsd:string"/>
            <element name="txJurosNom" type="xsd:string"/>
            <element name="txJurosEfetiv" type="xsd:string"/>
            <element name="txJurosCet" type="xsd:string"/>
            <element name="codMoeda" type="xsd:string"/>
            <element name="indRemuneracao" type="xsd:string"/>
            <element name="regmAmortizacao" type="xsd:string"/>
            <element name="dataContratacao" type="xsd:string"/>
            <element name="qtdeTotParcelas" type="xsd:string"/>
            <element name="vlrFaceParcelas" type="xsd:string"/>
            <element name="dtVencPrimeiraParc" type="xsd:string"/>
            <element name="dtVencUltimaParc" type="xsd:string"/>
          </sequence>
        </complexType>
      </element>
      <element name="solicitacaoCreditoConsignadoResponse">
        <complexType>
          <sequence>
            <element name="solicitacaoCreditoConsignadoReturn" type="xsd:string"/>
          </sequence>
        </complexType>
      </element>
      <element name="consultaAndamentoPortabilidade">
        <complexType>
          <sequence>
            <element name="dataPesquisaDe" type="xsd:string"/>
            <element name="dataPesquisaAte" type="xsd:string"/>
            <element name="cpfCliente" type="xsd:string"/>
          </sequence>
        </complexType>
      </element>
      <element name="consultaAndamentoPortabilidadeResponse">
        <complexType>
          <sequence>
            <element maxOccurs="unbounded" name="consultaAndamentoPortabilidadeReturn" type="impl:TOIntegracaoConsultaStatusPortabilidade"/>
          </sequence>
        </complexType>
      </element>
      <complexType name="TOIntegracaoConsultaStatusPortabilidade">
        <sequence>
          <element name="protocoloPortabilidade" nillable="true" type="xsd:string"/>
          <element name="cpfCliente" nillable="true" type="xsd:string"/>
          <element name="cnpjEmpregador" nillable="true" type="xsd:string"/>
          <element name="razaoSocialEmpregador" nillable="true" type="xsd:string"/>
          <element name="tipo" nillable="true" type="xsd:string"/>
          <element name="situacao" nillable="true" type="xsd:string"/>
          <element name="codMotivoRejeicao" nillable="true" type="xsd:string"/>
          <element name="mensagemRejeicao" nillable="true" type="xsd:string"/>
          <element name="dataSolicitacao" nillable="true" type="xsd:string"/>
        </sequence>
      </complexType>
      <element name="solicitacaoCreditoPessoal">
        <complexType>
          <sequence>
            <element name="cnpjIfParticipante" type="xsd:string"/>
            <element name="contrato" type="xsd:string"/>
            <element name="cnpjIfOrigem" type="xsd:string"/>
            <element name="tipoContrato" type="xsd:string"/>
            <element name="datRefSaldoDevedor" type="xsd:string"/>
            <element name="vlrSaldoDevedor" type="xsd:string"/>
            <element name="tpCli" type="xsd:string"/>
            <element name="cnpjCpfCli" type="xsd:string"/>
            <element name="tipoTaxa" type="xsd:string"/>
            <element name="txJurosNom" type="xsd:string"/>
            <element name="txJurosEfetiv" type="xsd:string"/>
            <element name="txJurosCet" type="xsd:string"/>
            <element name="codMoeda" type="xsd:string"/>
            <element name="indRemuneracao" type="xsd:string"/>
            <element name="regmAmortizacao" type="xsd:string"/>
            <element name="dataContratacao" type="xsd:string"/>
            <element name="qtdeTotParcelas" type="xsd:string"/>
            <element name="flxPagto" type="xsd:string"/>
            <element name="vlrFaceParcelas" type="xsd:string"/>
            <element name="dtVencPrimeiraParc" type="xsd:string"/>
            <element name="dtVencUltimaParc" type="xsd:string"/>
            <element maxOccurs="unbounded" name="toParcelasArray" type="impl:TOParcelas"/>
          </sequence>
        </complexType>
      </element>
      <element name="solicitacaoCreditoPessoalResponse">
        <complexType>
          <sequence>
            <element name="solicitacaoCreditoPessoalReturn" type="xsd:string"/>
          </sequence>
        </complexType>
      </element>
      <element name="retornaPortabilidadeFinalizada">
        <complexType>
          <sequence>
            <element name="codColigada" type="xsd:string"/>
            <element name="codAgencia" type="xsd:string"/>
            <element name="nroConta" type="xsd:string"/>
            <element name="cpfCliente" type="xsd:string"/>
          </sequence>
        </complexType>
      </element>
      <element name="retornaPortabilidadeFinalizadaResponse">
        <complexType>
          <sequence>
            <element name="retornaPortabilidadeFinalizadaReturn" type="xsd:string"/>
          </sequence>
        </complexType>
      </element>
    </schema>
  </wsdl:types>
  <wsdl:message name="solicitacaoCreditoVeiculoRequest">
    <wsdl:part element="impl:solicitacaoCreditoVeiculo" name="parameters"/>
  </wsdl:message>
  <wsdl:message name="TEException">
    <wsdl:part element="impl:fault" name="fault"/>
  </wsdl:message>
  <wsdl:message name="retornaPortabilidadeFinalizadaResponse">
    <wsdl:part element="impl:retornaPortabilidadeFinalizadaResponse" name="parameters"/>
  </wsdl:message>
  <wsdl:message name="solicitaPortabilidadeResponse">
    <wsdl:part element="impl:solicitaPortabilidadeResponse" name="parameters"/>
  </wsdl:message>
  <wsdl:message name="solicitaPortabilidadeRequest">
    <wsdl:part element="impl:solicitaPortabilidade" name="parameters"/>
  </wsdl:message>
  <wsdl:message name="solicitaCancelamentoPortabilidadeRequest">
    <wsdl:part element="impl:solicitaCancelamentoPortabilidade" name="parameters"/>
  </wsdl:message>
  <wsdl:message name="retornaPortabilidadeFinalizadaRequest">
    <wsdl:part element="impl:retornaPortabilidadeFinalizada" name="parameters"/>
  </wsdl:message>
  <wsdl:message name="listarClientesPendentesRetencaoResponse">
    <wsdl:part element="impl:listarClientesPendentesRetencaoResponse" name="parameters"/>
  </wsdl:message>
  <wsdl:message name="solicitaPortabilidadeChequeEspecialResponse">
    <wsdl:part element="impl:solicitaPortabilidadeChequeEspecialResponse" name="parameters"/>
  </wsdl:message>
  <wsdl:message name="processaRelacaoSolicitacoesPortabilidadeRequest">
    <wsdl:part element="impl:processaRelacaoSolicitacoesPortabilidade" name="parameters"/>
  </wsdl:message>
  <wsdl:message name="solicitacaoCreditoConsignadoRequest">
    <wsdl:part element="impl:solicitacaoCreditoConsignado" name="parameters"/>
  </wsdl:message>
  <wsdl:message name="processaQuantidadeSolicitacoesPortabilidadeResponse">
    <wsdl:part element="impl:processaQuantidadeSolicitacoesPortabilidadeResponse" name="parameters"/>
  </wsdl:message>
  <wsdl:message name="solicitacaoCreditoOutrosRequest">
    <wsdl:part element="impl:solicitacaoCreditoOutros" name="parameters"/>
  </wsdl:message>
  <wsdl:message name="solicitacaoCreditoOutrosResponse">
    <wsdl:part element="impl:solicitacaoCreditoOutrosResponse" name="parameters"/>
  </wsdl:message>
  <wsdl:message name="solicitacaoCreditoPessoalRequest">
    <wsdl:part element="impl:solicitacaoCreditoPessoal" name="parameters"/>
  </wsdl:message>
  <wsdl:message name="processaQuantidadeSolicitacoesPortabilidadeRequest">
    <wsdl:part element="impl:processaQuantidadeSolicitacoesPortabilidade" name="parameters"/>
  </wsdl:message>
  <wsdl:message name="consultaAndamentoPortabilidadeRequest">
    <wsdl:part element="impl:consultaAndamentoPortabilidade" name="parameters"/>
  </wsdl:message>
  <wsdl:message name="solicitacaoCreditoImobiliarioResponse">
    <wsdl:part element="impl:solicitacaoCreditoImobiliarioResponse" name="parameters"/>
  </wsdl:message>
  <wsdl:message name="solicitacaoCreditoConsignadoResponse">
    <wsdl:part element="impl:solicitacaoCreditoConsignadoResponse" name="parameters"/>
  </wsdl:message>
  <wsdl:message name="solicitacaoCreditoVeiculoResponse">
    <wsdl:part element="impl:solicitacaoCreditoVeiculoResponse" name="parameters"/>
  </wsdl:message>
  <wsdl:message name="consultaAndamentoPortabilidadeResponse">
    <wsdl:part element="impl:consultaAndamentoPortabilidadeResponse" name="parameters"/>
  </wsdl:message>
  <wsdl:message name="solicitaCancelamentoPortabilidadeResponse">
    <wsdl:part element="impl:solicitaCancelamentoPortabilidadeResponse" name="parameters"/>
  </wsdl:message>
  <wsdl:message name="listarClientesPendentesRetencaoRequest">
    <wsdl:part element="impl:listarClientesPendentesRetencao" name="parameters"/>
  </wsdl:message>
  <wsdl:message name="solicitacaoCreditoImobiliarioRequest">
    <wsdl:part element="impl:solicitacaoCreditoImobiliario" name="parameters"/>
  </wsdl:message>
  <wsdl:message name="solicitacaoCreditoPessoalResponse">
    <wsdl:part element="impl:solicitacaoCreditoPessoalResponse" name="parameters"/>
  </wsdl:message>
  <wsdl:message name="solicitaPortabilidadeChequeEspecialRequest">
    <wsdl:part element="impl:solicitaPortabilidadeChequeEspecial" name="parameters"/>
  </wsdl:message>
  <wsdl:message name="processaRelacaoSolicitacoesPortabilidadeResponse">
    <wsdl:part element="impl:processaRelacaoSolicitacoesPortabilidadeResponse" name="parameters"/>
  </wsdl:message>
  <wsdl:portType name="TC_Services">
    <wsdl:operation name="processaRelacaoSolicitacoesPortabilidade">
      <wsdl:input message="impl:processaRelacaoSolicitacoesPortabilidadeRequest" name="processaRelacaoSolicitacoesPortabilidadeRequest"/>
      <wsdl:output message="impl:processaRelacaoSolicitacoesPortabilidadeResponse" name="processaRelacaoSolicitacoesPortabilidadeResponse"/>
      <wsdl:fault message="impl:TEException" name="TEException"/>
    </wsdl:operation>
    <wsdl:operation name="solicitaPortabilidadeChequeEspecial">
      <wsdl:input message="impl:solicitaPortabilidadeChequeEspecialRequest" name="solicitaPortabilidadeChequeEspecialRequest"/>
      <wsdl:output message="impl:solicitaPortabilidadeChequeEspecialResponse" name="solicitaPortabilidadeChequeEspecialResponse"/>
      <wsdl:fault message="impl:TEException" name="TEException"/>
    </wsdl:operation>
    <wsdl:operation name="solicitaCancelamentoPortabilidade">
      <wsdl:input message="impl:solicitaCancelamentoPortabilidadeRequest" name="solicitaCancelamentoPortabilidadeRequest"/>
      <wsdl:output message="impl:solicitaCancelamentoPortabilidadeResponse" name="solicitaCancelamentoPortabilidadeResponse"/>
      <wsdl:fault message="impl:TEException" name="TEException"/>
    </wsdl:operation>
    <wsdl:operation name="processaQuantidadeSolicitacoesPortabilidade">
      <wsdl:input message="impl:processaQuantidadeSolicitacoesPortabilidadeRequest" name="processaQuantidadeSolicitacoesPortabilidadeRequest"/>
      <wsdl:output message="impl:processaQuantidadeSolicitacoesPortabilidadeResponse" name="processaQuantidadeSolicitacoesPortabilidadeResponse"/>
      <wsdl:fault message="impl:TEException" name="TEException"/>
    </wsdl:operation>
    <wsdl:operation name="listarClientesPendentesRetencao">
      <wsdl:input message="impl:listarClientesPendentesRetencaoRequest" name="listarClientesPendentesRetencaoRequest"/>
      <wsdl:output message="impl:listarClientesPendentesRetencaoResponse" name="listarClientesPendentesRetencaoResponse"/>
      <wsdl:fault message="impl:TEException" name="TEException"/>
    </wsdl:operation>
    <wsdl:operation name="solicitaPortabilidade">
      <wsdl:input message="impl:solicitaPortabilidadeRequest" name="solicitaPortabilidadeRequest"/>
      <wsdl:output message="impl:solicitaPortabilidadeResponse" name="solicitaPortabilidadeResponse"/>
      <wsdl:fault message="impl:TEException" name="TEException"/>
    </wsdl:operation>
    <wsdl:operation name="solicitacaoCreditoImobiliario">
      <wsdl:input message="impl:solicitacaoCreditoImobiliarioRequest" name="solicitacaoCreditoImobiliarioRequest"/>
      <wsdl:output message="impl:solicitacaoCreditoImobiliarioResponse" name="solicitacaoCreditoImobiliarioResponse"/>
      <wsdl:fault message="impl:TEException" name="TEException"/>
    </wsdl:operation>
    <wsdl:operation name="solicitacaoCreditoOutros">
      <wsdl:input message="impl:solicitacaoCreditoOutrosRequest" name="solicitacaoCreditoOutrosRequest"/>
      <wsdl:output message="impl:solicitacaoCreditoOutrosResponse" name="solicitacaoCreditoOutrosResponse"/>
      <wsdl:fault message="impl:TEException" name="TEException"/>
    </wsdl:operation>
    <wsdl:operation name="solicitacaoCreditoVeiculo">
      <wsdl:input message="impl:solicitacaoCreditoVeiculoRequest" name="solicitacaoCreditoVeiculoRequest"/>
      <wsdl:output message="impl:solicitacaoCreditoVeiculoResponse" name="solicitacaoCreditoVeiculoResponse"/>
      <wsdl:fault message="impl:TEException" name="TEException"/>
    </wsdl:operation>
    <wsdl:operation name="solicitacaoCreditoConsignado">
      <wsdl:input message="impl:solicitacaoCreditoConsignadoRequest" name="solicitacaoCreditoConsignadoRequest"/>
      <wsdl:output message="impl:solicitacaoCreditoConsignadoResponse" name="solicitacaoCreditoConsignadoResponse"/>
      <wsdl:fault message="impl:TEException" name="TEException"/>
    </wsdl:operation>
    <wsdl:operation name="consultaAndamentoPortabilidade">
      <wsdl:input message="impl:consultaAndamentoPortabilidadeRequest" name="consultaAndamentoPortabilidadeRequest"/>
      <wsdl:output message="impl:consultaAndamentoPortabilidadeResponse" name="consultaAndamentoPortabilidadeResponse"/>
      <wsdl:fault message="impl:TEException" name="TEException"/>
    </wsdl:operation>
    <wsdl:operation name="solicitacaoCreditoPessoal">
      <wsdl:input message="impl:solicitacaoCreditoPessoalRequest" name="solicitacaoCreditoPessoalRequest"/>
      <wsdl:output message="impl:solicitacaoCreditoPessoalResponse" name="solicitacaoCreditoPessoalResponse"/>
      <wsdl:fault message="impl:TEException" name="TEException"/>
    </wsdl:operation>
    <wsdl:operation name="retornaPortabilidadeFinalizada">
      <wsdl:input message="impl:retornaPortabilidadeFinalizadaRequest" name="retornaPortabilidadeFinalizadaRequest"/>
      <wsdl:output message="impl:retornaPortabilidadeFinalizadaResponse" name="retornaPortabilidadeFinalizadaResponse"/>
      <wsdl:fault message="impl:TEException" name="TEException"/>
    </wsdl:operation>
  </wsdl:portType>
  <wsdl:binding name="TC_ServicesSoapBinding" type="impl:TC_Services">
    <wsdlsoap:binding style="document" transport="http://schemas.xmlsoap.org/soap/http"/>
    <wsdl:operation name="processaRelacaoSolicitacoesPortabilidade">
      <wsdlsoap:operation soapAction=""/>
      <wsdl:input name="processaRelacaoSolicitacoesPortabilidadeRequest">
        <wsdlsoap:body use="literal"/>
      </wsdl:input>
      <wsdl:output name="processaRelacaoSolicitacoesPortabilidadeResponse">
        <wsdlsoap:body use="literal"/>
      </wsdl:output>
      <wsdl:fault name="TEException">
        <wsdlsoap:fault name="TEException" use="literal"/>
      </wsdl:fault>
    </wsdl:operation>
    <wsdl:operation name="solicitaPortabilidadeChequeEspecial">
      <wsdlsoap:operation soapAction=""/>
      <wsdl:input name="solicitaPortabilidadeChequeEspecialRequest">
        <wsdlsoap:body use="literal"/>
      </wsdl:input>
      <wsdl:output name="solicitaPortabilidadeChequeEspecialResponse">
        <wsdlsoap:body use="literal"/>
      </wsdl:output>
      <wsdl:fault name="TEException">
        <wsdlsoap:fault name="TEException" use="literal"/>
      </wsdl:fault>
    </wsdl:operation>
    <wsdl:operation name="solicitaCancelamentoPortabilidade">
      <wsdlsoap:operation soapAction=""/>
      <wsdl:input name="solicitaCancelamentoPortabilidadeRequest">
        <wsdlsoap:body use="literal"/>
      </wsdl:input>
      <wsdl:output name="solicitaCancelamentoPortabilidadeResponse">
        <wsdlsoap:body use="literal"/>
      </wsdl:output>
      <wsdl:fault name="TEException">
        <wsdlsoap:fault name="TEException" use="literal"/>
      </wsdl:fault>
    </wsdl:operation>
    <wsdl:operation name="processaQuantidadeSolicitacoesPortabilidade">
      <wsdlsoap:operation soapAction=""/>
      <wsdl:input name="processaQuantidadeSolicitacoesPortabilidadeRequest">
        <wsdlsoap:body use="literal"/>
      </wsdl:input>
      <wsdl:output name="processaQuantidadeSolicitacoesPortabilidadeResponse">
        <wsdlsoap:body use="literal"/>
      </wsdl:output>
      <wsdl:fault name="TEException">
        <wsdlsoap:fault name="TEException" use="literal"/>
      </wsdl:fault>
    </wsdl:operation>
    <wsdl:operation name="listarClientesPendentesRetencao">
      <wsdlsoap:operation soapAction=""/>
      <wsdl:input name="listarClientesPendentesRetencaoRequest">
        <wsdlsoap:body use="literal"/>
      </wsdl:input>
      <wsdl:output name="listarClientesPendentesRetencaoResponse">
        <wsdlsoap:body use="literal"/>
      </wsdl:output>
      <wsdl:fault name="TEException">
        <wsdlsoap:fault name="TEException" use="literal"/>
      </wsdl:fault>
    </wsdl:operation>
    <wsdl:operation name="solicitaPortabilidade">
      <wsdlsoap:operation soapAction=""/>
      <wsdl:input name="solicitaPortabilidadeRequest">
        <wsdlsoap:body use="literal"/>
      </wsdl:input>
      <wsdl:output name="solicitaPortabilidadeResponse">
        <wsdlsoap:body use="literal"/>
      </wsdl:output>
      <wsdl:fault name="TEException">
        <wsdlsoap:fault name="TEException" use="literal"/>
      </wsdl:fault>
    </wsdl:operation>
    <wsdl:operation name="solicitacaoCreditoImobiliario">
      <wsdlsoap:operation soapAction=""/>
      <wsdl:input name="solicitacaoCreditoImobiliarioRequest">
        <wsdlsoap:body use="literal"/>
      </wsdl:input>
      <wsdl:output name="solicitacaoCreditoImobiliarioResponse">
        <wsdlsoap:body use="literal"/>
      </wsdl:output>
      <wsdl:fault name="TEException">
        <wsdlsoap:fault name="TEException" use="literal"/>
      </wsdl:fault>
    </wsdl:operation>
    <wsdl:operation name="solicitacaoCreditoOutros">
      <wsdlsoap:operation soapAction=""/>
      <wsdl:input name="solicitacaoCreditoOutrosRequest">
        <wsdlsoap:body use="literal"/>
      </wsdl:input>
      <wsdl:output name="solicitacaoCreditoOutrosResponse">
        <wsdlsoap:body use="literal"/>
      </wsdl:output>
      <wsdl:fault name="TEException">
        <wsdlsoap:fault name="TEException" use="literal"/>
      </wsdl:fault>
    </wsdl:operation>
    <wsdl:operation name="solicitacaoCreditoVeiculo">
      <wsdlsoap:operation soapAction=""/>
      <wsdl:input name="solicitacaoCreditoVeiculoRequest">
        <wsdlsoap:body use="literal"/>
      </wsdl:input>
      <wsdl:output name="solicitacaoCreditoVeiculoResponse">
        <wsdlsoap:body use="literal"/>
      </wsdl:output>
      <wsdl:fault name="TEException">
        <wsdlsoap:fault name="TEException" use="literal"/>
      </wsdl:fault>
    </wsdl:operation>
    <wsdl:operation name="solicitacaoCreditoConsignado">
      <wsdlsoap:operation soapAction=""/>
      <wsdl:input name="solicitacaoCreditoConsignadoRequest">
        <wsdlsoap:body use="literal"/>
      </wsdl:input>
      <wsdl:output name="solicitacaoCreditoConsignadoResponse">
        <wsdlsoap:body use="literal"/>
      </wsdl:output>
      <wsdl:fault name="TEException">
        <wsdlsoap:fault name="TEException" use="literal"/>
      </wsdl:fault>
    </wsdl:operation>
    <wsdl:operation name="consultaAndamentoPortabilidade">
      <wsdlsoap:operation soapAction=""/>
      <wsdl:input name="consultaAndamentoPortabilidadeRequest">
        <wsdlsoap:body use="literal"/>
      </wsdl:input>
      <wsdl:output name="consultaAndamentoPortabilidadeResponse">
        <wsdlsoap:body use="literal"/>
      </wsdl:output>
      <wsdl:fault name="TEException">
        <wsdlsoap:fault name="TEException" use="literal"/>
      </wsdl:fault>
    </wsdl:operation>
    <wsdl:operation name="solicitacaoCreditoPessoal">
      <wsdlsoap:operation soapAction=""/>
      <wsdl:input name="solicitacaoCreditoPessoalRequest">
        <wsdlsoap:body use="literal"/>
      </wsdl:input>
      <wsdl:output name="solicitacaoCreditoPessoalResponse">
        <wsdlsoap:body use="literal"/>
      </wsdl:output>
      <wsdl:fault name="TEException">
        <wsdlsoap:fault name="TEException" use="literal"/>
      </wsdl:fault>
    </wsdl:operation>
    <wsdl:operation name="retornaPortabilidadeFinalizada">
      <wsdlsoap:operation soapAction=""/>
      <wsdl:input name="retornaPortabilidadeFinalizadaRequest">
        <wsdlsoap:body use="literal"/>
      </wsdl:input>
      <wsdl:output name="retornaPortabilidadeFinalizadaResponse">
        <wsdlsoap:body use="literal"/>
      </wsdl:output>
      <wsdl:fault name="TEException">
        <wsdlsoap:fault name="TEException" use="literal"/>
      </wsdl:fault>
    </wsdl:operation>
  </wsdl:binding>
  <wsdl:service name="TC_ServicesService">
    <wsdl:port binding="impl:TC_ServicesSoapBinding" name="TC_Services">
      <wsdlsoap:address location="http://corebancario-hmg.modal.net.br:8082/ABTCWS/services/TC_Services"/>
    </wsdl:port>
  </wsdl:service>
</wsdl:definitions>]]></con:content><con:type>http://schemas.xmlsoap.org/wsdl/</con:type></con:part></con:definitionCache><con:endpoints><con:endpoint>http://corebancario-hmg.modal.net.br:8082/ABTCWS/services/TC_Services</con:endpoint></con:endpoints><con:operation id="2082f598-23c7-4adb-bd2e-499df2f5b207" isOneWay="false" action="" name="consultaAndamentoPortabilidade" bindingOperationName="consultaAndamentoPortabilidade" type="Request-Response" outputName="consultaAndamentoPortabilidadeResponse" inputName="consultaAndamentoPortabilidadeRequest" receivesAttachments="false" sendsAttachments="false" anonymous="optional"><con:settings/><con:call id="a1f056d8-1902-48af-a87b-b0887a876b2d" name="Request 1"><con:settings/><con:encoding>UTF-8</con:encoding><con:endpoint>http://corebancario-hmg.modal.net.br:8082/ABTCWS/services/TC_Services</con:endpoint><con:request><![CDATA[<soapenv:Envelope xmlns:soapenv="http://schemas.xmlsoap.org/soap/envelope/" xmlns:tc="http://tc.autbank.com.br">\r
   <soapenv:Header/>\r
   <soapenv:Body>\r
      <tc:consultaAndamentoPortabilidade>\r
         <tc:dataPesquisaDe>?</tc:dataPesquisaDe>\r
         <tc:dataPesquisaAte>?</tc:dataPesquisaAte>\r
         <tc:cpfCliente>?</tc:cpfCliente>\r
      </tc:consultaAndamentoPortabilidade>\r
   </soapenv:Body>\r
</soapenv:Envelope>]]></con:request><con:wsaConfig mustUnderstand="NONE" version="200508" action="http://tc.autbank.com.br/TC_Services/consultaAndamentoPortabilidadeRequest"/></con:call></con:operation><con:operation id="dfd8dca4-2dac-4d3b-ae34-bd22980bcd61" isOneWay="false" action="" name="listarClientesPendentesRetencao" bindingOperationName="listarClientesPendentesRetencao" type="Request-Response" outputName="listarClientesPendentesRetencaoResponse" inputName="listarClientesPendentesRetencaoRequest" receivesAttachments="false" sendsAttachments="false" anonymous="optional"><con:settings/><con:call id="3dfa9471-e162-4291-9e43-7ee22d17f779" name="Request 1"><con:settings/><con:encoding>UTF-8</con:encoding><con:endpoint>http://corebancario-hmg.modal.net.br:8082/ABTCWS/services/TC_Services</con:endpoint><con:request><![CDATA[<soapenv:Envelope xmlns:soapenv="http://schemas.xmlsoap.org/soap/envelope/" xmlns:tc="http://tc.autbank.com.br">\r
   <soapenv:Header/>\r
   <soapenv:Body>\r
      <tc:listarClientesPendentesRetencao>\r
         <tc:tipoCriterio>?</tc:tipoCriterio>\r
      </tc:listarClientesPendentesRetencao>\r
   </soapenv:Body>\r
</soapenv:Envelope>]]></con:request><con:wsaConfig mustUnderstand="NONE" version="200508" action="http://tc.autbank.com.br/TC_Services/listarClientesPendentesRetencaoRequest"/></con:call></con:operation><con:operation id="c427f543-4bd5-4ee4-a472-cd26c64a9f1c" isOneWay="false" action="" name="processaQuantidadeSolicitacoesPortabilidade" bindingOperationName="processaQuantidadeSolicitacoesPortabilidade" type="Request-Response" outputName="processaQuantidadeSolicitacoesPortabilidadeResponse" inputName="processaQuantidadeSolicitacoesPortabilidadeRequest" receivesAttachments="false" sendsAttachments="false" anonymous="optional"><con:settings/><con:call id="5cfcc49d-e8e7-45da-9b7e-faea167769df" name="Request 1"><con:settings/><con:encoding>UTF-8</con:encoding><con:endpoint>http://corebancario-hmg.modal.net.br:8082/ABTCWS/services/TC_Services</con:endpoint><con:request><![CDATA[<soapenv:Envelope xmlns:soapenv="http://schemas.xmlsoap.org/soap/envelope/" xmlns:tc="http://tc.autbank.com.br">\r
   <soapenv:Header/>\r
   <soapenv:Body>\r
      <tc:processaQuantidadeSolicitacoesPortabilidade>\r
         <tc:dataPesquisa>?</tc:dataPesquisa>\r
      </tc:processaQuantidadeSolicitacoesPortabilidade>\r
   </soapenv:Body>\r
</soapenv:Envelope>]]></con:request><con:wsaConfig mustUnderstand="NONE" version="200508" action="http://tc.autbank.com.br/TC_Services/processaQuantidadeSolicitacoesPortabilidadeRequest"/></con:call></con:operation><con:operation id="c141f795-eac4-42e1-8983-c11943d2c9ee" isOneWay="false" action="" name="processaRelacaoSolicitacoesPortabilidade" bindingOperationName="processaRelacaoSolicitacoesPortabilidade" type="Request-Response" outputName="processaRelacaoSolicitacoesPortabilidadeResponse" inputName="processaRelacaoSolicitacoesPortabilidadeRequest" receivesAttachments="false" sendsAttachments="false" anonymous="optional"><con:settings/><con:call id="3811e078-a318-4822-8221-58b42792247e" name="Request 1"><con:settings/><con:encoding>UTF-8</con:encoding><con:endpoint>http://corebancario-hmg.modal.net.br:8082/ABTCWS/services/TC_Services</con:endpoint><con:request><![CDATA[<soapenv:Envelope xmlns:soapenv="http://schemas.xmlsoap.org/soap/envelope/" xmlns:tc="http://tc.autbank.com.br">\r
   <soapenv:Header/>\r
   <soapenv:Body>\r
      <tc:processaRelacaoSolicitacoesPortabilidade>\r
         <tc:dataPesquisa>?</tc:dataPesquisa>\r
      </tc:processaRelacaoSolicitacoesPortabilidade>\r
   </soapenv:Body>\r
</soapenv:Envelope>]]></con:request><con:wsaConfig mustUnderstand="NONE" version="200508" action="http://tc.autbank.com.br/TC_Services/processaRelacaoSolicitacoesPortabilidadeRequest"/></con:call></con:operation><con:operation id="7854f2d1-2ee7-41a3-9993-847f12645262" isOneWay="false" action="" name="retornaPortabilidadeFinalizada" bindingOperationName="retornaPortabilidadeFinalizada" type="Request-Response" outputName="retornaPortabilidadeFinalizadaResponse" inputName="retornaPortabilidadeFinalizadaRequest" receivesAttachments="false" sendsAttachments="false" anonymous="optional"><con:settings/><con:call id="38db52c4-7f4d-4865-9a00-4be5fc48dc9f" name="Request 1"><con:settings/><con:encoding>UTF-8</con:encoding><con:endpoint>http://corebancario-hmg.modal.net.br:8082/ABTCWS/services/TC_Services</con:endpoint><con:request><![CDATA[<soapenv:Envelope xmlns:soapenv="http://schemas.xmlsoap.org/soap/envelope/" xmlns:tc="http://tc.autbank.com.br">\r
   <soapenv:Header/>\r
   <soapenv:Body>\r
      <tc:retornaPortabilidadeFinalizada>\r
         <tc:codColigada>?</tc:codColigada>\r
         <tc:codAgencia>?</tc:codAgencia>\r
         <tc:nroConta>?</tc:nroConta>\r
         <tc:cpfCliente>?</tc:cpfCliente>\r
      </tc:retornaPortabilidadeFinalizada>\r
   </soapenv:Body>\r
</soapenv:Envelope>]]></con:request><con:wsaConfig mustUnderstand="NONE" version="200508" action="http://tc.autbank.com.br/TC_Services/retornaPortabilidadeFinalizadaRequest"/></con:call></con:operation><con:operation id="ce708247-a149-4409-9358-6f4dbcc81352" isOneWay="false" action="" name="solicitaCancelamentoPortabilidade" bindingOperationName="solicitaCancelamentoPortabilidade" type="Request-Response" outputName="solicitaCancelamentoPortabilidadeResponse" inputName="solicitaCancelamentoPortabilidadeRequest" receivesAttachments="false" sendsAttachments="false" anonymous="optional"><con:settings/><con:call id="e14658d9-f028-4881-aea6-0774f9a5d2bd" name="Request 1"><con:settings/><con:encoding>UTF-8</con:encoding><con:endpoint>http://corebancario-hmg.modal.net.br:8082/ABTCWS/services/TC_Services</con:endpoint><con:request><![CDATA[<soapenv:Envelope xmlns:soapenv="http://schemas.xmlsoap.org/soap/envelope/" xmlns:tc="http://tc.autbank.com.br">\r
   <soapenv:Header/>\r
   <soapenv:Body>\r
      <tc:solicitaCancelamentoPortabilidade>\r
         <tc:codColigada>?</tc:codColigada>\r
         <tc:codAgencia>?</tc:codAgencia>\r
         <tc:nroConta>?</tc:nroConta>\r
         <tc:cpfCliente>?</tc:cpfCliente>\r
         <tc:cnpjEmpregador>?</tc:cnpjEmpregador>\r
      </tc:solicitaCancelamentoPortabilidade>\r
   </soapenv:Body>\r
</soapenv:Envelope>]]></con:request><con:wsaConfig mustUnderstand="NONE" version="200508" action="http://tc.autbank.com.br/TC_Services/solicitaCancelamentoPortabilidadeRequest"/></con:call></con:operation><con:operation id="6398be5f-3aef-4398-a28f-196b9da7eee1" isOneWay="false" action="" name="solicitacaoCreditoConsignado" bindingOperationName="solicitacaoCreditoConsignado" type="Request-Response" outputName="solicitacaoCreditoConsignadoResponse" inputName="solicitacaoCreditoConsignadoRequest" receivesAttachments="false" sendsAttachments="false" anonymous="optional"><con:settings/><con:call id="81b8f9e2-ce51-46d4-ad1f-07a06c07f4d6" name="Request 1"><con:settings/><con:encoding>UTF-8</con:encoding><con:endpoint>http://corebancario-hmg.modal.net.br:8082/ABTCWS/services/TC_Services</con:endpoint><con:request><![CDATA[<soapenv:Envelope xmlns:soapenv="http://schemas.xmlsoap.org/soap/envelope/" xmlns:tc="http://tc.autbank.com.br">\r
   <soapenv:Header/>\r
   <soapenv:Body>\r
      <tc:solicitacaoCreditoConsignado>\r
         <tc:cnpjIfParticipante>?</tc:cnpjIfParticipante>\r
         <tc:contrato>?</tc:contrato>\r
         <tc:cnpjIfOrigem>?</tc:cnpjIfOrigem>\r
         <tc:tipoContrato>?</tc:tipoContrato>\r
         <tc:tipoEnteConsig>?</tc:tipoEnteConsig>\r
         <tc:cnpjCorrespBanc>?</tc:cnpjCorrespBanc>\r
         <tc:tpCli>?</tc:tpCli>\r
         <tc:cnpjCpfCli>?</tc:cnpjCpfCli>\r
         <tc:datRefSaldoDevedor>?</tc:datRefSaldoDevedor>\r
         <tc:vlrSaldoDevedor>?</tc:vlrSaldoDevedor>\r
         <tc:txJurosNom>?</tc:txJurosNom>\r
         <tc:txJurosEfetiv>?</tc:txJurosEfetiv>\r
         <tc:txJurosCet>?</tc:txJurosCet>\r
         <tc:codMoeda>?</tc:codMoeda>\r
         <tc:indRemuneracao>?</tc:indRemuneracao>\r
         <tc:regmAmortizacao>?</tc:regmAmortizacao>\r
         <tc:dataContratacao>?</tc:dataContratacao>\r
         <tc:qtdeTotParcelas>?</tc:qtdeTotParcelas>\r
         <tc:vlrFaceParcelas>?</tc:vlrFaceParcelas>\r
         <tc:dtVencPrimeiraParc>?</tc:dtVencPrimeiraParc>\r
         <tc:dtVencUltimaParc>?</tc:dtVencUltimaParc>\r
      </tc:solicitacaoCreditoConsignado>\r
   </soapenv:Body>\r
</soapenv:Envelope>]]></con:request><con:wsaConfig mustUnderstand="NONE" version="200508" action="http://tc.autbank.com.br/TC_Services/solicitacaoCreditoConsignadoRequest"/></con:call></con:operation><con:operation id="2965db8b-e00f-4d10-8e0a-c35810a58e56" isOneWay="false" action="" name="solicitacaoCreditoImobiliario" bindingOperationName="solicitacaoCreditoImobiliario" type="Request-Response" outputName="solicitacaoCreditoImobiliarioResponse" inputName="solicitacaoCreditoImobiliarioRequest" receivesAttachments="false" sendsAttachments="false" anonymous="optional"><con:settings/><con:call id="9165c656-5f89-4a8e-b5bd-93f21ad1d795" name="Request 1"><con:settings/><con:encoding>UTF-8</con:encoding><con:endpoint>http://corebancario-hmg.modal.net.br:8082/ABTCWS/services/TC_Services</con:endpoint><con:request><![CDATA[<soapenv:Envelope xmlns:soapenv="http://schemas.xmlsoap.org/soap/envelope/" xmlns:tc="http://tc.autbank.com.br">\r
   <soapenv:Header/>\r
   <soapenv:Body>\r
      <tc:solicitacaoCreditoImobiliario>\r
         <tc:cnpjIfParticipante>?</tc:cnpjIfParticipante>\r
         <tc:contrato>?</tc:contrato>\r
         <tc:cnpjIfOrigem>?</tc:cnpjIfOrigem>\r
         <tc:tipoContratoOriginal>?</tc:tipoContratoOriginal>\r
         <tc:tpCli>?</tc:tpCli>\r
         <tc:cnpjCpfCli>?</tc:cnpjCpfCli>\r
         <tc:datRefSaldoDev1>?</tc:datRefSaldoDev1>\r
         <tc:datRefSaldoDev2>?</tc:datRefSaldoDev2>\r
         <tc:datRefSaldoDev3>?</tc:datRefSaldoDev3>\r
         <tc:datRefSaldDevdrContb>?</tc:datRefSaldDevdrContb>\r
         <tc:vlrSaldDevrContb>?</tc:vlrSaldDevrContb>\r
         <tc:tipoContratoProposta>?</tc:tipoContratoProposta>\r
         <tc:tipoTaxa>?</tc:tipoTaxa>\r
         <tc:txJurosNom>?</tc:txJurosNom>\r
         <tc:txJurosEfetiv>?</tc:txJurosEfetiv>\r
         <tc:txJurosCet>?</tc:txJurosCet>\r
         <tc:custoEftvSegHab>?</tc:custoEftvSegHab>\r
         <tc:vlrAvaDFIProp>?</tc:vlrAvaDFIProp>\r
         <tc:prazoOperacao>?</tc:prazoOperacao>\r
         <tc:codMoeda>?</tc:codMoeda>\r
         <tc:indRemuneracao>?</tc:indRemuneracao>\r
         <tc:regmAmortizacao>?</tc:regmAmortizacao>\r
         <tc:vlrParclInic>?</tc:vlrParclInic>\r
         <tc:vlrParclAmtzInic>?</tc:vlrParclAmtzInic>\r
         <tc:vlrParclJurosInic>?</tc:vlrParclJurosInic>\r
         <tc:premMIPInic>?</tc:premMIPInic>\r
         <tc:premDFIInic>?</tc:premDFIInic>\r
         <tc:tarifaMesInic>?</tc:tarifaMesInic>\r
         <tc:dtVencPrimeiraParc>?</tc:dtVencPrimeiraParc>\r
         <tc:dtVencUltimaParc>?</tc:dtVencUltimaParc>\r
         <tc:enderecoImovel>?</tc:enderecoImovel>\r
         <tc:complementoImovel>?</tc:complementoImovel>\r
         <tc:numeroImovel>?</tc:numeroImovel>\r
         <tc:cidadeImovel>?</tc:cidadeImovel>\r
         <tc:ufImovel>?</tc:ufImovel>\r
         <tc:cepImovel>?</tc:cepImovel>\r
      </tc:solicitacaoCreditoImobiliario>\r
   </soapenv:Body>\r
</soapenv:Envelope>]]></con:request><con:wsaConfig mustUnderstand="NONE" version="200508" action="http://tc.autbank.com.br/TC_Services/solicitacaoCreditoImobiliarioRequest"/></con:call></con:operation><con:operation id="d062ed10-c0e5-4c92-b059-97ff1c7e88db" isOneWay="false" action="" name="solicitacaoCreditoOutros" bindingOperationName="solicitacaoCreditoOutros" type="Request-Response" outputName="solicitacaoCreditoOutrosResponse" inputName="solicitacaoCreditoOutrosRequest" receivesAttachments="false" sendsAttachments="false" anonymous="optional"><con:settings/><con:call id="35c2438b-056b-4024-b001-c0227780688f" name="Request 1"><con:settings/><con:encoding>UTF-8</con:encoding><con:endpoint>http://corebancario-hmg.modal.net.br:8082/ABTCWS/services/TC_Services</con:endpoint><con:request><![CDATA[<soapenv:Envelope xmlns:soapenv="http://schemas.xmlsoap.org/soap/envelope/" xmlns:tc="http://tc.autbank.com.br">\r
   <soapenv:Header/>\r
   <soapenv:Body>\r
      <tc:solicitacaoCreditoOutros>\r
         <tc:cnpjIfParticipante>?</tc:cnpjIfParticipante>\r
         <tc:contrato>?</tc:contrato>\r
         <tc:cnpjIfOrigem>?</tc:cnpjIfOrigem>\r
         <tc:tipoContrato>?</tc:tipoContrato>\r
         <tc:datRefSaldoDevedor>?</tc:datRefSaldoDevedor>\r
         <tc:vlrSaldoDevedor>?</tc:vlrSaldoDevedor>\r
         <tc:tpCli>?</tc:tpCli>\r
         <tc:cnpjCpfCli>?</tc:cnpjCpfCli>\r
         <tc:tipoTaxa>?</tc:tipoTaxa>\r
         <tc:txJurosNom>?</tc:txJurosNom>\r
         <tc:txJurosEfetiv>?</tc:txJurosEfetiv>\r
         <tc:txJurosCet>?</tc:txJurosCet>\r
         <tc:codMoeda>?</tc:codMoeda>\r
         <tc:indRemuneracao>?</tc:indRemuneracao>\r
         <tc:regmAmortizacao>?</tc:regmAmortizacao>\r
         <tc:dataContratacao>?</tc:dataContratacao>\r
         <tc:qtdeTotParcelas>?</tc:qtdeTotParcelas>\r
         <tc:flxPagto>?</tc:flxPagto>\r
         <tc:vlrFaceParcelas>?</tc:vlrFaceParcelas>\r
         <tc:dtVencPrimeiraParc>?</tc:dtVencPrimeiraParc>\r
         <tc:dtVencUltimaParc>?</tc:dtVencUltimaParc>\r
         <!--1 or more repetitions:-->\r
         <tc:toParcelasArray>\r
            <tc:dtVencParclIrreglr>?</tc:dtVencParclIrreglr>\r
            <tc:vlrFaceParclIrreglr>?</tc:vlrFaceParclIrreglr>\r
         </tc:toParcelasArray>\r
      </tc:solicitacaoCreditoOutros>\r
   </soapenv:Body>\r
</soapenv:Envelope>]]></con:request><con:wsaConfig mustUnderstand="NONE" version="200508" action="http://tc.autbank.com.br/TC_Services/solicitacaoCreditoOutrosRequest"/></con:call></con:operation><con:operation id="09146058-1298-4c9b-a037-e5fbb818e5e9" isOneWay="false" action="" name="solicitacaoCreditoPessoal" bindingOperationName="solicitacaoCreditoPessoal" type="Request-Response" outputName="solicitacaoCreditoPessoalResponse" inputName="solicitacaoCreditoPessoalRequest" receivesAttachments="false" sendsAttachments="false" anonymous="optional"><con:settings/><con:call id="8ff4af83-cc24-4695-9ac3-3b903433225b" name="Request 1"><con:settings/><con:encoding>UTF-8</con:encoding><con:endpoint>http://corebancario-hmg.modal.net.br:8082/ABTCWS/services/TC_Services</con:endpoint><con:request><![CDATA[<soapenv:Envelope xmlns:soapenv="http://schemas.xmlsoap.org/soap/envelope/" xmlns:tc="http://tc.autbank.com.br">\r
   <soapenv:Header/>\r
   <soapenv:Body>\r
      <tc:solicitacaoCreditoPessoal>\r
         <tc:cnpjIfParticipante>?</tc:cnpjIfParticipante>\r
         <tc:contrato>?</tc:contrato>\r
         <tc:cnpjIfOrigem>?</tc:cnpjIfOrigem>\r
         <tc:tipoContrato>?</tc:tipoContrato>\r
         <tc:datRefSaldoDevedor>?</tc:datRefSaldoDevedor>\r
         <tc:vlrSaldoDevedor>?</tc:vlrSaldoDevedor>\r
         <tc:tpCli>?</tc:tpCli>\r
         <tc:cnpjCpfCli>?</tc:cnpjCpfCli>\r
         <tc:tipoTaxa>?</tc:tipoTaxa>\r
         <tc:txJurosNom>?</tc:txJurosNom>\r
         <tc:txJurosEfetiv>?</tc:txJurosEfetiv>\r
         <tc:txJurosCet>?</tc:txJurosCet>\r
         <tc:codMoeda>?</tc:codMoeda>\r
         <tc:indRemuneracao>?</tc:indRemuneracao>\r
         <tc:regmAmortizacao>?</tc:regmAmortizacao>\r
         <tc:dataContratacao>?</tc:dataContratacao>\r
         <tc:qtdeTotParcelas>?</tc:qtdeTotParcelas>\r
         <tc:flxPagto>?</tc:flxPagto>\r
         <tc:vlrFaceParcelas>?</tc:vlrFaceParcelas>\r
         <tc:dtVencPrimeiraParc>?</tc:dtVencPrimeiraParc>\r
         <tc:dtVencUltimaParc>?</tc:dtVencUltimaParc>\r
         <!--1 or more repetitions:-->\r
         <tc:toParcelasArray>\r
            <tc:dtVencParclIrreglr>?</tc:dtVencParclIrreglr>\r
            <tc:vlrFaceParclIrreglr>?</tc:vlrFaceParclIrreglr>\r
         </tc:toParcelasArray>\r
      </tc:solicitacaoCreditoPessoal>\r
   </soapenv:Body>\r
</soapenv:Envelope>]]></con:request><con:wsaConfig mustUnderstand="NONE" version="200508" action="http://tc.autbank.com.br/TC_Services/solicitacaoCreditoPessoalRequest"/></con:call></con:operation><con:operation id="36575eb2-aa3e-4d3b-a7b7-f2b875a232c3" isOneWay="false" action="" name="solicitacaoCreditoVeiculo" bindingOperationName="solicitacaoCreditoVeiculo" type="Request-Response" outputName="solicitacaoCreditoVeiculoResponse" inputName="solicitacaoCreditoVeiculoRequest" receivesAttachments="false" sendsAttachments="false" anonymous="optional"><con:settings/><con:call id="612dc153-27a7-4433-a345-6565fe0bc6f2" name="Request 1"><con:settings/><con:encoding>UTF-8</con:encoding><con:endpoint>http://corebancario-hmg.modal.net.br:8082/ABTCWS/services/TC_Services</con:endpoint><con:request><![CDATA[<soapenv:Envelope xmlns:soapenv="http://schemas.xmlsoap.org/soap/envelope/" xmlns:tc="http://tc.autbank.com.br">\r
   <soapenv:Header/>\r
   <soapenv:Body>\r
      <tc:solicitacaoCreditoVeiculo>\r
         <tc:cnpjIfParticipante>?</tc:cnpjIfParticipante>\r
         <tc:contrato>?</tc:contrato>\r
         <tc:cnpjIfOrigem>?</tc:cnpjIfOrigem>\r
         <tc:tipoContrato>?</tc:tipoContrato>\r
         <tc:datRefSaldoDevedor>?</tc:datRefSaldoDevedor>\r
         <tc:vlrSaldoDevedor>?</tc:vlrSaldoDevedor>\r
         <tc:tpCli>?</tc:tpCli>\r
         <tc:cnpjCpfCli>?</tc:cnpjCpfCli>\r
         <tc:tipoTaxa>?</tc:tipoTaxa>\r
         <tc:txJurosNom>?</tc:txJurosNom>\r
         <tc:txJurosEfetiv>?</tc:txJurosEfetiv>\r
         <tc:txJurosCet>?</tc:txJurosCet>\r
         <tc:codMoeda>?</tc:codMoeda>\r
         <tc:indRemuneracao>?</tc:indRemuneracao>\r
         <tc:regmAmortizacao>?</tc:regmAmortizacao>\r
         <tc:dataContratacao>?</tc:dataContratacao>\r
         <tc:qtdeTotParcelas>?</tc:qtdeTotParcelas>\r
         <tc:flxPagto>?</tc:flxPagto>\r
         <tc:vlrFaceParcelas>?</tc:vlrFaceParcelas>\r
         <tc:dtVencPrimeiraParc>?</tc:dtVencPrimeiraParc>\r
         <tc:dtVencUltimaParc>?</tc:dtVencUltimaParc>\r
         <!--1 or more repetitions:-->\r
         <tc:toParcelasArray>\r
            <tc:dtVencParclIrreglr>?</tc:dtVencParclIrreglr>\r
            <tc:vlrFaceParclIrreglr>?</tc:vlrFaceParclIrreglr>\r
         </tc:toParcelasArray>\r
      </tc:solicitacaoCreditoVeiculo>\r
   </soapenv:Body>\r
</soapenv:Envelope>]]></con:request><con:wsaConfig mustUnderstand="NONE" version="200508" action="http://tc.autbank.com.br/TC_Services/solicitacaoCreditoVeiculoRequest"/></con:call></con:operation><con:operation id="726f551c-0944-49b6-aa18-1ab5ba39e08a" isOneWay="false" action="" name="solicitaPortabilidade" bindingOperationName="solicitaPortabilidade" type="Request-Response" outputName="solicitaPortabilidadeResponse" inputName="solicitaPortabilidadeRequest" receivesAttachments="false" sendsAttachments="false" anonymous="optional"><con:settings/><con:call id="2c930150-8383-45af-9c18-0d2355dba700" name="Request 1"><con:settings/><con:encoding>UTF-8</con:encoding><con:endpoint>http://corebancario-hmg.modal.net.br:8082/ABTCWS/services/TC_Services</con:endpoint><con:request><![CDATA[<soapenv:Envelope xmlns:soapenv="http://schemas.xmlsoap.org/soap/envelope/" xmlns:tc="http://tc.autbank.com.br">\r
   <soapenv:Header/>\r
   <soapenv:Body>\r
      <tc:solicitaPortabilidade>\r
         <tc:codBancoOrigem>?</tc:codBancoOrigem>\r
         <tc:cnpjEmprdr>?</tc:cnpjEmprdr>\r
         <tc:denSocEmprdr>?</tc:denSocEmprdr>\r
         <tc:codColigada>?</tc:codColigada>\r
         <tc:codAgencia>?</tc:codAgencia>\r
         <tc:nroConta>?</tc:nroConta>\r
         <tc:cpfCliente>?</tc:cpfCliente>\r
         <tc:sisOrigem>?</tc:sisOrigem>\r
      </tc:solicitaPortabilidade>\r
   </soapenv:Body>\r
</soapenv:Envelope>]]></con:request><con:wsaConfig mustUnderstand="NONE" version="200508" action="http://tc.autbank.com.br/TC_Services/solicitaPortabilidadeRequest"/></con:call></con:operation><con:operation id="4d8709e0-572c-493f-8ffe-489343ef7e60" isOneWay="false" action="" name="solicitaPortabilidadeChequeEspecial" bindingOperationName="solicitaPortabilidadeChequeEspecial" type="Request-Response" outputName="solicitaPortabilidadeChequeEspecialResponse" inputName="solicitaPortabilidadeChequeEspecialRequest" receivesAttachments="false" sendsAttachments="false" anonymous="optional"><con:settings/><con:call id="41a23f80-3458-435f-95ab-8261a02aafa7" name="Request 1"><con:settings/><con:encoding>UTF-8</con:encoding><con:endpoint>http://corebancario-hmg.modal.net.br:8082/ABTCWS/services/TC_Services</con:endpoint><con:request><![CDATA[<soapenv:Envelope xmlns:soapenv="http://schemas.xmlsoap.org/soap/envelope/" xmlns:tc="http://tc.autbank.com.br">\r
   <soapenv:Header/>\r
   <soapenv:Body>\r
      <tc:solicitaPortabilidadeChequeEspecial>\r
         <tc:cnpjIFAdmin>?</tc:cnpjIFAdmin>\r
         <tc:cnpjIFOriginadora>?</tc:cnpjIFOriginadora>\r
         <tc:cpfCnpjCliente>?</tc:cpfCnpjCliente>\r
         <tc:tipoConta>?</tc:tipoConta>\r
         <tc:codAgencia>?</tc:codAgencia>\r
         <tc:nroConta>?</tc:nroConta>\r
         <tc:nroContrato>?</tc:nroContrato>\r
         <tc:contaConjSolid>?</tc:contaConjSolid>\r
         <tc:dataRefSaldoDev>?</tc:dataRefSaldoDev>\r
         <tc:valorMaxCob>?</tc:valorMaxCob>\r
         <tc:taxaJrNominal>?</tc:taxaJrNominal>\r
         <tc:tpTaxaProposta>?</tc:tpTaxaProposta>\r
         <tc:saldoDevedorProposta>?</tc:saldoDevedorProposta>\r
         <tc:tarChqEspecialProposta>?</tc:tarChqEspecialProposta>\r
         <tc:txJrEfetivaProposta>?</tc:txJrEfetivaProposta>\r
         <tc:cetProposta>?</tc:cetProposta>\r
         <tc:qtdDiasIsento>?</tc:qtdDiasIsento>\r
         <tc:tpTaxaAD>?</tc:tpTaxaAD>\r
         <tc:saldoDevedorAD>?</tc:saldoDevedorAD>\r
         <tc:txJrNominalAD>?</tc:txJrNominalAD>\r
         <tc:txJrEfetivaAD>?</tc:txJrEfetivaAD>\r
         <tc:cetAD>?</tc:cetAD>\r
         <tc:tarifaAD>?</tc:tarifaAD>\r
      </tc:solicitaPortabilidadeChequeEspecial>\r
   </soapenv:Body>\r
</soapenv:Envelope>]]></con:request><con:wsaConfig mustUnderstand="NONE" version="200508" action="http://tc.autbank.com.br/TC_Services/solicitaPortabilidadeChequeEspecialRequest"/></con:call></con:operation></con:interface><con:properties/><con:wssContainer/><con:oAuth2ProfileContainer/><con:oAuth1ProfileContainer/></con:soapui-project>