{
	"info": {
		"_postman_id": "051caef5-45a2-46d1-9a19-37896d17e7b9",
		"name": "http://arqqasoa/ControleAcessoAut/Autenticacao.svc",
		"schema": "https://schema.getpostman.com/json/collection/v2.1.0/collection.json"
	},
	"item": [
		{
			"name": "Autenticação - QA",
			"request": {
				"method": "GET",
				"header": [],
				"url": {
					"raw": ""
				}
			},
			"response": []
		},
		{
			"name": "teste",
			"request": {
				"method": "GET",
				"header": [],
				"url": {
					"raw": ""
				}
			},
			"response": []
		}
	]
}