<?xml version="1.0" encoding="UTF-8"?>
<con:soapui-project id="16db63e2-b58a-478e-9442-9493ff66c6d1" activeEnvironment="Default" name="IL SGR - HMG" soapui-version="5.6.0" abortOnError="false" runType="SEQUENTIAL" xmlns:con="http://eviware.com/soapui/config"><con:settings/><con:interface xsi:type="con:WsdlInterface" id="c80aab13-47a9-4891-8b56-9377b39b6acc" wsaVersion="NONE" name="IL_ServicesLTSoapBinding" type="wsdl" bindingName="{http://literal.autbank.com.br}IL_ServicesLTSoapBinding" soapVersion="1_1" anonymous="optional" definition="http://corebancario-hmg.modal.net.br:8082/ABILWS2/services/IL_ServicesLT?wsdl" xmlns:xsi="http://www.w3.org/2001/XMLSchema-instance"><con:settings><con:setting id="CreateWsdlDocumentationAction@report-directory">C:\Users\F000908\Documents\Sistemas\Autbank\ABILWS\Documentos</con:setting></con:settings><con:definitionCache type="TEXT" rootPart="http://corebancario-hmg.modal.net.br:8082/ABILWS2/services/IL_ServicesLT?wsdl"><con:part><con:url>http://corebancario-hmg.modal.net.br:8082/ABILWS2/services/IL_ServicesLT?wsdl</con:url><con:content><![CDATA[<wsdl:definitions targetNamespace="http://literal.autbank.com.br" xmlns:apachesoap="http://xml.apache.org/xml-soap" xmlns:impl="http://literal.autbank.com.br" xmlns:intf="http://literal.autbank.com.br" xmlns:wsdl="http://schemas.xmlsoap.org/wsdl/" xmlns:wsdlsoap="http://schemas.xmlsoap.org/wsdl/soap/" xmlns:xsd="http://www.w3.org/2001/XMLSchema">
  <wsdl:types>
    <schema elementFormDefault="qualified" targetNamespace="http://literal.autbank.com.br" xmlns="http://www.w3.org/2001/XMLSchema">
      <element name="consultaMsg">
        <complexType>
          <sequence>
            <element name="codSistemaO" type="xsd:string"/>
            <element name="numOrigem" type="xsd:string"/>
            <element name="tipoConsulta" type="xsd:string"/>
          </sequence>
        </complexType>
      </element>
      <element name="consultaMsgResponse">
        <complexType>
          <sequence>
            <element name="consultaMsgReturn" type="impl:TOConsultaIL"/>
          </sequence>
        </complexType>
      </element>
      <complexType name="TOConsultaIL">
        <sequence>
          <element name="codErroSpb" nillable="true" type="xsd:string"/>
          <element name="codMsg" nillable="true" type="xsd:string"/>
          <element name="codMsgErro" nillable="true" type="xsd:string"/>
          <element name="codRejeicao" nillable="true" type="xsd:string"/>
          <element name="codSistema" nillable="true" type="xsd:string"/>
          <element name="desStatusSgr" nillable="true" type="xsd:string"/>
          <element name="desStatusStr" nillable="true" type="xsd:string"/>
          <element name="destino" nillable="true" type="xsd:string"/>
          <element name="motivoRejei" nillable="true" type="xsd:string"/>
          <element name="msgErro" nillable="true" type="xsd:string"/>
          <element name="msgErroSpb" nillable="true" type="xsd:string"/>
          <element name="numCtrlSpb" nillable="true" type="xsd:string"/>
          <element name="numOrigem" nillable="true" type="xsd:string"/>
          <element name="numOrigemOr" nillable="true" type="xsd:string"/>
          <element name="situcao" nillable="true" type="xsd:string"/>
          <element name="statusSgr" nillable="true" type="xsd:string"/>
          <element name="statusStr" nillable="true" type="xsd:string"/>
          <element name="xml" nillable="true" type="xsd:string"/>
        </sequence>
      </complexType>
      <element name="consultaStatusV2">
        <complexType>
          <sequence>
            <element name="codSistemaO" type="xsd:string"/>
            <element name="numOrigem" type="xsd:string"/>
            <element name="moduloTrans" type="xsd:string"/>
          </sequence>
        </complexType>
      </element>
      <element name="consultaStatusV2Response">
        <complexType>
          <sequence>
            <element name="consultaStatusV2Return" type="impl:TOConsultaIL"/>
          </sequence>
        </complexType>
      </element>
      <element name="consultaStatus">
        <complexType>
          <sequence>
            <element name="codSistemaO" type="xsd:string"/>
            <element name="numOrigem" type="xsd:string"/>
          </sequence>
        </complexType>
      </element>
      <element name="consultaStatusResponse">
        <complexType>
          <sequence>
            <element name="consultaStatusReturn" type="impl:TOConsultaIL"/>
          </sequence>
        </complexType>
      </element>
      <element name="consultaMsgV2">
        <complexType>
          <sequence>
            <element name="codSistemaO" type="xsd:string"/>
            <element name="numOrigem" type="xsd:string"/>
            <element name="tipoConsulta" type="xsd:string"/>
            <element name="moduloTrans" type="xsd:string"/>
          </sequence>
        </complexType>
      </element>
      <element name="consultaMsgV2Response">
        <complexType>
          <sequence>
            <element name="consultaMsgV2Return" type="impl:TOConsultaIL"/>
          </sequence>
        </complexType>
      </element>
      <element name="incluirTransacao">
        <complexType>
          <sequence>
            <element name="codSisOrigem" type="xsd:string"/>
            <element name="nroCtrlOrigem" type="xsd:string"/>
            <element name="indAutorizacao" type="xsd:string"/>
            <element name="dataReserva" type="xsd:string"/>
            <element name="dataHoraLimite" type="xsd:string"/>
            <element name="nroBoleto" type="xsd:string"/>
            <element name="codSisLegadoDestino" type="xsd:string"/>
            <element name="usuario" type="xsd:string"/>
            <element name="corpoMensagem" type="xsd:string"/>
            <element name="msgXmlUsr" type="xsd:string"/>
            <element name="nroBordero" type="xsd:string"/>
            <element name="moduloTrans" type="xsd:string"/>
            <element name="sisSubOrigem" type="xsd:string"/>
            <element name="numCtrlIfOr" type="xsd:string"/>
            <element name="statusOp" type="xsd:string"/>
          </sequence>
        </complexType>
      </element>
      <element name="incluirTransacaoResponse">
        <complexType>
          <sequence>
            <element name="incluirTransacaoReturn" type="impl:TORetornoServicoIL"/>
          </sequence>
        </complexType>
      </element>
      <complexType name="TORetornoServicoIL">
        <sequence>
          <element name="codErro" nillable="true" type="xsd:string"/>
          <element name="msgErro" nillable="true" type="xsd:string"/>
        </sequence>
      </complexType>
      <element name="incluirPrevisao">
        <complexType>
          <sequence>
            <element name="codInstituicao" type="xsd:string"/>
            <element name="nroCtrlOrigem" type="xsd:string"/>
            <element name="nroBoleto" type="xsd:string"/>
            <element name="codSisOrigem" type="xsd:string"/>
            <element name="dataReserva" type="xsd:string"/>
            <element name="valorPrevisao" type="xsd:decimal"/>
            <element name="natureza" type="xsd:string"/>
            <element name="ISPBIFContraParte" type="xsd:string"/>
            <element name="agenciaContraParte" type="xsd:string"/>
            <element name="nroContaContraParte" type="xsd:string"/>
            <element name="cnpjCpfContraParte" type="xsd:string"/>
            <element name="ISPBCamara" type="xsd:string"/>
            <element name="descPrevisao" type="xsd:string"/>
            <element name="usuario" type="xsd:string"/>
            <element name="tipoLiquidacao" type="xsd:string"/>
            <element name="nomeCliente" type="xsd:string"/>
            <element name="corpoMensagem" type="xsd:string"/>
          </sequence>
        </complexType>
      </element>
      <element name="incluirPrevisaoResponse">
        <complexType>
          <sequence>
            <element name="incluirPrevisaoReturn" type="impl:TORetornoServicoIL"/>
          </sequence>
        </complexType>
      </element>
      <element name="incluirOperacao">
        <complexType>
          <sequence>
            <element name="codSisOrigem" type="xsd:string"/>
            <element name="nroCtrlOrigem" type="xsd:string"/>
            <element name="codInstituicao" type="xsd:string"/>
            <element name="ISPBCamara" type="xsd:string"/>
            <element name="codTituloMoeda" type="xsd:string"/>
            <element name="qtdNegociada" type="xsd:decimal"/>
            <element name="dataVectoTitulo" type="xsd:string"/>
            <element name="dataProcSisOrigem" type="xsd:string"/>
            <element name="dataReserva" type="xsd:string"/>
            <element name="natureza" type="xsd:string"/>
            <element name="efeitoQtde" type="xsd:string"/>
            <element name="nroOpearacao" type="xsd:string"/>
            <element name="cnpjContraParte" type="xsd:string"/>
            <element name="descContraParte" type="xsd:string"/>
            <element name="valorOperacao" type="xsd:decimal"/>
            <element name="tipoLiquidacao" type="xsd:string"/>
            <element name="emissorObjeto" type="xsd:string"/>
            <element name="nroBoleto" type="xsd:string"/>
            <element name="tipoEmissor" type="xsd:string"/>
            <element name="cnpjTitularOperacao" type="xsd:string"/>
            <element name="descOperacao" type="xsd:string"/>
          </sequence>
        </complexType>
      </element>
      <element name="incluirOperacaoResponse">
        <complexType>
          <sequence>
            <element name="incluirOperacaoReturn" type="impl:TORetornoServicoIL"/>
          </sequence>
        </complexType>
      </element>
      <element name="cancelarPrevisao">
        <complexType>
          <sequence>
            <element name="codInstituicao" type="xsd:string"/>
            <element name="codSisOrigem" type="xsd:string"/>
            <element name="nroCtrlOrigem" type="xsd:string"/>
          </sequence>
        </complexType>
      </element>
      <element name="cancelarPrevisaoResponse">
        <complexType>
          <sequence>
            <element name="cancelarPrevisaoReturn" type="impl:TORetornoServicoIL"/>
          </sequence>
        </complexType>
      </element>
      <element name="alterarPrevisao">
        <complexType>
          <sequence>
            <element name="codInstituicao" type="xsd:string"/>
            <element name="nroCtrlOrigem" type="xsd:string"/>
            <element name="nroBoleto" type="xsd:string"/>
            <element name="codSisOrigem" type="xsd:string"/>
            <element name="dataReserva" type="xsd:string"/>
            <element name="valorPrevisao" type="xsd:decimal"/>
            <element name="natureza" type="xsd:string"/>
            <element name="ISPBIFContraParte" type="xsd:string"/>
            <element name="agenciaContraParte" type="xsd:string"/>
            <element name="nroContaContraParte" type="xsd:string"/>
            <element name="cnpjCpfContraParte" type="xsd:string"/>
            <element name="ISPBCamara" type="xsd:string"/>
            <element name="descPrevisao" type="xsd:string"/>
            <element name="usuario" type="xsd:string"/>
            <element name="tipoLiquidacao" type="xsd:string"/>
            <element name="tipoAlteracao" type="xsd:string"/>
          </sequence>
        </complexType>
      </element>
      <element name="alterarPrevisaoResponse">
        <complexType>
          <sequence>
            <element name="alterarPrevisaoReturn" type="impl:TORetornoServicoIL"/>
          </sequence>
        </complexType>
      </element>
      <element name="alterarOperacao">
        <complexType>
          <sequence>
            <element name="codSisOrigem" type="xsd:string"/>
            <element name="nroCtrlOrigem" type="xsd:string"/>
            <element name="status" type="xsd:string"/>
          </sequence>
        </complexType>
      </element>
      <element name="alterarOperacaoResponse">
        <complexType>
          <sequence>
            <element name="alterarOperacaoReturn" type="impl:TORetornoServicoIL"/>
          </sequence>
        </complexType>
      </element>
      <element name="cancelarTransacaoV2">
        <complexType>
          <sequence>
            <element name="codSistemaO" type="xsd:string"/>
            <element name="numOrigem" type="xsd:string"/>
            <element name="usuario" type="xsd:string"/>
            <element name="moduloTrans" type="xsd:string"/>
          </sequence>
        </complexType>
      </element>
      <element name="cancelarTransacaoV2Response">
        <complexType>
          <sequence>
            <element name="cancelarTransacaoV2Return" type="impl:TORetornoServicoIL"/>
          </sequence>
        </complexType>
      </element>
      <element name="incluirTransacaoV2">
        <complexType>
          <sequence>
            <element name="codSisOrigem" type="xsd:string"/>
            <element name="nroCtrlOrigem" type="xsd:string"/>
            <element name="indAutorizacao" type="xsd:string"/>
            <element name="dataReserva" type="xsd:string"/>
            <element name="dataHoraLimite" type="xsd:string"/>
            <element name="nroBoleto" type="xsd:string"/>
            <element name="codSisLegadoDestino" type="xsd:string"/>
            <element name="usuario" type="xsd:string"/>
            <element name="corpoMensagem" type="xsd:string"/>
            <element name="msgXmlUsr" type="xsd:string"/>
            <element name="nroBordero" type="xsd:string"/>
            <element name="moduloTrans" type="xsd:string"/>
            <element name="sisSubOrigem" type="xsd:string"/>
            <element name="numCtrlIfOr" type="xsd:string"/>
            <element name="statusOp" type="xsd:string"/>
            <element name="codInstituicao" type="xsd:string"/>
          </sequence>
        </complexType>
      </element>
      <element name="incluirTransacaoV2Response">
        <complexType>
          <sequence>
            <element name="incluirTransacaoV2Return" type="impl:TORetornoServicoIL"/>
          </sequence>
        </complexType>
      </element>
      <element name="cancelarTransacao">
        <complexType>
          <sequence>
            <element name="codSistemaO" type="xsd:string"/>
            <element name="numOrigem" type="xsd:string"/>
            <element name="usuario" type="xsd:string"/>
          </sequence>
        </complexType>
      </element>
      <element name="cancelarTransacaoResponse">
        <complexType>
          <sequence>
            <element name="cancelarTransacaoReturn" type="impl:TORetornoServicoIL"/>
          </sequence>
        </complexType>
      </element>
      <element name="consultarPrevisao">
        <complexType>
          <sequence>
            <element name="codSisOrigem" type="xsd:string"/>
            <element name="codInstituicao" type="xsd:string"/>
            <element name="dataMovtoInicial" type="xsd:string"/>
            <element name="dataMovtoFinal" type="xsd:string"/>
            <element name="dataReservaInicial" type="xsd:string"/>
            <element name="dataReservaFinal" type="xsd:string"/>
            <element name="natureza" type="xsd:string"/>
            <element name="tipoLiquidacao" type="xsd:string"/>
            <element name="situacao" type="xsd:string"/>
          </sequence>
        </complexType>
      </element>
      <element name="consultarPrevisaoResponse">
        <complexType>
          <sequence>
            <element name="consultarPrevisaoReturn" type="impl:TOConsultaIL"/>
          </sequence>
        </complexType>
      </element>
      <element name="consultarOperacao">
        <complexType>
          <sequence>
            <element name="dataReserva" type="xsd:string"/>
            <element name="status" type="xsd:string"/>
            <element name="ISPBCamara" type="xsd:string"/>
          </sequence>
        </complexType>
      </element>
      <element name="consultarOperacaoResponse">
        <complexType>
          <sequence>
            <element name="consultarOperacaoReturn" type="impl:TOConsultaIL"/>
          </sequence>
        </complexType>
      </element>
      <element name="incluirMensagemRegistrato">
        <complexType>
          <sequence>
            <element name="codSistOrigem" type="xsd:string"/>
            <element name="ispbIf" type="xsd:string"/>
            <element name="cpfCliente" type="xsd:string"/>
            <element name="ipCliente" type="xsd:string"/>
            <element name="txtFraseSeguranca" type="xsd:string"/>
            <element name="historico" type="xsd:string"/>
            <element name="datMovimento" type="xsd:string"/>
          </sequence>
        </complexType>
      </element>
      <element name="incluirMensagemRegistratoResponse">
        <complexType>
          <sequence>
            <element name="incluirMensagemRegistratoReturn" type="impl:TOMensagemRegistratoRetorno"/>
          </sequence>
        </complexType>
      </element>
      <complexType name="TOMensagemRegistratoRetorno">
        <sequence>
          <element name="codErro" nillable="true" type="xsd:string"/>
          <element name="dataHoraBacen" nillable="true" type="xsd:string"/>
          <element name="indValidaFraseSeg" nillable="true" type="xsd:string"/>
          <element name="msgErro" nillable="true" type="xsd:string"/>
          <element name="numOrigem" nillable="true" type="xsd:string"/>
        </sequence>
      </complexType>
      <element name="conciliaPrevisoes">
        <complexType>
          <sequence>
            <element name="codSisOrigem" type="xsd:string"/>
            <element name="nroBoleto" type="xsd:string"/>
            <element name="numCtrlIF" type="xsd:string"/>
            <element name="valorTransacao" type="xsd:string"/>
            <element name="usuario" type="xsd:string"/>
          </sequence>
        </complexType>
      </element>
      <element name="conciliaPrevisoesResponse">
        <complexType>
          <sequence>
            <element name="conciliaPrevisoesReturn" type="impl:TOConciliaPrevisoesRetorno"/>
          </sequence>
        </complexType>
      </element>
      <complexType name="TOConciliaPrevisoesRetorno">
        <sequence>
          <element name="codErro" nillable="true" type="xsd:string"/>
          <element name="msgErro" nillable="true" type="xsd:string"/>
          <element name="vlrConciliado" nillable="true" type="xsd:string"/>
        </sequence>
      </complexType>
      <element name="consultarMensagemRegistrato">
        <complexType>
          <sequence>
            <element name="codSistOrigem" type="xsd:string"/>
            <element name="numOrigem" type="xsd:string"/>
            <element name="ispbIf" type="xsd:string"/>
          </sequence>
        </complexType>
      </element>
      <element name="consultarMensagemRegistratoResponse">
        <complexType>
          <sequence>
            <element name="consultarMensagemRegistratoReturn" type="impl:TOMensagemRegistratoRetorno"/>
          </sequence>
        </complexType>
      </element>
      <element name="incluirTransacaoPrioridadeDDA">
        <complexType>
          <sequence>
            <element name="codSisOrigem" type="xsd:string"/>
            <element name="nroCtrlOrigem" type="xsd:string"/>
            <element name="codInstituicao" type="xsd:string"/>
            <element name="usuario" type="xsd:string"/>
            <element name="corpoMensagem" type="xsd:string"/>
            <element name="temTransacao" type="xsd:string"/>
          </sequence>
        </complexType>
      </element>
      <element name="incluirTransacaoPrioridadeDDAResponse">
        <complexType>
          <sequence>
            <element name="incluirTransacaoPrioridadeDDAReturn" type="impl:TORetornoServicoIL"/>
          </sequence>
        </complexType>
      </element>
    </schema>
  </wsdl:types>
  <wsdl:message name="conciliaPrevisoesRequest">
    <wsdl:part element="impl:conciliaPrevisoes" name="parameters"/>
  </wsdl:message>
  <wsdl:message name="incluirMensagemRegistratoRequest">
    <wsdl:part element="impl:incluirMensagemRegistrato" name="parameters"/>
  </wsdl:message>
  <wsdl:message name="incluirOperacaoRequest">
    <wsdl:part element="impl:incluirOperacao" name="parameters"/>
  </wsdl:message>
  <wsdl:message name="consultarOperacaoResponse">
    <wsdl:part element="impl:consultarOperacaoResponse" name="parameters"/>
  </wsdl:message>
  <wsdl:message name="consultaMsgRequest">
    <wsdl:part element="impl:consultaMsg" name="parameters"/>
  </wsdl:message>
  <wsdl:message name="consultarOperacaoRequest">
    <wsdl:part element="impl:consultarOperacao" name="parameters"/>
  </wsdl:message>
  <wsdl:message name="consultarPrevisaoRequest">
    <wsdl:part element="impl:consultarPrevisao" name="parameters"/>
  </wsdl:message>
  <wsdl:message name="cancelarTransacaoResponse">
    <wsdl:part element="impl:cancelarTransacaoResponse" name="parameters"/>
  </wsdl:message>
  <wsdl:message name="conciliaPrevisoesResponse">
    <wsdl:part element="impl:conciliaPrevisoesResponse" name="parameters"/>
  </wsdl:message>
  <wsdl:message name="cancelarTransacaoRequest">
    <wsdl:part element="impl:cancelarTransacao" name="parameters"/>
  </wsdl:message>
  <wsdl:message name="cancelarPrevisaoResponse">
    <wsdl:part element="impl:cancelarPrevisaoResponse" name="parameters"/>
  </wsdl:message>
  <wsdl:message name="incluirTransacaoPrioridadeDDARequest">
    <wsdl:part element="impl:incluirTransacaoPrioridadeDDA" name="parameters"/>
  </wsdl:message>
  <wsdl:message name="incluirTransacaoV2Request">
    <wsdl:part element="impl:incluirTransacaoV2" name="parameters"/>
  </wsdl:message>
  <wsdl:message name="consultaStatusRequest">
    <wsdl:part element="impl:consultaStatus" name="parameters"/>
  </wsdl:message>
  <wsdl:message name="incluirTransacaoV2Response">
    <wsdl:part element="impl:incluirTransacaoV2Response" name="parameters"/>
  </wsdl:message>
  <wsdl:message name="consultaStatusV2Request">
    <wsdl:part element="impl:consultaStatusV2" name="parameters"/>
  </wsdl:message>
  <wsdl:message name="consultaStatusV2Response">
    <wsdl:part element="impl:consultaStatusV2Response" name="parameters"/>
  </wsdl:message>
  <wsdl:message name="incluirOperacaoResponse">
    <wsdl:part element="impl:incluirOperacaoResponse" name="parameters"/>
  </wsdl:message>
  <wsdl:message name="incluirPrevisaoRequest">
    <wsdl:part element="impl:incluirPrevisao" name="parameters"/>
  </wsdl:message>
  <wsdl:message name="cancelarTransacaoV2Request">
    <wsdl:part element="impl:cancelarTransacaoV2" name="parameters"/>
  </wsdl:message>
  <wsdl:message name="alterarPrevisaoResponse">
    <wsdl:part element="impl:alterarPrevisaoResponse" name="parameters"/>
  </wsdl:message>
  <wsdl:message name="alterarOperacaoRequest">
    <wsdl:part element="impl:alterarOperacao" name="parameters"/>
  </wsdl:message>
  <wsdl:message name="consultarMensagemRegistratoResponse">
    <wsdl:part element="impl:consultarMensagemRegistratoResponse" name="parameters"/>
  </wsdl:message>
  <wsdl:message name="cancelarPrevisaoRequest">
    <wsdl:part element="impl:cancelarPrevisao" name="parameters"/>
  </wsdl:message>
  <wsdl:message name="cancelarTransacaoV2Response">
    <wsdl:part element="impl:cancelarTransacaoV2Response" name="parameters"/>
  </wsdl:message>
  <wsdl:message name="alterarPrevisaoRequest">
    <wsdl:part element="impl:alterarPrevisao" name="parameters"/>
  </wsdl:message>
  <wsdl:message name="incluirMensagemRegistratoResponse">
    <wsdl:part element="impl:incluirMensagemRegistratoResponse" name="parameters"/>
  </wsdl:message>
  <wsdl:message name="consultarPrevisaoResponse">
    <wsdl:part element="impl:consultarPrevisaoResponse" name="parameters"/>
  </wsdl:message>
  <wsdl:message name="incluirPrevisaoResponse">
    <wsdl:part element="impl:incluirPrevisaoResponse" name="parameters"/>
  </wsdl:message>
  <wsdl:message name="alterarOperacaoResponse">
    <wsdl:part element="impl:alterarOperacaoResponse" name="parameters"/>
  </wsdl:message>
  <wsdl:message name="consultaStatusResponse">
    <wsdl:part element="impl:consultaStatusResponse" name="parameters"/>
  </wsdl:message>
  <wsdl:message name="consultaMsgResponse">
    <wsdl:part element="impl:consultaMsgResponse" name="parameters"/>
  </wsdl:message>
  <wsdl:message name="consultaMsgV2Response">
    <wsdl:part element="impl:consultaMsgV2Response" name="parameters"/>
  </wsdl:message>
  <wsdl:message name="incluirTransacaoRequest">
    <wsdl:part element="impl:incluirTransacao" name="parameters"/>
  </wsdl:message>
  <wsdl:message name="consultarMensagemRegistratoRequest">
    <wsdl:part element="impl:consultarMensagemRegistrato" name="parameters"/>
  </wsdl:message>
  <wsdl:message name="incluirTransacaoPrioridadeDDAResponse">
    <wsdl:part element="impl:incluirTransacaoPrioridadeDDAResponse" name="parameters"/>
  </wsdl:message>
  <wsdl:message name="incluirTransacaoResponse">
    <wsdl:part element="impl:incluirTransacaoResponse" name="parameters"/>
  </wsdl:message>
  <wsdl:message name="consultaMsgV2Request">
    <wsdl:part element="impl:consultaMsgV2" name="parameters"/>
  </wsdl:message>
  <wsdl:portType name="IL_ServicesLT">
    <wsdl:operation name="consultaMsg">
      <wsdl:input message="impl:consultaMsgRequest" name="consultaMsgRequest"/>
      <wsdl:output message="impl:consultaMsgResponse" name="consultaMsgResponse"/>
    </wsdl:operation>
    <wsdl:operation name="consultaStatusV2">
      <wsdl:input message="impl:consultaStatusV2Request" name="consultaStatusV2Request"/>
      <wsdl:output message="impl:consultaStatusV2Response" name="consultaStatusV2Response"/>
    </wsdl:operation>
    <wsdl:operation name="consultaStatus">
      <wsdl:input message="impl:consultaStatusRequest" name="consultaStatusRequest"/>
      <wsdl:output message="impl:consultaStatusResponse" name="consultaStatusResponse"/>
    </wsdl:operation>
    <wsdl:operation name="consultaMsgV2">
      <wsdl:input message="impl:consultaMsgV2Request" name="consultaMsgV2Request"/>
      <wsdl:output message="impl:consultaMsgV2Response" name="consultaMsgV2Response"/>
    </wsdl:operation>
    <wsdl:operation name="incluirTransacao">
      <wsdl:input message="impl:incluirTransacaoRequest" name="incluirTransacaoRequest"/>
      <wsdl:output message="impl:incluirTransacaoResponse" name="incluirTransacaoResponse"/>
    </wsdl:operation>
    <wsdl:operation name="incluirPrevisao">
      <wsdl:input message="impl:incluirPrevisaoRequest" name="incluirPrevisaoRequest"/>
      <wsdl:output message="impl:incluirPrevisaoResponse" name="incluirPrevisaoResponse"/>
    </wsdl:operation>
    <wsdl:operation name="incluirOperacao">
      <wsdl:input message="impl:incluirOperacaoRequest" name="incluirOperacaoRequest"/>
      <wsdl:output message="impl:incluirOperacaoResponse" name="incluirOperacaoResponse"/>
    </wsdl:operation>
    <wsdl:operation name="cancelarPrevisao">
      <wsdl:input message="impl:cancelarPrevisaoRequest" name="cancelarPrevisaoRequest"/>
      <wsdl:output message="impl:cancelarPrevisaoResponse" name="cancelarPrevisaoResponse"/>
    </wsdl:operation>
    <wsdl:operation name="alterarPrevisao">
      <wsdl:input message="impl:alterarPrevisaoRequest" name="alterarPrevisaoRequest"/>
      <wsdl:output message="impl:alterarPrevisaoResponse" name="alterarPrevisaoResponse"/>
    </wsdl:operation>
    <wsdl:operation name="alterarOperacao">
      <wsdl:input message="impl:alterarOperacaoRequest" name="alterarOperacaoRequest"/>
      <wsdl:output message="impl:alterarOperacaoResponse" name="alterarOperacaoResponse"/>
    </wsdl:operation>
    <wsdl:operation name="cancelarTransacaoV2">
      <wsdl:input message="impl:cancelarTransacaoV2Request" name="cancelarTransacaoV2Request"/>
      <wsdl:output message="impl:cancelarTransacaoV2Response" name="cancelarTransacaoV2Response"/>
    </wsdl:operation>
    <wsdl:operation name="incluirTransacaoV2">
      <wsdl:input message="impl:incluirTransacaoV2Request" name="incluirTransacaoV2Request"/>
      <wsdl:output message="impl:incluirTransacaoV2Response" name="incluirTransacaoV2Response"/>
    </wsdl:operation>
    <wsdl:operation name="cancelarTransacao">
      <wsdl:input message="impl:cancelarTransacaoRequest" name="cancelarTransacaoRequest"/>
      <wsdl:output message="impl:cancelarTransacaoResponse" name="cancelarTransacaoResponse"/>
    </wsdl:operation>
    <wsdl:operation name="consultarPrevisao">
      <wsdl:input message="impl:consultarPrevisaoRequest" name="consultarPrevisaoRequest"/>
      <wsdl:output message="impl:consultarPrevisaoResponse" name="consultarPrevisaoResponse"/>
    </wsdl:operation>
    <wsdl:operation name="consultarOperacao">
      <wsdl:input message="impl:consultarOperacaoRequest" name="consultarOperacaoRequest"/>
      <wsdl:output message="impl:consultarOperacaoResponse" name="consultarOperacaoResponse"/>
    </wsdl:operation>
    <wsdl:operation name="incluirMensagemRegistrato">
      <wsdl:input message="impl:incluirMensagemRegistratoRequest" name="incluirMensagemRegistratoRequest"/>
      <wsdl:output message="impl:incluirMensagemRegistratoResponse" name="incluirMensagemRegistratoResponse"/>
    </wsdl:operation>
    <wsdl:operation name="conciliaPrevisoes">
      <wsdl:input message="impl:conciliaPrevisoesRequest" name="conciliaPrevisoesRequest"/>
      <wsdl:output message="impl:conciliaPrevisoesResponse" name="conciliaPrevisoesResponse"/>
    </wsdl:operation>
    <wsdl:operation name="consultarMensagemRegistrato">
      <wsdl:input message="impl:consultarMensagemRegistratoRequest" name="consultarMensagemRegistratoRequest"/>
      <wsdl:output message="impl:consultarMensagemRegistratoResponse" name="consultarMensagemRegistratoResponse"/>
    </wsdl:operation>
    <wsdl:operation name="incluirTransacaoPrioridadeDDA">
      <wsdl:input message="impl:incluirTransacaoPrioridadeDDARequest" name="incluirTransacaoPrioridadeDDARequest"/>
      <wsdl:output message="impl:incluirTransacaoPrioridadeDDAResponse" name="incluirTransacaoPrioridadeDDAResponse"/>
    </wsdl:operation>
  </wsdl:portType>
  <wsdl:binding name="IL_ServicesLTSoapBinding" type="impl:IL_ServicesLT">
    <wsdlsoap:binding style="document" transport="http://schemas.xmlsoap.org/soap/http"/>
    <wsdl:operation name="consultaMsg">
      <wsdlsoap:operation soapAction=""/>
      <wsdl:input name="consultaMsgRequest">
        <wsdlsoap:body use="literal"/>
      </wsdl:input>
      <wsdl:output name="consultaMsgResponse">
        <wsdlsoap:body use="literal"/>
      </wsdl:output>
    </wsdl:operation>
    <wsdl:operation name="consultaStatusV2">
      <wsdlsoap:operation soapAction=""/>
      <wsdl:input name="consultaStatusV2Request">
        <wsdlsoap:body use="literal"/>
      </wsdl:input>
      <wsdl:output name="consultaStatusV2Response">
        <wsdlsoap:body use="literal"/>
      </wsdl:output>
    </wsdl:operation>
    <wsdl:operation name="consultaStatus">
      <wsdlsoap:operation soapAction=""/>
      <wsdl:input name="consultaStatusRequest">
        <wsdlsoap:body use="literal"/>
      </wsdl:input>
      <wsdl:output name="consultaStatusResponse">
        <wsdlsoap:body use="literal"/>
      </wsdl:output>
    </wsdl:operation>
    <wsdl:operation name="consultaMsgV2">
      <wsdlsoap:operation soapAction=""/>
      <wsdl:input name="consultaMsgV2Request">
        <wsdlsoap:body use="literal"/>
      </wsdl:input>
      <wsdl:output name="consultaMsgV2Response">
        <wsdlsoap:body use="literal"/>
      </wsdl:output>
    </wsdl:operation>
    <wsdl:operation name="incluirTransacao">
      <wsdlsoap:operation soapAction=""/>
      <wsdl:input name="incluirTransacaoRequest">
        <wsdlsoap:body use="literal"/>
      </wsdl:input>
      <wsdl:output name="incluirTransacaoResponse">
        <wsdlsoap:body use="literal"/>
      </wsdl:output>
    </wsdl:operation>
    <wsdl:operation name="incluirPrevisao">
      <wsdlsoap:operation soapAction=""/>
      <wsdl:input name="incluirPrevisaoRequest">
        <wsdlsoap:body use="literal"/>
      </wsdl:input>
      <wsdl:output name="incluirPrevisaoResponse">
        <wsdlsoap:body use="literal"/>
      </wsdl:output>
    </wsdl:operation>
    <wsdl:operation name="incluirOperacao">
      <wsdlsoap:operation soapAction=""/>
      <wsdl:input name="incluirOperacaoRequest">
        <wsdlsoap:body use="literal"/>
      </wsdl:input>
      <wsdl:output name="incluirOperacaoResponse">
        <wsdlsoap:body use="literal"/>
      </wsdl:output>
    </wsdl:operation>
    <wsdl:operation name="cancelarPrevisao">
      <wsdlsoap:operation soapAction=""/>
      <wsdl:input name="cancelarPrevisaoRequest">
        <wsdlsoap:body use="literal"/>
      </wsdl:input>
      <wsdl:output name="cancelarPrevisaoResponse">
        <wsdlsoap:body use="literal"/>
      </wsdl:output>
    </wsdl:operation>
    <wsdl:operation name="alterarPrevisao">
      <wsdlsoap:operation soapAction=""/>
      <wsdl:input name="alterarPrevisaoRequest">
        <wsdlsoap:body use="literal"/>
      </wsdl:input>
      <wsdl:output name="alterarPrevisaoResponse">
        <wsdlsoap:body use="literal"/>
      </wsdl:output>
    </wsdl:operation>
    <wsdl:operation name="alterarOperacao">
      <wsdlsoap:operation soapAction=""/>
      <wsdl:input name="alterarOperacaoRequest">
        <wsdlsoap:body use="literal"/>
      </wsdl:input>
      <wsdl:output name="alterarOperacaoResponse">
        <wsdlsoap:body use="literal"/>
      </wsdl:output>
    </wsdl:operation>
    <wsdl:operation name="cancelarTransacaoV2">
      <wsdlsoap:operation soapAction=""/>
      <wsdl:input name="cancelarTransacaoV2Request">
        <wsdlsoap:body use="literal"/>
      </wsdl:input>
      <wsdl:output name="cancelarTransacaoV2Response">
        <wsdlsoap:body use="literal"/>
      </wsdl:output>
    </wsdl:operation>
    <wsdl:operation name="incluirTransacaoV2">
      <wsdlsoap:operation soapAction=""/>
      <wsdl:input name="incluirTransacaoV2Request">
        <wsdlsoap:body use="literal"/>
      </wsdl:input>
      <wsdl:output name="incluirTransacaoV2Response">
        <wsdlsoap:body use="literal"/>
      </wsdl:output>
    </wsdl:operation>
    <wsdl:operation name="cancelarTransacao">
      <wsdlsoap:operation soapAction=""/>
      <wsdl:input name="cancelarTransacaoRequest">
        <wsdlsoap:body use="literal"/>
      </wsdl:input>
      <wsdl:output name="cancelarTransacaoResponse">
        <wsdlsoap:body use="literal"/>
      </wsdl:output>
    </wsdl:operation>
    <wsdl:operation name="consultarPrevisao">
      <wsdlsoap:operation soapAction=""/>
      <wsdl:input name="consultarPrevisaoRequest">
        <wsdlsoap:body use="literal"/>
      </wsdl:input>
      <wsdl:output name="consultarPrevisaoResponse">
        <wsdlsoap:body use="literal"/>
      </wsdl:output>
    </wsdl:operation>
    <wsdl:operation name="consultarOperacao">
      <wsdlsoap:operation soapAction=""/>
      <wsdl:input name="consultarOperacaoRequest">
        <wsdlsoap:body use="literal"/>
      </wsdl:input>
      <wsdl:output name="consultarOperacaoResponse">
        <wsdlsoap:body use="literal"/>
      </wsdl:output>
    </wsdl:operation>
    <wsdl:operation name="incluirMensagemRegistrato">
      <wsdlsoap:operation soapAction=""/>
      <wsdl:input name="incluirMensagemRegistratoRequest">
        <wsdlsoap:body use="literal"/>
      </wsdl:input>
      <wsdl:output name="incluirMensagemRegistratoResponse">
        <wsdlsoap:body use="literal"/>
      </wsdl:output>
    </wsdl:operation>
    <wsdl:operation name="conciliaPrevisoes">
      <wsdlsoap:operation soapAction=""/>
      <wsdl:input name="conciliaPrevisoesRequest">
        <wsdlsoap:body use="literal"/>
      </wsdl:input>
      <wsdl:output name="conciliaPrevisoesResponse">
        <wsdlsoap:body use="literal"/>
      </wsdl:output>
    </wsdl:operation>
    <wsdl:operation name="consultarMensagemRegistrato">
      <wsdlsoap:operation soapAction=""/>
      <wsdl:input name="consultarMensagemRegistratoRequest">
        <wsdlsoap:body use="literal"/>
      </wsdl:input>
      <wsdl:output name="consultarMensagemRegistratoResponse">
        <wsdlsoap:body use="literal"/>
      </wsdl:output>
    </wsdl:operation>
    <wsdl:operation name="incluirTransacaoPrioridadeDDA">
      <wsdlsoap:operation soapAction=""/>
      <wsdl:input name="incluirTransacaoPrioridadeDDARequest">
        <wsdlsoap:body use="literal"/>
      </wsdl:input>
      <wsdl:output name="incluirTransacaoPrioridadeDDAResponse">
        <wsdlsoap:body use="literal"/>
      </wsdl:output>
    </wsdl:operation>
  </wsdl:binding>
  <wsdl:service name="IL_ServicesLTService">
    <wsdl:port binding="impl:IL_ServicesLTSoapBinding" name="IL_ServicesLT">
      <wsdlsoap:address location="http://corebancario-hmg.modal.net.br:8082/ABILWS2/services/IL_ServicesLT"/>
    </wsdl:port>
  </wsdl:service>
</wsdl:definitions>]]></con:content><con:type>http://schemas.xmlsoap.org/wsdl/</con:type></con:part></con:definitionCache><con:endpoints><con:endpoint>http://corebancario-hmg.modal.net.br:8082/ABILWS2/services/IL_ServicesLT</con:endpoint></con:endpoints><con:operation id="7b1280a4-5edd-4222-862b-07c305046de7" isOneWay="false" action="" name="alterarOperacao" bindingOperationName="alterarOperacao" type="Request-Response" outputName="alterarOperacaoResponse" inputName="alterarOperacaoRequest" receivesAttachments="false" sendsAttachments="false" anonymous="optional"><con:settings/><con:call id="4f8f603d-9cd4-4bd4-9886-3970d43469ee" name="Request 1"><con:settings/><con:encoding>UTF-8</con:encoding><con:endpoint>http://corebancario-hmg.modal.net.br:8082/ABILWS2/services/IL_ServicesLT</con:endpoint><con:request><![CDATA[<soapenv:Envelope xmlns:soapenv="http://schemas.xmlsoap.org/soap/envelope/" xmlns:lit="http://literal.autbank.com.br">\r
   <soapenv:Header/>\r
   <soapenv:Body>\r
      <lit:alterarOperacao>\r
         <lit:codSisOrigem>?</lit:codSisOrigem>\r
         <lit:nroCtrlOrigem>?</lit:nroCtrlOrigem>\r
         <lit:status>?</lit:status>\r
      </lit:alterarOperacao>\r
   </soapenv:Body>\r
</soapenv:Envelope>]]></con:request><con:wsaConfig mustUnderstand="NONE" version="200508" action="http://literal.autbank.com.br/IL_ServicesLT/alterarOperacaoRequest"/></con:call></con:operation><con:operation id="151aaf29-97ae-43c7-881f-fe0450634033" isOneWay="false" action="" name="alterarPrevisao" bindingOperationName="alterarPrevisao" type="Request-Response" outputName="alterarPrevisaoResponse" inputName="alterarPrevisaoRequest" receivesAttachments="false" sendsAttachments="false" anonymous="optional"><con:settings/><con:call id="61897fd3-39bd-439d-8017-eceb7cfb7585" name="Request 1"><con:settings/><con:encoding>UTF-8</con:encoding><con:endpoint>http://corebancario-hmg.modal.net.br:8082/ABILWS2/services/IL_ServicesLT</con:endpoint><con:request><![CDATA[<soapenv:Envelope xmlns:soapenv="http://schemas.xmlsoap.org/soap/envelope/" xmlns:lit="http://literal.autbank.com.br">\r
   <soapenv:Header/>\r
   <soapenv:Body>\r
      <lit:alterarPrevisao>\r
         <lit:codInstituicao>?</lit:codInstituicao>\r
         <lit:nroCtrlOrigem>?</lit:nroCtrlOrigem>\r
         <lit:nroBoleto>?</lit:nroBoleto>\r
         <lit:codSisOrigem>?</lit:codSisOrigem>\r
         <lit:dataReserva>?</lit:dataReserva>\r
         <lit:valorPrevisao>?</lit:valorPrevisao>\r
         <lit:natureza>?</lit:natureza>\r
         <lit:ISPBIFContraParte>?</lit:ISPBIFContraParte>\r
         <lit:agenciaContraParte>?</lit:agenciaContraParte>\r
         <lit:nroContaContraParte>?</lit:nroContaContraParte>\r
         <lit:cnpjCpfContraParte>?</lit:cnpjCpfContraParte>\r
         <lit:ISPBCamara>?</lit:ISPBCamara>\r
         <lit:descPrevisao>?</lit:descPrevisao>\r
         <lit:usuario>?</lit:usuario>\r
         <lit:tipoLiquidacao>?</lit:tipoLiquidacao>\r
         <lit:tipoAlteracao>?</lit:tipoAlteracao>\r
      </lit:alterarPrevisao>\r
   </soapenv:Body>\r
</soapenv:Envelope>]]></con:request><con:wsaConfig mustUnderstand="NONE" version="200508" action="http://literal.autbank.com.br/IL_ServicesLT/alterarPrevisaoRequest"/></con:call></con:operation><con:operation id="89d88c1c-35e6-4b47-b54c-4419583bf03b" isOneWay="false" action="" name="cancelarPrevisao" bindingOperationName="cancelarPrevisao" type="Request-Response" outputName="cancelarPrevisaoResponse" inputName="cancelarPrevisaoRequest" receivesAttachments="false" sendsAttachments="false" anonymous="optional"><con:settings/><con:call id="d29dc8da-01b0-4200-9fa1-6f37b90f3eff" name="Request 1"><con:settings/><con:encoding>UTF-8</con:encoding><con:endpoint>http://corebancario-hmg.modal.net.br:8082/ABILWS2/services/IL_ServicesLT</con:endpoint><con:request><![CDATA[<soapenv:Envelope xmlns:soapenv="http://schemas.xmlsoap.org/soap/envelope/" xmlns:lit="http://literal.autbank.com.br">\r
   <soapenv:Header/>\r
   <soapenv:Body>\r
      <lit:cancelarPrevisao>\r
         <lit:codInstituicao>?</lit:codInstituicao>\r
         <lit:codSisOrigem>?</lit:codSisOrigem>\r
         <lit:nroCtrlOrigem>?</lit:nroCtrlOrigem>\r
      </lit:cancelarPrevisao>\r
   </soapenv:Body>\r
</soapenv:Envelope>]]></con:request><con:wsaConfig mustUnderstand="NONE" version="200508" action="http://literal.autbank.com.br/IL_ServicesLT/cancelarPrevisaoRequest"/></con:call></con:operation><con:operation id="cf5b3117-c95d-46c5-8d5a-8e816819a189" isOneWay="false" action="" name="cancelarTransacao" bindingOperationName="cancelarTransacao" type="Request-Response" outputName="cancelarTransacaoResponse" inputName="cancelarTransacaoRequest" receivesAttachments="false" sendsAttachments="false" anonymous="optional"><con:settings/><con:call id="1ac7ae73-15f3-4931-8262-191704843fbf" name="Request 1"><con:settings/><con:encoding>UTF-8</con:encoding><con:endpoint>http://corebancario-hmg.modal.net.br:8082/ABILWS2/services/IL_ServicesLT</con:endpoint><con:request><![CDATA[<soapenv:Envelope xmlns:soapenv="http://schemas.xmlsoap.org/soap/envelope/" xmlns:lit="http://literal.autbank.com.br">\r
   <soapenv:Header/>\r
   <soapenv:Body>\r
      <lit:cancelarTransacao>\r
         <lit:codSistemaO>?</lit:codSistemaO>\r
         <lit:numOrigem>?</lit:numOrigem>\r
         <lit:usuario>?</lit:usuario>\r
      </lit:cancelarTransacao>\r
   </soapenv:Body>\r
</soapenv:Envelope>]]></con:request><con:wsaConfig mustUnderstand="NONE" version="200508" action="http://literal.autbank.com.br/IL_ServicesLT/cancelarTransacaoRequest"/></con:call></con:operation><con:operation id="7ae2cfb4-66db-4002-8561-4f59a0cb5b08" isOneWay="false" action="" name="cancelarTransacaoV2" bindingOperationName="cancelarTransacaoV2" type="Request-Response" outputName="cancelarTransacaoV2Response" inputName="cancelarTransacaoV2Request" receivesAttachments="false" sendsAttachments="false" anonymous="optional"><con:settings/><con:call id="358aafc4-6c6f-413e-aa86-89f405574993" name="Request 1"><con:settings><con:setting id="com.eviware.soapui.impl.wsdl.WsdlRequest@request-headers">&lt;xml-fragment/></con:setting></con:settings><con:encoding>UTF-8</con:encoding><con:endpoint>http://corebancario-hmg.modal.net.br:8082/ABILWS2/services/IL_ServicesLT?wsdl</con:endpoint><con:request><![CDATA[<soapenv:Envelope xmlns:soapenv="http://schemas.xmlsoap.org/soap/envelope/" xmlns:lit="http://literal.autbank.com.br">\r
   <soapenv:Header/>\r
   <soapenv:Body>\r
      <lit:cancelarTransacaoV2>\r
         <lit:codSistemaO>MARCOS</lit:codSistemaO>\r
         <lit:numOrigem>00000000000000014</lit:numOrigem>\r
         <lit:usuario>padial</lit:usuario>\r
         <lit:moduloTrans>SPB</lit:moduloTrans>\r
      </lit:cancelarTransacaoV2>\r
   </soapenv:Body>\r
</soapenv:Envelope>]]></con:request><con:credentials><con:authType>No Authorization</con:authType></con:credentials><con:jmsConfig JMSDeliveryMode="PERSISTENT"/><con:jmsPropertyConfig/><con:wsaConfig mustUnderstand="NONE" version="200508" action="http://literal.autbank.com.br/IL_ServicesLT/cancelarTransacaoV2Request"/><con:wsrmConfig version="1.2"/></con:call></con:operation><con:operation id="613987c8-0fee-49a5-993c-78da6ab3be55" isOneWay="false" action="" name="conciliaPrevisoes" bindingOperationName="conciliaPrevisoes" type="Request-Response" outputName="conciliaPrevisoesResponse" inputName="conciliaPrevisoesRequest" receivesAttachments="false" sendsAttachments="false" anonymous="optional"><con:settings/><con:call id="fae54c41-fbc3-493b-aca2-cf20245f4f92" name="Request 1"><con:settings/><con:encoding>UTF-8</con:encoding><con:endpoint>http://corebancario-hmg.modal.net.br:8082/ABILWS2/services/IL_ServicesLT</con:endpoint><con:request><![CDATA[<soapenv:Envelope xmlns:soapenv="http://schemas.xmlsoap.org/soap/envelope/" xmlns:lit="http://literal.autbank.com.br">\r
   <soapenv:Header/>\r
   <soapenv:Body>\r
      <lit:conciliaPrevisoes>\r
         <lit:codSisOrigem>?</lit:codSisOrigem>\r
         <lit:nroBoleto>?</lit:nroBoleto>\r
         <lit:numCtrlIF>?</lit:numCtrlIF>\r
         <lit:valorTransacao>?</lit:valorTransacao>\r
         <lit:usuario>?</lit:usuario>\r
      </lit:conciliaPrevisoes>\r
   </soapenv:Body>\r
</soapenv:Envelope>]]></con:request><con:wsaConfig mustUnderstand="NONE" version="200508" action="http://literal.autbank.com.br/IL_ServicesLT/conciliaPrevisoesRequest"/></con:call></con:operation><con:operation id="ad29694e-73e6-4854-a957-b32b056d7959" isOneWay="false" action="" name="consultaMsg" bindingOperationName="consultaMsg" type="Request-Response" outputName="consultaMsgResponse" inputName="consultaMsgRequest" receivesAttachments="false" sendsAttachments="false" anonymous="optional"><con:settings/><con:call id="2f53f27c-84c1-477e-a626-66ec7cf584c2" name="Request 1"><con:settings/><con:encoding>UTF-8</con:encoding><con:endpoint>http://corebancario-hmg.modal.net.br:8082/ABILWS2/services/IL_ServicesLT</con:endpoint><con:request><![CDATA[<soapenv:Envelope xmlns:soapenv="http://schemas.xmlsoap.org/soap/envelope/" xmlns:lit="http://literal.autbank.com.br">\r
   <soapenv:Header/>\r
   <soapenv:Body>\r
      <lit:consultaMsg>\r
         <lit:codSistemaO>?</lit:codSistemaO>\r
         <lit:numOrigem>?</lit:numOrigem>\r
         <lit:tipoConsulta>?</lit:tipoConsulta>\r
      </lit:consultaMsg>\r
   </soapenv:Body>\r
</soapenv:Envelope>]]></con:request><con:credentials><con:authType>No Authorization</con:authType></con:credentials><con:jmsConfig JMSDeliveryMode="PERSISTENT"/><con:jmsPropertyConfig/><con:wsaConfig mustUnderstand="NONE" version="200508" action="http://literal.autbank.com.br/IL_ServicesLT/consultaMsgRequest"/><con:wsrmConfig version="1.2"/></con:call></con:operation><con:operation id="4b8757cb-fb75-43bb-830a-b481a4204726" isOneWay="false" action="" name="consultaMsgV2" bindingOperationName="consultaMsgV2" type="Request-Response" outputName="consultaMsgV2Response" inputName="consultaMsgV2Request" receivesAttachments="false" sendsAttachments="false" anonymous="optional"><con:settings/><con:call id="490309f5-948f-42a5-8b77-05dab9f0df61" name="Request 1"><con:settings><con:setting id="com.eviware.soapui.impl.wsdl.WsdlRequest@request-headers">&lt;xml-fragment/></con:setting></con:settings><con:encoding>UTF-8</con:encoding><con:endpoint>http://corebancario-hmg.modal.net.br:8082/ABILWS2/services/IL_ServicesLT</con:endpoint><con:request><![CDATA[<soapenv:Envelope xmlns:soapenv="http://schemas.xmlsoap.org/soap/envelope/" xmlns:lit="http://literal.autbank.com.br">\r
   <soapenv:Header/>\r
   <soapenv:Body>\r
      <lit:consultaMsgV2>\r
         <lit:codSistemaO>SMART_PAG</lit:codSistemaO>\r
         <lit:numOrigem>00000000000000163603</lit:numOrigem>\r
         <lit:tipoConsulta>R</lit:tipoConsulta>\r
         <lit:moduloTrans>SPB</lit:moduloTrans>\r
      </lit:consultaMsgV2>\r
   </soapenv:Body>\r
</soapenv:Envelope>]]></con:request><con:credentials><con:authType>No Authorization</con:authType></con:credentials><con:jmsConfig JMSDeliveryMode="PERSISTENT"/><con:jmsPropertyConfig/><con:wsaConfig mustUnderstand="NONE" version="200508" action="http://literal.autbank.com.br/IL_ServicesLT/consultaMsgV2Request"/><con:wsrmConfig version="1.2"/></con:call></con:operation><con:operation id="d606f1a8-4e8a-4748-91be-eb33906cb302" isOneWay="false" action="" name="consultarMensagemRegistrato" bindingOperationName="consultarMensagemRegistrato" type="Request-Response" outputName="consultarMensagemRegistratoResponse" inputName="consultarMensagemRegistratoRequest" receivesAttachments="false" sendsAttachments="false" anonymous="optional"><con:settings/><con:call id="3593c94b-b0f0-4cd0-a48d-5fadefde541a" name="Request 1"><con:settings/><con:encoding>UTF-8</con:encoding><con:endpoint>http://corebancario-hmg.modal.net.br:8082/ABILWS2/services/IL_ServicesLT</con:endpoint><con:request><![CDATA[<soapenv:Envelope xmlns:soapenv="http://schemas.xmlsoap.org/soap/envelope/" xmlns:lit="http://literal.autbank.com.br">\r
   <soapenv:Header/>\r
   <soapenv:Body>\r
      <lit:consultarMensagemRegistrato>\r
         <lit:codSistOrigem>?</lit:codSistOrigem>\r
         <lit:numOrigem>?</lit:numOrigem>\r
         <lit:ispbIf>?</lit:ispbIf>\r
      </lit:consultarMensagemRegistrato>\r
   </soapenv:Body>\r
</soapenv:Envelope>]]></con:request><con:wsaConfig mustUnderstand="NONE" version="200508" action="http://literal.autbank.com.br/IL_ServicesLT/consultarMensagemRegistratoRequest"/></con:call></con:operation><con:operation id="c8a743a6-2c4c-4131-be49-587b8ef4016f" isOneWay="false" action="" name="consultarOperacao" bindingOperationName="consultarOperacao" type="Request-Response" outputName="consultarOperacaoResponse" inputName="consultarOperacaoRequest" receivesAttachments="false" sendsAttachments="false" anonymous="optional"><con:settings/><con:call id="a1f6b4e9-3081-4472-a10f-7a1f3a8cbaff" name="Request 1"><con:settings/><con:encoding>UTF-8</con:encoding><con:endpoint>http://corebancario-hmg.modal.net.br:8082/ABILWS2/services/IL_ServicesLT</con:endpoint><con:request><![CDATA[<soapenv:Envelope xmlns:soapenv="http://schemas.xmlsoap.org/soap/envelope/" xmlns:lit="http://literal.autbank.com.br">\r
   <soapenv:Header/>\r
   <soapenv:Body>\r
      <lit:consultarOperacao>\r
         <lit:dataReserva>?</lit:dataReserva>\r
         <lit:status>?</lit:status>\r
         <lit:ISPBCamara>?</lit:ISPBCamara>\r
      </lit:consultarOperacao>\r
   </soapenv:Body>\r
</soapenv:Envelope>]]></con:request><con:credentials><con:authType>No Authorization</con:authType></con:credentials><con:jmsConfig JMSDeliveryMode="PERSISTENT"/><con:jmsPropertyConfig/><con:wsaConfig mustUnderstand="NONE" version="200508" action="http://literal.autbank.com.br/IL_ServicesLT/consultarOperacaoRequest"/><con:wsrmConfig version="1.2"/></con:call></con:operation><con:operation id="8b90f110-02ce-4d93-aee3-cee6a11631cd" isOneWay="false" action="" name="consultarPrevisao" bindingOperationName="consultarPrevisao" type="Request-Response" outputName="consultarPrevisaoResponse" inputName="consultarPrevisaoRequest" receivesAttachments="false" sendsAttachments="false" anonymous="optional"><con:settings/><con:call id="e9ff04e5-4fe8-4f29-a8b1-765c1ada5708" name="Request 1"><con:settings/><con:encoding>UTF-8</con:encoding><con:endpoint>http://corebancario-hmg.modal.net.br:8082/ABILWS2/services/IL_ServicesLT</con:endpoint><con:request><![CDATA[<soapenv:Envelope xmlns:soapenv="http://schemas.xmlsoap.org/soap/envelope/" xmlns:lit="http://literal.autbank.com.br">\r
   <soapenv:Header/>\r
   <soapenv:Body>\r
      <lit:consultarPrevisao>\r
         <lit:codSisOrigem>?</lit:codSisOrigem>\r
         <lit:codInstituicao>?</lit:codInstituicao>\r
         <lit:dataMovtoInicial>?</lit:dataMovtoInicial>\r
         <lit:dataMovtoFinal>?</lit:dataMovtoFinal>\r
         <lit:dataReservaInicial>?</lit:dataReservaInicial>\r
         <lit:dataReservaFinal>?</lit:dataReservaFinal>\r
         <lit:natureza>?</lit:natureza>\r
         <lit:tipoLiquidacao>?</lit:tipoLiquidacao>\r
         <lit:situacao>?</lit:situacao>\r
      </lit:consultarPrevisao>\r
   </soapenv:Body>\r
</soapenv:Envelope>]]></con:request><con:wsaConfig mustUnderstand="NONE" version="200508" action="http://literal.autbank.com.br/IL_ServicesLT/consultarPrevisaoRequest"/></con:call></con:operation><con:operation id="f87c6794-9790-40ed-8e11-8a2f503b9bee" isOneWay="false" action="" name="consultaStatus" bindingOperationName="consultaStatus" type="Request-Response" outputName="consultaStatusResponse" inputName="consultaStatusRequest" receivesAttachments="false" sendsAttachments="false" anonymous="optional"><con:settings/><con:call id="c65f9cc9-54f4-4db7-bd4f-2a939c8e3df0" name="Request 1"><con:settings/><con:encoding>UTF-8</con:encoding><con:endpoint>http://corebancario-hmg.modal.net.br:8082/ABILWS2/services/IL_ServicesLT</con:endpoint><con:request><![CDATA[<soapenv:Envelope xmlns:soapenv="http://schemas.xmlsoap.org/soap/envelope/" xmlns:lit="http://literal.autbank.com.br">\r
   <soapenv:Header/>\r
   <soapenv:Body>\r
      <lit:consultaStatus>\r
         <lit:codSistemaO>?</lit:codSistemaO>\r
         <lit:numOrigem>?</lit:numOrigem>\r
      </lit:consultaStatus>\r
   </soapenv:Body>\r
</soapenv:Envelope>]]></con:request><con:wsaConfig mustUnderstand="NONE" version="200508" action="http://literal.autbank.com.br/IL_ServicesLT/consultaStatusRequest"/></con:call></con:operation><con:operation id="e8ff3bc0-b604-4933-9c2d-257944575e7a" isOneWay="false" action="" name="consultaStatusV2" bindingOperationName="consultaStatusV2" type="Request-Response" outputName="consultaStatusV2Response" inputName="consultaStatusV2Request" receivesAttachments="false" sendsAttachments="false" anonymous="optional"><con:settings/><con:call id="ff4609d6-7ca6-4832-9817-2d89de219e3c" name="Request 1"><con:settings/><con:encoding>UTF-8</con:encoding><con:endpoint>http://corebancario-hmg.modal.net.br:8082/ABILWS2/services/IL_ServicesLT</con:endpoint><con:request><![CDATA[<soapenv:Envelope xmlns:soapenv="http://schemas.xmlsoap.org/soap/envelope/" xmlns:lit="http://literal.autbank.com.br">\r
   <soapenv:Header/>\r
   <soapenv:Body>\r
      <lit:consultaStatusV2>\r
         <lit:codSistemaO>?</lit:codSistemaO>\r
         <lit:numOrigem>?</lit:numOrigem>\r
         <lit:moduloTrans>?</lit:moduloTrans>\r
      </lit:consultaStatusV2>\r
   </soapenv:Body>\r
</soapenv:Envelope>]]></con:request><con:credentials><con:authType>No Authorization</con:authType></con:credentials><con:jmsConfig JMSDeliveryMode="PERSISTENT"/><con:jmsPropertyConfig/><con:wsaConfig mustUnderstand="NONE" version="200508" action="http://literal.autbank.com.br/IL_ServicesLT/consultaStatusV2Request"/><con:wsrmConfig version="1.2"/></con:call></con:operation><con:operation id="56bc8187-cd60-4ea9-9710-0db767ce15bf" isOneWay="false" action="" name="incluirMensagemRegistrato" bindingOperationName="incluirMensagemRegistrato" type="Request-Response" outputName="incluirMensagemRegistratoResponse" inputName="incluirMensagemRegistratoRequest" receivesAttachments="false" sendsAttachments="false" anonymous="optional"><con:settings/><con:call id="4d829b69-ad7f-4ddf-b20f-a3b701366619" name="Request 1"><con:settings/><con:encoding>UTF-8</con:encoding><con:endpoint>http://corebancario-hmg.modal.net.br:8082/ABILWS2/services/IL_ServicesLT</con:endpoint><con:request><![CDATA[<soapenv:Envelope xmlns:soapenv="http://schemas.xmlsoap.org/soap/envelope/" xmlns:lit="http://literal.autbank.com.br">\r
   <soapenv:Header/>\r
   <soapenv:Body>\r
      <lit:incluirMensagemRegistrato>\r
         <lit:codSistOrigem>?</lit:codSistOrigem>\r
         <lit:ispbIf>?</lit:ispbIf>\r
         <lit:cpfCliente>?</lit:cpfCliente>\r
         <lit:ipCliente>?</lit:ipCliente>\r
         <lit:txtFraseSeguranca>?</lit:txtFraseSeguranca>\r
         <lit:historico>?</lit:historico>\r
         <lit:datMovimento>?</lit:datMovimento>\r
      </lit:incluirMensagemRegistrato>\r
   </soapenv:Body>\r
</soapenv:Envelope>]]></con:request><con:wsaConfig mustUnderstand="NONE" version="200508" action="http://literal.autbank.com.br/IL_ServicesLT/incluirMensagemRegistratoRequest"/></con:call></con:operation><con:operation id="d0e4448d-cc61-42c8-bc80-d65841855fed" isOneWay="false" action="" name="incluirOperacao" bindingOperationName="incluirOperacao" type="Request-Response" outputName="incluirOperacaoResponse" inputName="incluirOperacaoRequest" receivesAttachments="false" sendsAttachments="false" anonymous="optional"><con:settings/><con:call id="2d662735-f981-4922-804f-80d2bfb166c1" name="Request 1"><con:settings/><con:encoding>UTF-8</con:encoding><con:endpoint>http://corebancario-hmg.modal.net.br:8082/ABILWS2/services/IL_ServicesLT</con:endpoint><con:request><![CDATA[<soapenv:Envelope xmlns:soapenv="http://schemas.xmlsoap.org/soap/envelope/" xmlns:lit="http://literal.autbank.com.br">\r
   <soapenv:Header/>\r
   <soapenv:Body>\r
      <lit:incluirOperacao>\r
         <lit:codSisOrigem>?</lit:codSisOrigem>\r
         <lit:nroCtrlOrigem>?</lit:nroCtrlOrigem>\r
         <lit:codInstituicao>?</lit:codInstituicao>\r
         <lit:ISPBCamara>?</lit:ISPBCamara>\r
         <lit:codTituloMoeda>?</lit:codTituloMoeda>\r
         <lit:qtdNegociada>?</lit:qtdNegociada>\r
         <lit:dataVectoTitulo>?</lit:dataVectoTitulo>\r
         <lit:dataProcSisOrigem>?</lit:dataProcSisOrigem>\r
         <lit:dataReserva>?</lit:dataReserva>\r
         <lit:natureza>?</lit:natureza>\r
         <lit:efeitoQtde>?</lit:efeitoQtde>\r
         <lit:nroOpearacao>?</lit:nroOpearacao>\r
         <lit:cnpjContraParte>?</lit:cnpjContraParte>\r
         <lit:descContraParte>?</lit:descContraParte>\r
         <lit:valorOperacao>?</lit:valorOperacao>\r
         <lit:tipoLiquidacao>?</lit:tipoLiquidacao>\r
         <lit:emissorObjeto>?</lit:emissorObjeto>\r
         <lit:nroBoleto>?</lit:nroBoleto>\r
         <lit:tipoEmissor>?</lit:tipoEmissor>\r
         <lit:cnpjTitularOperacao>?</lit:cnpjTitularOperacao>\r
         <lit:descOperacao>?</lit:descOperacao>\r
      </lit:incluirOperacao>\r
   </soapenv:Body>\r
</soapenv:Envelope>]]></con:request><con:credentials><con:authType>No Authorization</con:authType></con:credentials><con:jmsConfig JMSDeliveryMode="PERSISTENT"/><con:jmsPropertyConfig/><con:wsaConfig mustUnderstand="NONE" version="200508" action="http://literal.autbank.com.br/IL_ServicesLT/incluirOperacaoRequest"/><con:wsrmConfig version="1.2"/></con:call></con:operation><con:operation id="e9a1173c-bb6c-4e3a-80b6-df547a031001" isOneWay="false" action="" name="incluirPrevisao" bindingOperationName="incluirPrevisao" type="Request-Response" outputName="incluirPrevisaoResponse" inputName="incluirPrevisaoRequest" receivesAttachments="false" sendsAttachments="false" anonymous="optional"><con:settings/><con:call id="6f9afdc3-5f7e-4ec5-acde-8ea71922f85f" name="Request 1"><con:settings/><con:encoding>UTF-8</con:encoding><con:endpoint>http://corebancario-hmg.modal.net.br:8082/ABILWS2/services/IL_ServicesLT</con:endpoint><con:request><![CDATA[<soapenv:Envelope xmlns:soapenv="http://schemas.xmlsoap.org/soap/envelope/" xmlns:lit="http://literal.autbank.com.br">\r
   <soapenv:Header/>\r
   <soapenv:Body>\r
      <lit:incluirPrevisao>\r
         <lit:codInstituicao>?</lit:codInstituicao>\r
         <lit:nroCtrlOrigem>?</lit:nroCtrlOrigem>\r
         <lit:nroBoleto>?</lit:nroBoleto>\r
         <lit:codSisOrigem>?</lit:codSisOrigem>\r
         <lit:dataReserva>?</lit:dataReserva>\r
         <lit:valorPrevisao>?</lit:valorPrevisao>\r
         <lit:natureza>?</lit:natureza>\r
         <lit:ISPBIFContraParte>?</lit:ISPBIFContraParte>\r
         <lit:agenciaContraParte>?</lit:agenciaContraParte>\r
         <lit:nroContaContraParte>?</lit:nroContaContraParte>\r
         <lit:cnpjCpfContraParte>?</lit:cnpjCpfContraParte>\r
         <lit:ISPBCamara>?</lit:ISPBCamara>\r
         <lit:descPrevisao>?</lit:descPrevisao>\r
         <lit:usuario>?</lit:usuario>\r
         <lit:tipoLiquidacao>?</lit:tipoLiquidacao>\r
         <lit:nomeCliente>?</lit:nomeCliente>\r
         <lit:corpoMensagem>?</lit:corpoMensagem>\r
      </lit:incluirPrevisao>\r
   </soapenv:Body>\r
</soapenv:Envelope>]]></con:request><con:credentials><con:authType>No Authorization</con:authType></con:credentials><con:jmsConfig JMSDeliveryMode="PERSISTENT"/><con:jmsPropertyConfig/><con:wsaConfig mustUnderstand="NONE" version="200508" action="http://literal.autbank.com.br/IL_ServicesLT/incluirPrevisaoRequest"/><con:wsrmConfig version="1.2"/></con:call></con:operation><con:operation id="14f4ff6d-bbd5-418b-97d2-15ee833a1985" isOneWay="false" action="" name="incluirTransacao" bindingOperationName="incluirTransacao" type="Request-Response" outputName="incluirTransacaoResponse" inputName="incluirTransacaoRequest" receivesAttachments="false" sendsAttachments="false" anonymous="optional"><con:settings/><con:call id="a32ff4da-8ef0-4fec-b580-0c220e4eba1c" name="Request 1"><con:settings/><con:encoding>UTF-8</con:encoding><con:endpoint>http://corebancario-hmg.modal.net.br:8082/ABILWS2/services/IL_ServicesLT</con:endpoint><con:request><![CDATA[<soapenv:Envelope xmlns:soapenv="http://schemas.xmlsoap.org/soap/envelope/" xmlns:lit="http://literal.autbank.com.br">\r
   <soapenv:Header/>\r
   <soapenv:Body>\r
      <lit:incluirTransacao>\r
         <lit:codSisOrigem>?</lit:codSisOrigem>\r
         <lit:nroCtrlOrigem>?</lit:nroCtrlOrigem>\r
         <lit:indAutorizacao>?</lit:indAutorizacao>\r
         <lit:dataReserva>?</lit:dataReserva>\r
         <lit:dataHoraLimite>?</lit:dataHoraLimite>\r
         <lit:nroBoleto>?</lit:nroBoleto>\r
         <lit:codSisLegadoDestino>?</lit:codSisLegadoDestino>\r
         <lit:usuario>?</lit:usuario>\r
         <lit:corpoMensagem>?</lit:corpoMensagem>\r
         <lit:msgXmlUsr>?</lit:msgXmlUsr>\r
         <lit:nroBordero>?</lit:nroBordero>\r
         <lit:moduloTrans>?</lit:moduloTrans>\r
         <lit:sisSubOrigem>?</lit:sisSubOrigem>\r
         <lit:numCtrlIfOr>?</lit:numCtrlIfOr>\r
         <lit:statusOp>?</lit:statusOp>\r
      </lit:incluirTransacao>\r
   </soapenv:Body>\r
</soapenv:Envelope>]]></con:request><con:credentials><con:authType>No Authorization</con:authType></con:credentials><con:jmsConfig JMSDeliveryMode="PERSISTENT"/><con:jmsPropertyConfig/><con:wsaConfig mustUnderstand="NONE" version="200508" action="http://literal.autbank.com.br/IL_ServicesLT/incluirTransacaoRequest"/><con:wsrmConfig version="1.2"/></con:call></con:operation><con:operation id="5c309f20-713b-4a6e-93bb-eb14b0c5b60e" isOneWay="false" action="" name="incluirTransacaoPrioridadeDDA" bindingOperationName="incluirTransacaoPrioridadeDDA" type="Request-Response" outputName="incluirTransacaoPrioridadeDDAResponse" inputName="incluirTransacaoPrioridadeDDARequest" receivesAttachments="false" sendsAttachments="false" anonymous="optional"><con:settings/><con:call id="7b5a7efb-ac6e-4f12-9dd1-843207133952" name="Request 1"><con:settings><con:setting id="com.eviware.soapui.impl.wsdl.WsdlRequest@request-headers">&lt;xml-fragment/></con:setting></con:settings><con:encoding>UTF-8</con:encoding><con:endpoint>http://corebancario-hmg.modal.net.br:8082/ABILWS2/services/IL_ServicesLT</con:endpoint><con:request><![CDATA[<soapenv:Envelope xmlns:soapenv="http://schemas.xmlsoap.org/soap/envelope/" xmlns:lit="http://literal.autbank.com.br">\r
   <soapenv:Header/>\r
   <soapenv:Body>\r
      <lit:incluirTransacaoPrioridadeDDA>\r
         <lit:codSisOrigem>BAAS</lit:codSisOrigem>\r
         <lit:nroCtrlOrigem>DDA202211030000162036</lit:nroCtrlOrigem>\r
         <lit:codInstituicao>30723886</lit:codInstituicao>\r
         <lit:usuario>padial</lit:usuario>\r
         <lit:corpoMensagem><![CDATA[<DDA0108><CodMsg>DDA0108</CodMsg><NumCtrlPart>DDA202211030000162036</NumCtrlPart><ISPBPartRecbdrPrincipal>30723886</ISPBPartRecbdrPrincipal>	<ISPBPartRecbdrAdmtd>30723886</ISPBPartRecbdrAdmtd>	<NumIdentcTit>2022052304076729760</NumIdentcTit>	<NumRefCadTitBaixaOperac>1653313038693000523</NumRefCadTitBaixaOperac>	<TpBaixaOperac>0</TpBaixaOperac>	<ISPBPartRecbdrBaixaOperac>30723886</ISPBPartRecbdrBaixaOperac>	<CodPartRecbdrBaixaOperac>237</CodPartRecbdrBaixaOperac>	<TpPessoaPort>F</TpPessoaPort>	<CNPJ_CPFPort>05753086721</CNPJ_CPFPort>	<Nom_RzSocPort>RAFAEL LOMBA CORREA</Nom_RzSocPort>	<DtHrRecbtTit>2022-09-14T12:26:01</DtHrRecbtTit>	<DtHrProcBaixaOperac>2022-09-14T12:26:01</DtHrProcBaixaOperac>	<DtProcBaixaOperac>2022-09-14</DtProcBaixaOperac>	<VlrBaixaOperacTit>75.36</VlrBaixaOperacTit>	<NumCodBarrasBaixaOperac>23792911300000075363099090016885734800039650</NumCodBarrasBaixaOperac>	<CanPgto>1</CanPgto>	<MeioPgto>2</MeioPgto>	<IndrOpContg>N</IndrOpContg>	<DtMovto>2022-09-14</DtMovto></DDA0108>]]]]>><![CDATA[</lit:corpoMensagem>\r
         <lit:temTransacao>N</lit:temTransacao>\r
      </lit:incluirTransacaoPrioridadeDDA>\r
   </soapenv:Body>\r
</soapenv:Envelope>]]></con:request><con:credentials><con:authType>No Authorization</con:authType></con:credentials><con:jmsConfig JMSDeliveryMode="PERSISTENT"/><con:jmsPropertyConfig/><con:wsaConfig mustUnderstand="NONE" version="200508" action="http://literal.autbank.com.br/IL_ServicesLT/incluirTransacaoPrioridadeDDARequest"/><con:wsrmConfig version="1.2"/></con:call></con:operation><con:operation id="c120308b-8dd7-49bb-bc12-67492d0f35f6" isOneWay="false" action="" name="incluirTransacaoV2" bindingOperationName="incluirTransacaoV2" type="Request-Response" outputName="incluirTransacaoV2Response" inputName="incluirTransacaoV2Request" receivesAttachments="false" sendsAttachments="false" anonymous="optional"><con:settings/><con:call id="5e322b4b-fb7a-4888-bd9a-6126bd5c78df" name="Request 1"><con:settings><con:setting id="com.eviware.soapui.impl.wsdl.WsdlRequest@request-headers">&lt;xml-fragment/></con:setting></con:settings><con:encoding>UTF-8</con:encoding><con:endpoint>http://corebancario-hmg.modal.net.br:8082/ABILWS2/services/IL_ServicesLT</con:endpoint><con:request><![CDATA[<soapenv:Envelope xmlns:soapenv="http://schemas.xmlsoap.org/soap/envelope/" xmlns:lit="http://literal.autbank.com.br">\r
   <soapenv:Header/>\r
   <soapenv:Body>\r
      <lit:incluirTransacaoV2>\r
         <lit:codSisOrigem>MARCOS</lit:codSisOrigem>\r
         <lit:nroCtrlOrigem>00000000000000014</lit:nroCtrlOrigem>\r
         <lit:indAutorizacao>1</lit:indAutorizacao>\r
         <lit:dataReserva>27/06/2022</lit:dataReserva>\r
         <lit:dataHoraLimite>27/06/2022 13:53:00</lit:dataHoraLimite>\r
         <lit:nroBoleto></lit:nroBoleto>\r
         <lit:codSisLegadoDestino></lit:codSisLegadoDestino>\r
         <lit:usuario>padial</lit:usuario>\r
         <lit:corpoMensagem><![CDATA[<GEN0001><CodMsg>GEN0001</CodMsg><ISPBEmissor>30723886</ISPBEmissor><ISPBDestinatario>00038166</ISPBDestinatario><MsgECO>Mensagem ECO - Agendamento Automatico</MsgECO></GEN0001>]]]]>><![CDATA[</lit:corpoMensagem>
         <lit:msgXmlUsr></lit:msgXmlUsr>\r
         <lit:nroBordero></lit:nroBordero>\r
         <lit:moduloTrans>SPB</lit:moduloTrans>\r
         <lit:sisSubOrigem></lit:sisSubOrigem>\r
         <lit:numCtrlIfOr></lit:numCtrlIfOr>\r
         <lit:statusOp></lit:statusOp>\r
         <lit:codInstituicao></lit:codInstituicao>\r
      </lit:incluirTransacaoV2>\r
   </soapenv:Body>\r
</soapenv:Envelope>]]></con:request><con:credentials><con:authType>No Authorization</con:authType></con:credentials><con:jmsConfig JMSDeliveryMode="PERSISTENT"/><con:jmsPropertyConfig/><con:wsaConfig mustUnderstand="NONE" version="200508" action="http://literal.autbank.com.br/IL_ServicesLT/incluirTransacaoV2Request"/><con:wsrmConfig version="1.2"/></con:call><con:call id="a4643b7f-d3a0-451c-9e34-ded45e7f582e" name="Request 2"><con:settings><con:setting id="com.eviware.soapui.impl.wsdl.WsdlRequest@request-headers">&lt;xml-fragment/></con:setting></con:settings><con:encoding>UTF-8</con:encoding><con:endpoint>http://corebancario-hmg.modal.net.br:8082/ABILWS2/services/IL_ServicesLT</con:endpoint><con:request><![CDATA[<soapenv:Envelope xmlns:soapenv="http://schemas.xmlsoap.org/soap/envelope/" xmlns:lit="http://literal.autbank.com.br">
   <soapenv:Header/>
   <soapenv:Body>
      <lit:incluirTransacaoV2>
         <lit:codSisOrigem>EB</lit:codSisOrigem>
         <lit:nroCtrlOrigem>00000140922163823</lit:nroCtrlOrigem>
         <lit:indAutorizacao>1</lit:indAutorizacao>
         <lit:dataReserva>14/09/2022</lit:dataReserva>
         <lit:dataHoraLimite>14/09/2022 16:38:00</lit:dataHoraLimite>
         <lit:nroBoleto></lit:nroBoleto>
         <lit:codSisLegadoDestino></lit:codSisLegadoDestino>
         <lit:usuario>padial</lit:usuario>
         <lit:corpoMensagem><![CDATA[<DDA0108><CodMsg>DDA0108</CodMsg><NumCtrlPart>DDA20220914000029025</NumCtrlPart><ISPBPartRecbdrPrincipal>30723886</ISPBPartRecbdrPrincipal>	<ISPBPartRecbdrAdmtd>30723886</ISPBPartRecbdrAdmtd>	<NumIdentcTit>2022052304076729760</NumIdentcTit>	<NumRefCadTitBaixaOperac>1653313038693000523</NumRefCadTitBaixaOperac>	<TpBaixaOperac>0</TpBaixaOperac>	<ISPBPartRecbdrBaixaOperac>30723886</ISPBPartRecbdrBaixaOperac>	<CodPartRecbdrBaixaOperac>237</CodPartRecbdrBaixaOperac>	<TpPessoaPort>F</TpPessoaPort>	<CNPJ_CPFPort>05753086721</CNPJ_CPFPort>	<Nom_RzSocPort>RAFAEL LOMBA CORREA</Nom_RzSocPort>	<DtHrRecbtTit>2022-09-14T12:26:01</DtHrRecbtTit>	<DtHrProcBaixaOperac>2022-09-14T12:26:01</DtHrProcBaixaOperac>	<DtProcBaixaOperac>2022-09-14</DtProcBaixaOperac>	<VlrBaixaOperacTit>75.36</VlrBaixaOperacTit>	<NumCodBarrasBaixaOperac>23792911300000075363099090016885734800039650</NumCodBarrasBaixaOperac>	<CanPgto>1</CanPgto>	<MeioPgto>2</MeioPgto>	<IndrOpContg>N</IndrOpContg>	<DtMovto>2022-09-14</DtMovto></DDA0108>]]]]>><![CDATA[</lit:corpoMensagem>
         <lit:msgXmlUsr></lit:msgXmlUsr>
         <lit:nroBordero></lit:nroBordero>
         <lit:moduloTrans>MCS</lit:moduloTrans>
         <lit:sisSubOrigem></lit:sisSubOrigem>
         <lit:numCtrlIfOr></lit:numCtrlIfOr>
         <lit:statusOp></lit:statusOp>
         <lit:codInstituicao></lit:codInstituicao>
      </lit:incluirTransacaoV2>
   </soapenv:Body>
</soapenv:Envelope>]]></con:request><con:credentials><con:authType>No Authorization</con:authType></con:credentials><con:jmsConfig JMSDeliveryMode="PERSISTENT"/><con:jmsPropertyConfig/><con:wsaConfig mustUnderstand="NONE" version="200508" action="http://literal.autbank.com.br/IL_ServicesLT/incluirTransacaoV2Request"/><con:wsrmConfig version="1.2"/></con:call></con:operation></con:interface><con:properties/><con:wssContainer/><con:oAuth2ProfileContainer/><con:oAuth1ProfileContainer/><con:sensitiveInformation/></con:soapui-project>