<?xml version="1.0" encoding="UTF-8"?>
<con:soapui-project id="e9743fb1-f972-4e28-a213-b8d74628ec92" activeEnvironment="Default" name="SGR WS Asp.net - HMG" soapui-version="5.6.0" abortOnError="false" runType="SEQUENTIAL" xmlns:con="http://eviware.com/soapui/config"><con:settings/><con:interface xsi:type="con:WsdlInterface" id="2761351c-75e3-4c42-907f-caa94ee742ef" wsaVersion="NONE" name="GR_ServicesNCSoap12" type="wsdl" bindingName="{http://tempuri.org/}GR_ServicesNCSoap12" soapVersion="1_2" anonymous="optional" definition="https://corebancario-hmg.modal.net.br/sgr.net/WS/GR_ServicesNC.asmx?wsdl" xmlns:xsi="http://www.w3.org/2001/XMLSchema-instance"><con:settings/><con:definitionCache type="TEXT" rootPart="https://corebancario-hmg.modal.net.br/sgr.net/WS/GR_ServicesNC.asmx?wsdl"><con:part><con:url>https://corebancario-hmg.modal.net.br/sgr.net/WS/GR_ServicesNC.asmx?wsdl</con:url><con:content><![CDATA[<wsdl:definitions targetNamespace="http://tempuri.org/" xmlns:s="http://www.w3.org/2001/XMLSchema" xmlns:soap12="http://schemas.xmlsoap.org/wsdl/soap12/" xmlns:http="http://schemas.xmlsoap.org/wsdl/http/" xmlns:mime="http://schemas.xmlsoap.org/wsdl/mime/" xmlns:tns="http://tempuri.org/" xmlns:soap="http://schemas.xmlsoap.org/wsdl/soap/" xmlns:tm="http://microsoft.com/wsdl/mime/textMatching/" xmlns:soapenc="http://schemas.xmlsoap.org/soap/encoding/" xmlns:wsdl="http://schemas.xmlsoap.org/wsdl/">
  <wsdl:types>
    <s:schema elementFormDefault="qualified" targetNamespace="http://tempuri.org/">
      <s:element name="ConsultaTitulo">
        <s:complexType>
          <s:sequence>
            <s:element minOccurs="0" maxOccurs="1" name="CodSistemaO" type="s:string"/>
            <s:element minOccurs="0" maxOccurs="1" name="NumOrigem" type="s:string"/>
            <s:element minOccurs="0" maxOccurs="1" name="ISPBPartRecbdrPrincipal" type="s:string"/>
            <s:element minOccurs="0" maxOccurs="1" name="ISPBPartRecbdrAdmtd" type="s:string"/>
            <s:element minOccurs="0" maxOccurs="1" name="NumCodBarras" type="s:string"/>
            <s:element minOccurs="1" maxOccurs="1" name="Valor" type="s:decimal"/>
            <s:element minOccurs="1" maxOccurs="1" name="Timeout" type="s:int"/>
          </s:sequence>
        </s:complexType>
      </s:element>
      <s:element name="ConsultaTituloResponse">
        <s:complexType>
          <s:sequence>
            <s:element minOccurs="0" maxOccurs="1" name="ConsultaTituloResult" type="tns:TORespostaR1"/>
          </s:sequence>
        </s:complexType>
      </s:element>
      <s:complexType name="TORespostaR1">
        <s:sequence>
          <s:element minOccurs="1" maxOccurs="1" name="CodErro" type="s:int"/>
          <s:element minOccurs="0" maxOccurs="1" name="DescErro" type="s:string"/>
          <s:element minOccurs="0" maxOccurs="1" name="XmlR1" type="s:string"/>
        </s:sequence>
      </s:complexType>
      <s:element name="ConsultaTitulo2">
        <s:complexType>
          <s:sequence>
            <s:element minOccurs="0" maxOccurs="1" name="ISPBPartRecbdrPrincipal" type="s:string"/>
            <s:element minOccurs="0" maxOccurs="1" name="ISPBPartRecbdrAdmtd" type="s:string"/>
            <s:element minOccurs="0" maxOccurs="1" name="NumCodBarras" type="s:string"/>
            <s:element minOccurs="1" maxOccurs="1" name="Valor" type="s:decimal"/>
            <s:element minOccurs="1" maxOccurs="1" name="Timeout" type="s:int"/>
          </s:sequence>
        </s:complexType>
      </s:element>
      <s:element name="ConsultaTitulo2Response">
        <s:complexType>
          <s:sequence>
            <s:element minOccurs="0" maxOccurs="1" name="ConsultaTitulo2Result" type="tns:TORespostaR1"/>
          </s:sequence>
        </s:complexType>
      </s:element>
      <s:element name="Teste">
        <s:complexType>
          <s:sequence>
            <s:element minOccurs="0" maxOccurs="1" name="StatusSgr" type="s:string"/>
            <s:element minOccurs="0" maxOccurs="1" name="StatusStr" type="s:string"/>
            <s:element minOccurs="0" maxOccurs="1" name="NumOrigem" type="s:string"/>
            <s:element minOccurs="0" maxOccurs="1" name="NumOrigemOr" type="s:string"/>
            <s:element minOccurs="0" maxOccurs="1" name="NumCtrlSPB" type="s:string"/>
            <s:element minOccurs="0" maxOccurs="1" name="CodErro" type="s:string"/>
            <s:element minOccurs="1" maxOccurs="1" name="DataReserva" type="s:dateTime"/>
            <s:element minOccurs="1" maxOccurs="1" name="DthrVencto" type="s:dateTime"/>
            <s:element minOccurs="0" maxOccurs="1" name="XML" type="s:string"/>
          </s:sequence>
        </s:complexType>
      </s:element>
      <s:element name="TesteResponse">
        <s:complexType/>
      </s:element>
      <s:element name="TORespostaR1" nillable="true" type="tns:TORespostaR1"/>
    </s:schema>
  </wsdl:types>
  <wsdl:message name="ConsultaTituloSoapIn">
    <wsdl:part name="parameters" element="tns:ConsultaTitulo"/>
  </wsdl:message>
  <wsdl:message name="ConsultaTituloSoapOut">
    <wsdl:part name="parameters" element="tns:ConsultaTituloResponse"/>
  </wsdl:message>
  <wsdl:message name="ConsultaTitulo2SoapIn">
    <wsdl:part name="parameters" element="tns:ConsultaTitulo2"/>
  </wsdl:message>
  <wsdl:message name="ConsultaTitulo2SoapOut">
    <wsdl:part name="parameters" element="tns:ConsultaTitulo2Response"/>
  </wsdl:message>
  <wsdl:message name="TesteSoapIn">
    <wsdl:part name="parameters" element="tns:Teste"/>
  </wsdl:message>
  <wsdl:message name="TesteSoapOut">
    <wsdl:part name="parameters" element="tns:TesteResponse"/>
  </wsdl:message>
  <wsdl:message name="ConsultaTituloHttpGetIn">
    <wsdl:part name="CodSistemaO" type="s:string"/>
    <wsdl:part name="NumOrigem" type="s:string"/>
    <wsdl:part name="ISPBPartRecbdrPrincipal" type="s:string"/>
    <wsdl:part name="ISPBPartRecbdrAdmtd" type="s:string"/>
    <wsdl:part name="NumCodBarras" type="s:string"/>
    <wsdl:part name="Valor" type="s:string"/>
    <wsdl:part name="Timeout" type="s:string"/>
  </wsdl:message>
  <wsdl:message name="ConsultaTituloHttpGetOut">
    <wsdl:part name="Body" element="tns:TORespostaR1"/>
  </wsdl:message>
  <wsdl:message name="ConsultaTitulo2HttpGetIn">
    <wsdl:part name="ISPBPartRecbdrPrincipal" type="s:string"/>
    <wsdl:part name="ISPBPartRecbdrAdmtd" type="s:string"/>
    <wsdl:part name="NumCodBarras" type="s:string"/>
    <wsdl:part name="Valor" type="s:string"/>
    <wsdl:part name="Timeout" type="s:string"/>
  </wsdl:message>
  <wsdl:message name="ConsultaTitulo2HttpGetOut">
    <wsdl:part name="Body" element="tns:TORespostaR1"/>
  </wsdl:message>
  <wsdl:message name="TesteHttpGetIn">
    <wsdl:part name="StatusSgr" type="s:string"/>
    <wsdl:part name="StatusStr" type="s:string"/>
    <wsdl:part name="NumOrigem" type="s:string"/>
    <wsdl:part name="NumOrigemOr" type="s:string"/>
    <wsdl:part name="NumCtrlSPB" type="s:string"/>
    <wsdl:part name="CodErro" type="s:string"/>
    <wsdl:part name="DataReserva" type="s:string"/>
    <wsdl:part name="DthrVencto" type="s:string"/>
    <wsdl:part name="XML" type="s:string"/>
  </wsdl:message>
  <wsdl:message name="TesteHttpGetOut"/>
  <wsdl:message name="ConsultaTituloHttpPostIn">
    <wsdl:part name="CodSistemaO" type="s:string"/>
    <wsdl:part name="NumOrigem" type="s:string"/>
    <wsdl:part name="ISPBPartRecbdrPrincipal" type="s:string"/>
    <wsdl:part name="ISPBPartRecbdrAdmtd" type="s:string"/>
    <wsdl:part name="NumCodBarras" type="s:string"/>
    <wsdl:part name="Valor" type="s:string"/>
    <wsdl:part name="Timeout" type="s:string"/>
  </wsdl:message>
  <wsdl:message name="ConsultaTituloHttpPostOut">
    <wsdl:part name="Body" element="tns:TORespostaR1"/>
  </wsdl:message>
  <wsdl:message name="ConsultaTitulo2HttpPostIn">
    <wsdl:part name="ISPBPartRecbdrPrincipal" type="s:string"/>
    <wsdl:part name="ISPBPartRecbdrAdmtd" type="s:string"/>
    <wsdl:part name="NumCodBarras" type="s:string"/>
    <wsdl:part name="Valor" type="s:string"/>
    <wsdl:part name="Timeout" type="s:string"/>
  </wsdl:message>
  <wsdl:message name="ConsultaTitulo2HttpPostOut">
    <wsdl:part name="Body" element="tns:TORespostaR1"/>
  </wsdl:message>
  <wsdl:message name="TesteHttpPostIn">
    <wsdl:part name="StatusSgr" type="s:string"/>
    <wsdl:part name="StatusStr" type="s:string"/>
    <wsdl:part name="NumOrigem" type="s:string"/>
    <wsdl:part name="NumOrigemOr" type="s:string"/>
    <wsdl:part name="NumCtrlSPB" type="s:string"/>
    <wsdl:part name="CodErro" type="s:string"/>
    <wsdl:part name="DataReserva" type="s:string"/>
    <wsdl:part name="DthrVencto" type="s:string"/>
    <wsdl:part name="XML" type="s:string"/>
  </wsdl:message>
  <wsdl:message name="TesteHttpPostOut"/>
  <wsdl:portType name="GR_ServicesNCSoap">
    <wsdl:operation name="ConsultaTitulo">
      <wsdl:input message="tns:ConsultaTituloSoapIn"/>
      <wsdl:output message="tns:ConsultaTituloSoapOut"/>
    </wsdl:operation>
    <wsdl:operation name="ConsultaTitulo2">
      <wsdl:input message="tns:ConsultaTitulo2SoapIn"/>
      <wsdl:output message="tns:ConsultaTitulo2SoapOut"/>
    </wsdl:operation>
    <wsdl:operation name="Teste">
      <wsdl:input message="tns:TesteSoapIn"/>
      <wsdl:output message="tns:TesteSoapOut"/>
    </wsdl:operation>
  </wsdl:portType>
  <wsdl:portType name="GR_ServicesNCHttpGet">
    <wsdl:operation name="ConsultaTitulo">
      <wsdl:input message="tns:ConsultaTituloHttpGetIn"/>
      <wsdl:output message="tns:ConsultaTituloHttpGetOut"/>
    </wsdl:operation>
    <wsdl:operation name="ConsultaTitulo2">
      <wsdl:input message="tns:ConsultaTitulo2HttpGetIn"/>
      <wsdl:output message="tns:ConsultaTitulo2HttpGetOut"/>
    </wsdl:operation>
    <wsdl:operation name="Teste">
      <wsdl:input message="tns:TesteHttpGetIn"/>
      <wsdl:output message="tns:TesteHttpGetOut"/>
    </wsdl:operation>
  </wsdl:portType>
  <wsdl:portType name="GR_ServicesNCHttpPost">
    <wsdl:operation name="ConsultaTitulo">
      <wsdl:input message="tns:ConsultaTituloHttpPostIn"/>
      <wsdl:output message="tns:ConsultaTituloHttpPostOut"/>
    </wsdl:operation>
    <wsdl:operation name="ConsultaTitulo2">
      <wsdl:input message="tns:ConsultaTitulo2HttpPostIn"/>
      <wsdl:output message="tns:ConsultaTitulo2HttpPostOut"/>
    </wsdl:operation>
    <wsdl:operation name="Teste">
      <wsdl:input message="tns:TesteHttpPostIn"/>
      <wsdl:output message="tns:TesteHttpPostOut"/>
    </wsdl:operation>
  </wsdl:portType>
  <wsdl:binding name="GR_ServicesNCSoap" type="tns:GR_ServicesNCSoap">
    <soap:binding transport="http://schemas.xmlsoap.org/soap/http"/>
    <wsdl:operation name="ConsultaTitulo">
      <soap:operation soapAction="http://tempuri.org/ConsultaTitulo" style="document"/>
      <wsdl:input>
        <soap:body use="literal"/>
      </wsdl:input>
      <wsdl:output>
        <soap:body use="literal"/>
      </wsdl:output>
    </wsdl:operation>
    <wsdl:operation name="ConsultaTitulo2">
      <soap:operation soapAction="http://tempuri.org/ConsultaTitulo2" style="document"/>
      <wsdl:input>
        <soap:body use="literal"/>
      </wsdl:input>
      <wsdl:output>
        <soap:body use="literal"/>
      </wsdl:output>
    </wsdl:operation>
    <wsdl:operation name="Teste">
      <soap:operation soapAction="http://tempuri.org/Teste" style="document"/>
      <wsdl:input>
        <soap:body use="literal"/>
      </wsdl:input>
      <wsdl:output>
        <soap:body use="literal"/>
      </wsdl:output>
    </wsdl:operation>
  </wsdl:binding>
  <wsdl:binding name="GR_ServicesNCSoap12" type="tns:GR_ServicesNCSoap">
    <soap12:binding transport="http://schemas.xmlsoap.org/soap/http"/>
    <wsdl:operation name="ConsultaTitulo">
      <soap12:operation soapAction="http://tempuri.org/ConsultaTitulo" style="document"/>
      <wsdl:input>
        <soap12:body use="literal"/>
      </wsdl:input>
      <wsdl:output>
        <soap12:body use="literal"/>
      </wsdl:output>
    </wsdl:operation>
    <wsdl:operation name="ConsultaTitulo2">
      <soap12:operation soapAction="http://tempuri.org/ConsultaTitulo2" style="document"/>
      <wsdl:input>
        <soap12:body use="literal"/>
      </wsdl:input>
      <wsdl:output>
        <soap12:body use="literal"/>
      </wsdl:output>
    </wsdl:operation>
    <wsdl:operation name="Teste">
      <soap12:operation soapAction="http://tempuri.org/Teste" style="document"/>
      <wsdl:input>
        <soap12:body use="literal"/>
      </wsdl:input>
      <wsdl:output>
        <soap12:body use="literal"/>
      </wsdl:output>
    </wsdl:operation>
  </wsdl:binding>
  <wsdl:binding name="GR_ServicesNCHttpGet" type="tns:GR_ServicesNCHttpGet">
    <http:binding verb="GET"/>
    <wsdl:operation name="ConsultaTitulo">
      <http:operation location="/ConsultaTitulo"/>
      <wsdl:input>
        <http:urlEncoded/>
      </wsdl:input>
      <wsdl:output>
        <mime:mimeXml part="Body"/>
      </wsdl:output>
    </wsdl:operation>
    <wsdl:operation name="ConsultaTitulo2">
      <http:operation location="/ConsultaTitulo2"/>
      <wsdl:input>
        <http:urlEncoded/>
      </wsdl:input>
      <wsdl:output>
        <mime:mimeXml part="Body"/>
      </wsdl:output>
    </wsdl:operation>
    <wsdl:operation name="Teste">
      <http:operation location="/Teste"/>
      <wsdl:input>
        <http:urlEncoded/>
      </wsdl:input>
      <wsdl:output/>
    </wsdl:operation>
  </wsdl:binding>
  <wsdl:binding name="GR_ServicesNCHttpPost" type="tns:GR_ServicesNCHttpPost">
    <http:binding verb="POST"/>
    <wsdl:operation name="ConsultaTitulo">
      <http:operation location="/ConsultaTitulo"/>
      <wsdl:input>
        <mime:content type="application/x-www-form-urlencoded"/>
      </wsdl:input>
      <wsdl:output>
        <mime:mimeXml part="Body"/>
      </wsdl:output>
    </wsdl:operation>
    <wsdl:operation name="ConsultaTitulo2">
      <http:operation location="/ConsultaTitulo2"/>
      <wsdl:input>
        <mime:content type="application/x-www-form-urlencoded"/>
      </wsdl:input>
      <wsdl:output>
        <mime:mimeXml part="Body"/>
      </wsdl:output>
    </wsdl:operation>
    <wsdl:operation name="Teste">
      <http:operation location="/Teste"/>
      <wsdl:input>
        <mime:content type="application/x-www-form-urlencoded"/>
      </wsdl:input>
      <wsdl:output/>
    </wsdl:operation>
  </wsdl:binding>
  <wsdl:service name="GR_ServicesNC">
    <wsdl:port name="GR_ServicesNCSoap" binding="tns:GR_ServicesNCSoap">
      <soap:address location="http://corebancario-hmg.modal.net.br/sgr.net/WS/GR_ServicesNC.asmx"/>
    </wsdl:port>
    <wsdl:port name="GR_ServicesNCSoap12" binding="tns:GR_ServicesNCSoap12">
      <soap12:address location="http://corebancario-hmg.modal.net.br/sgr.net/WS/GR_ServicesNC.asmx"/>
    </wsdl:port>
    <wsdl:port name="GR_ServicesNCHttpGet" binding="tns:GR_ServicesNCHttpGet">
      <http:address location="http://corebancario-hmg.modal.net.br/sgr.net/WS/GR_ServicesNC.asmx"/>
    </wsdl:port>
    <wsdl:port name="GR_ServicesNCHttpPost" binding="tns:GR_ServicesNCHttpPost">
      <http:address location="http://corebancario-hmg.modal.net.br/sgr.net/WS/GR_ServicesNC.asmx"/>
    </wsdl:port>
  </wsdl:service>
</wsdl:definitions>]]></con:content><con:type>http://schemas.xmlsoap.org/wsdl/</con:type></con:part></con:definitionCache><con:endpoints><con:endpoint>http://corebancario-hmg.modal.net.br/sgr.net/WS/GR_ServicesNC.asmx</con:endpoint></con:endpoints><con:operation id="ac3a38f9-d9fe-4722-a407-85959a42a826" isOneWay="false" action="http://tempuri.org/ConsultaTitulo" name="ConsultaTitulo" bindingOperationName="ConsultaTitulo" type="Request-Response" inputName="" receivesAttachments="false" sendsAttachments="false" anonymous="optional"><con:settings/><con:call id="9e6c6407-51f1-4114-b53b-79bd98fcfe6c" name="Request 1"><con:settings/><con:encoding>UTF-8</con:encoding><con:endpoint>http://corebancario-hmg.modal.net.br/sgr.net/WS/GR_ServicesNC.asmx</con:endpoint><con:request><![CDATA[<soap:Envelope xmlns:soap="http://www.w3.org/2003/05/soap-envelope" xmlns:tem="http://tempuri.org/">\r
   <soap:Header/>\r
   <soap:Body>\r
      <tem:ConsultaTitulo>\r
         <!--Optional:-->\r
         <tem:CodSistemaO>?</tem:CodSistemaO>\r
         <!--Optional:-->\r
         <tem:NumOrigem>?</tem:NumOrigem>\r
         <!--Optional:-->\r
         <tem:ISPBPartRecbdrPrincipal>?</tem:ISPBPartRecbdrPrincipal>\r
         <!--Optional:-->\r
         <tem:ISPBPartRecbdrAdmtd>?</tem:ISPBPartRecbdrAdmtd>\r
         <!--Optional:-->\r
         <tem:NumCodBarras>?</tem:NumCodBarras>\r
         <tem:Valor>?</tem:Valor>\r
         <tem:Timeout>?</tem:Timeout>\r
      </tem:ConsultaTitulo>\r
   </soap:Body>\r
</soap:Envelope>]]></con:request><con:credentials><con:authType>No Authorization</con:authType></con:credentials><con:jmsConfig JMSDeliveryMode="PERSISTENT"/><con:jmsPropertyConfig/><con:wsaConfig mustUnderstand="NONE" version="200508" action="http://tempuri.org/GR_ServicesNCSoap/ConsultaTituloRequest"/><con:wsrmConfig version="1.2"/></con:call></con:operation><con:operation id="831d5d85-71b6-4753-86f3-880b606e8a21" isOneWay="false" action="http://tempuri.org/ConsultaTitulo2" name="ConsultaTitulo2" bindingOperationName="ConsultaTitulo2" type="Request-Response" inputName="" receivesAttachments="false" sendsAttachments="false" anonymous="optional"><con:settings/><con:call id="b65a3419-a8ad-4200-b333-cf2582df7d96" name="Request 1"><con:settings><con:setting id="com.eviware.soapui.impl.wsdl.WsdlRequest@request-headers">&lt;xml-fragment/></con:setting></con:settings><con:encoding>UTF-8</con:encoding><con:endpoint>http://corebancario-hmg.modal.net.br/sgr.net/WS/GR_ServicesNC.asmx</con:endpoint><con:request><![CDATA[<soap:Envelope xmlns:soap="http://www.w3.org/2003/05/soap-envelope" xmlns:tem="http://tempuri.org/">\r
   <soap:Header/>\r
   <soap:Body>\r
      <tem:ConsultaTitulo2>\r
         <!--Optional:-->\r
         <tem:ISPBPartRecbdrPrincipal>30723886</tem:ISPBPartRecbdrPrincipal>\r
         <!--Optional:-->\r
         <tem:ISPBPartRecbdrAdmtd>30723886</tem:ISPBPartRecbdrAdmtd>\r
         <!--Optional:-->\r
         <tem:NumCodBarras>74692923700000020000001112000000200000040180</tem:NumCodBarras>\r
         <tem:Valor>0</tem:Valor>\r
         <tem:Timeout>10000</tem:Timeout>\r
      </tem:ConsultaTitulo2>\r
   </soap:Body>\r
</soap:Envelope>]]></con:request><con:credentials><con:authType>No Authorization</con:authType></con:credentials><con:jmsConfig JMSDeliveryMode="PERSISTENT"/><con:jmsPropertyConfig/><con:wsaConfig mustUnderstand="NONE" version="200508" action="http://tempuri.org/GR_ServicesNCSoap/ConsultaTitulo2Request"/><con:wsrmConfig version="1.2"/></con:call></con:operation><con:operation id="7a9888fe-71c6-41b7-8d81-d52ef658e33e" isOneWay="false" action="http://tempuri.org/Teste" name="Teste" bindingOperationName="Teste" type="Request-Response" inputName="" receivesAttachments="false" sendsAttachments="false" anonymous="optional"><con:settings/><con:call id="9c6479c4-3598-4c44-a38b-cdc8de8d06f6" name="Request 1"><con:settings/><con:encoding>UTF-8</con:encoding><con:endpoint>http://corebancario-hmg.modal.net.br/sgr.net/WS/GR_ServicesNC.asmx</con:endpoint><con:request><![CDATA[<soap:Envelope xmlns:soap="http://www.w3.org/2003/05/soap-envelope" xmlns:tem="http://tempuri.org/">\r
   <soap:Header/>\r
   <soap:Body>\r
      <tem:Teste>\r
         <!--Optional:-->\r
         <tem:StatusSgr>?</tem:StatusSgr>\r
         <!--Optional:-->\r
         <tem:StatusStr>?</tem:StatusStr>\r
         <!--Optional:-->\r
         <tem:NumOrigem>?</tem:NumOrigem>\r
         <!--Optional:-->\r
         <tem:NumOrigemOr>?</tem:NumOrigemOr>\r
         <!--Optional:-->\r
         <tem:NumCtrlSPB>?</tem:NumCtrlSPB>\r
         <!--Optional:-->\r
         <tem:CodErro>?</tem:CodErro>\r
         <tem:DataReserva>?</tem:DataReserva>\r
         <tem:DthrVencto>?</tem:DthrVencto>\r
         <!--Optional:-->\r
         <tem:XML>?</tem:XML>\r
      </tem:Teste>\r
   </soap:Body>\r
</soap:Envelope>]]></con:request><con:credentials><con:authType>No Authorization</con:authType></con:credentials><con:jmsConfig JMSDeliveryMode="PERSISTENT"/><con:jmsPropertyConfig/><con:wsaConfig mustUnderstand="NONE" version="200508" action="http://tempuri.org/GR_ServicesNCSoap/TesteRequest"/><con:wsrmConfig version="1.2"/></con:call></con:operation></con:interface><con:interface xsi:type="con:WsdlInterface" id="2761e2c0-5ff9-484f-8f70-7f342df6b156" wsaVersion="NONE" name="GR_ServicesNCSoap" type="wsdl" bindingName="{http://tempuri.org/}GR_ServicesNCSoap" soapVersion="1_1" anonymous="optional" definition="https://corebancario-hmg.modal.net.br/sgr.net/WS/GR_ServicesNC.asmx?wsdl" xmlns:xsi="http://www.w3.org/2001/XMLSchema-instance"><con:settings/><con:definitionCache type="TEXT" rootPart="https://corebancario-hmg.modal.net.br/sgr.net/WS/GR_ServicesNC.asmx?wsdl"><con:part><con:url>https://corebancario-hmg.modal.net.br/sgr.net/WS/GR_ServicesNC.asmx?wsdl</con:url><con:content><![CDATA[<wsdl:definitions targetNamespace="http://tempuri.org/" xmlns:s="http://www.w3.org/2001/XMLSchema" xmlns:soap12="http://schemas.xmlsoap.org/wsdl/soap12/" xmlns:http="http://schemas.xmlsoap.org/wsdl/http/" xmlns:mime="http://schemas.xmlsoap.org/wsdl/mime/" xmlns:tns="http://tempuri.org/" xmlns:soap="http://schemas.xmlsoap.org/wsdl/soap/" xmlns:tm="http://microsoft.com/wsdl/mime/textMatching/" xmlns:soapenc="http://schemas.xmlsoap.org/soap/encoding/" xmlns:wsdl="http://schemas.xmlsoap.org/wsdl/">
  <wsdl:types>
    <s:schema elementFormDefault="qualified" targetNamespace="http://tempuri.org/">
      <s:element name="ConsultaTitulo">
        <s:complexType>
          <s:sequence>
            <s:element minOccurs="0" maxOccurs="1" name="CodSistemaO" type="s:string"/>
            <s:element minOccurs="0" maxOccurs="1" name="NumOrigem" type="s:string"/>
            <s:element minOccurs="0" maxOccurs="1" name="ISPBPartRecbdrPrincipal" type="s:string"/>
            <s:element minOccurs="0" maxOccurs="1" name="ISPBPartRecbdrAdmtd" type="s:string"/>
            <s:element minOccurs="0" maxOccurs="1" name="NumCodBarras" type="s:string"/>
            <s:element minOccurs="1" maxOccurs="1" name="Valor" type="s:decimal"/>
            <s:element minOccurs="1" maxOccurs="1" name="Timeout" type="s:int"/>
          </s:sequence>
        </s:complexType>
      </s:element>
      <s:element name="ConsultaTituloResponse">
        <s:complexType>
          <s:sequence>
            <s:element minOccurs="0" maxOccurs="1" name="ConsultaTituloResult" type="tns:TORespostaR1"/>
          </s:sequence>
        </s:complexType>
      </s:element>
      <s:complexType name="TORespostaR1">
        <s:sequence>
          <s:element minOccurs="1" maxOccurs="1" name="CodErro" type="s:int"/>
          <s:element minOccurs="0" maxOccurs="1" name="DescErro" type="s:string"/>
          <s:element minOccurs="0" maxOccurs="1" name="XmlR1" type="s:string"/>
        </s:sequence>
      </s:complexType>
      <s:element name="ConsultaTitulo2">
        <s:complexType>
          <s:sequence>
            <s:element minOccurs="0" maxOccurs="1" name="ISPBPartRecbdrPrincipal" type="s:string"/>
            <s:element minOccurs="0" maxOccurs="1" name="ISPBPartRecbdrAdmtd" type="s:string"/>
            <s:element minOccurs="0" maxOccurs="1" name="NumCodBarras" type="s:string"/>
            <s:element minOccurs="1" maxOccurs="1" name="Valor" type="s:decimal"/>
            <s:element minOccurs="1" maxOccurs="1" name="Timeout" type="s:int"/>
          </s:sequence>
        </s:complexType>
      </s:element>
      <s:element name="ConsultaTitulo2Response">
        <s:complexType>
          <s:sequence>
            <s:element minOccurs="0" maxOccurs="1" name="ConsultaTitulo2Result" type="tns:TORespostaR1"/>
          </s:sequence>
        </s:complexType>
      </s:element>
      <s:element name="Teste">
        <s:complexType>
          <s:sequence>
            <s:element minOccurs="0" maxOccurs="1" name="StatusSgr" type="s:string"/>
            <s:element minOccurs="0" maxOccurs="1" name="StatusStr" type="s:string"/>
            <s:element minOccurs="0" maxOccurs="1" name="NumOrigem" type="s:string"/>
            <s:element minOccurs="0" maxOccurs="1" name="NumOrigemOr" type="s:string"/>
            <s:element minOccurs="0" maxOccurs="1" name="NumCtrlSPB" type="s:string"/>
            <s:element minOccurs="0" maxOccurs="1" name="CodErro" type="s:string"/>
            <s:element minOccurs="1" maxOccurs="1" name="DataReserva" type="s:dateTime"/>
            <s:element minOccurs="1" maxOccurs="1" name="DthrVencto" type="s:dateTime"/>
            <s:element minOccurs="0" maxOccurs="1" name="XML" type="s:string"/>
          </s:sequence>
        </s:complexType>
      </s:element>
      <s:element name="TesteResponse">
        <s:complexType/>
      </s:element>
      <s:element name="TORespostaR1" nillable="true" type="tns:TORespostaR1"/>
    </s:schema>
  </wsdl:types>
  <wsdl:message name="ConsultaTituloSoapIn">
    <wsdl:part name="parameters" element="tns:ConsultaTitulo"/>
  </wsdl:message>
  <wsdl:message name="ConsultaTituloSoapOut">
    <wsdl:part name="parameters" element="tns:ConsultaTituloResponse"/>
  </wsdl:message>
  <wsdl:message name="ConsultaTitulo2SoapIn">
    <wsdl:part name="parameters" element="tns:ConsultaTitulo2"/>
  </wsdl:message>
  <wsdl:message name="ConsultaTitulo2SoapOut">
    <wsdl:part name="parameters" element="tns:ConsultaTitulo2Response"/>
  </wsdl:message>
  <wsdl:message name="TesteSoapIn">
    <wsdl:part name="parameters" element="tns:Teste"/>
  </wsdl:message>
  <wsdl:message name="TesteSoapOut">
    <wsdl:part name="parameters" element="tns:TesteResponse"/>
  </wsdl:message>
  <wsdl:message name="ConsultaTituloHttpGetIn">
    <wsdl:part name="CodSistemaO" type="s:string"/>
    <wsdl:part name="NumOrigem" type="s:string"/>
    <wsdl:part name="ISPBPartRecbdrPrincipal" type="s:string"/>
    <wsdl:part name="ISPBPartRecbdrAdmtd" type="s:string"/>
    <wsdl:part name="NumCodBarras" type="s:string"/>
    <wsdl:part name="Valor" type="s:string"/>
    <wsdl:part name="Timeout" type="s:string"/>
  </wsdl:message>
  <wsdl:message name="ConsultaTituloHttpGetOut">
    <wsdl:part name="Body" element="tns:TORespostaR1"/>
  </wsdl:message>
  <wsdl:message name="ConsultaTitulo2HttpGetIn">
    <wsdl:part name="ISPBPartRecbdrPrincipal" type="s:string"/>
    <wsdl:part name="ISPBPartRecbdrAdmtd" type="s:string"/>
    <wsdl:part name="NumCodBarras" type="s:string"/>
    <wsdl:part name="Valor" type="s:string"/>
    <wsdl:part name="Timeout" type="s:string"/>
  </wsdl:message>
  <wsdl:message name="ConsultaTitulo2HttpGetOut">
    <wsdl:part name="Body" element="tns:TORespostaR1"/>
  </wsdl:message>
  <wsdl:message name="TesteHttpGetIn">
    <wsdl:part name="StatusSgr" type="s:string"/>
    <wsdl:part name="StatusStr" type="s:string"/>
    <wsdl:part name="NumOrigem" type="s:string"/>
    <wsdl:part name="NumOrigemOr" type="s:string"/>
    <wsdl:part name="NumCtrlSPB" type="s:string"/>
    <wsdl:part name="CodErro" type="s:string"/>
    <wsdl:part name="DataReserva" type="s:string"/>
    <wsdl:part name="DthrVencto" type="s:string"/>
    <wsdl:part name="XML" type="s:string"/>
  </wsdl:message>
  <wsdl:message name="TesteHttpGetOut"/>
  <wsdl:message name="ConsultaTituloHttpPostIn">
    <wsdl:part name="CodSistemaO" type="s:string"/>
    <wsdl:part name="NumOrigem" type="s:string"/>
    <wsdl:part name="ISPBPartRecbdrPrincipal" type="s:string"/>
    <wsdl:part name="ISPBPartRecbdrAdmtd" type="s:string"/>
    <wsdl:part name="NumCodBarras" type="s:string"/>
    <wsdl:part name="Valor" type="s:string"/>
    <wsdl:part name="Timeout" type="s:string"/>
  </wsdl:message>
  <wsdl:message name="ConsultaTituloHttpPostOut">
    <wsdl:part name="Body" element="tns:TORespostaR1"/>
  </wsdl:message>
  <wsdl:message name="ConsultaTitulo2HttpPostIn">
    <wsdl:part name="ISPBPartRecbdrPrincipal" type="s:string"/>
    <wsdl:part name="ISPBPartRecbdrAdmtd" type="s:string"/>
    <wsdl:part name="NumCodBarras" type="s:string"/>
    <wsdl:part name="Valor" type="s:string"/>
    <wsdl:part name="Timeout" type="s:string"/>
  </wsdl:message>
  <wsdl:message name="ConsultaTitulo2HttpPostOut">
    <wsdl:part name="Body" element="tns:TORespostaR1"/>
  </wsdl:message>
  <wsdl:message name="TesteHttpPostIn">
    <wsdl:part name="StatusSgr" type="s:string"/>
    <wsdl:part name="StatusStr" type="s:string"/>
    <wsdl:part name="NumOrigem" type="s:string"/>
    <wsdl:part name="NumOrigemOr" type="s:string"/>
    <wsdl:part name="NumCtrlSPB" type="s:string"/>
    <wsdl:part name="CodErro" type="s:string"/>
    <wsdl:part name="DataReserva" type="s:string"/>
    <wsdl:part name="DthrVencto" type="s:string"/>
    <wsdl:part name="XML" type="s:string"/>
  </wsdl:message>
  <wsdl:message name="TesteHttpPostOut"/>
  <wsdl:portType name="GR_ServicesNCSoap">
    <wsdl:operation name="ConsultaTitulo">
      <wsdl:input message="tns:ConsultaTituloSoapIn"/>
      <wsdl:output message="tns:ConsultaTituloSoapOut"/>
    </wsdl:operation>
    <wsdl:operation name="ConsultaTitulo2">
      <wsdl:input message="tns:ConsultaTitulo2SoapIn"/>
      <wsdl:output message="tns:ConsultaTitulo2SoapOut"/>
    </wsdl:operation>
    <wsdl:operation name="Teste">
      <wsdl:input message="tns:TesteSoapIn"/>
      <wsdl:output message="tns:TesteSoapOut"/>
    </wsdl:operation>
  </wsdl:portType>
  <wsdl:portType name="GR_ServicesNCHttpGet">
    <wsdl:operation name="ConsultaTitulo">
      <wsdl:input message="tns:ConsultaTituloHttpGetIn"/>
      <wsdl:output message="tns:ConsultaTituloHttpGetOut"/>
    </wsdl:operation>
    <wsdl:operation name="ConsultaTitulo2">
      <wsdl:input message="tns:ConsultaTitulo2HttpGetIn"/>
      <wsdl:output message="tns:ConsultaTitulo2HttpGetOut"/>
    </wsdl:operation>
    <wsdl:operation name="Teste">
      <wsdl:input message="tns:TesteHttpGetIn"/>
      <wsdl:output message="tns:TesteHttpGetOut"/>
    </wsdl:operation>
  </wsdl:portType>
  <wsdl:portType name="GR_ServicesNCHttpPost">
    <wsdl:operation name="ConsultaTitulo">
      <wsdl:input message="tns:ConsultaTituloHttpPostIn"/>
      <wsdl:output message="tns:ConsultaTituloHttpPostOut"/>
    </wsdl:operation>
    <wsdl:operation name="ConsultaTitulo2">
      <wsdl:input message="tns:ConsultaTitulo2HttpPostIn"/>
      <wsdl:output message="tns:ConsultaTitulo2HttpPostOut"/>
    </wsdl:operation>
    <wsdl:operation name="Teste">
      <wsdl:input message="tns:TesteHttpPostIn"/>
      <wsdl:output message="tns:TesteHttpPostOut"/>
    </wsdl:operation>
  </wsdl:portType>
  <wsdl:binding name="GR_ServicesNCSoap" type="tns:GR_ServicesNCSoap">
    <soap:binding transport="http://schemas.xmlsoap.org/soap/http"/>
    <wsdl:operation name="ConsultaTitulo">
      <soap:operation soapAction="http://tempuri.org/ConsultaTitulo" style="document"/>
      <wsdl:input>
        <soap:body use="literal"/>
      </wsdl:input>
      <wsdl:output>
        <soap:body use="literal"/>
      </wsdl:output>
    </wsdl:operation>
    <wsdl:operation name="ConsultaTitulo2">
      <soap:operation soapAction="http://tempuri.org/ConsultaTitulo2" style="document"/>
      <wsdl:input>
        <soap:body use="literal"/>
      </wsdl:input>
      <wsdl:output>
        <soap:body use="literal"/>
      </wsdl:output>
    </wsdl:operation>
    <wsdl:operation name="Teste">
      <soap:operation soapAction="http://tempuri.org/Teste" style="document"/>
      <wsdl:input>
        <soap:body use="literal"/>
      </wsdl:input>
      <wsdl:output>
        <soap:body use="literal"/>
      </wsdl:output>
    </wsdl:operation>
  </wsdl:binding>
  <wsdl:binding name="GR_ServicesNCSoap12" type="tns:GR_ServicesNCSoap">
    <soap12:binding transport="http://schemas.xmlsoap.org/soap/http"/>
    <wsdl:operation name="ConsultaTitulo">
      <soap12:operation soapAction="http://tempuri.org/ConsultaTitulo" style="document"/>
      <wsdl:input>
        <soap12:body use="literal"/>
      </wsdl:input>
      <wsdl:output>
        <soap12:body use="literal"/>
      </wsdl:output>
    </wsdl:operation>
    <wsdl:operation name="ConsultaTitulo2">
      <soap12:operation soapAction="http://tempuri.org/ConsultaTitulo2" style="document"/>
      <wsdl:input>
        <soap12:body use="literal"/>
      </wsdl:input>
      <wsdl:output>
        <soap12:body use="literal"/>
      </wsdl:output>
    </wsdl:operation>
    <wsdl:operation name="Teste">
      <soap12:operation soapAction="http://tempuri.org/Teste" style="document"/>
      <wsdl:input>
        <soap12:body use="literal"/>
      </wsdl:input>
      <wsdl:output>
        <soap12:body use="literal"/>
      </wsdl:output>
    </wsdl:operation>
  </wsdl:binding>
  <wsdl:binding name="GR_ServicesNCHttpGet" type="tns:GR_ServicesNCHttpGet">
    <http:binding verb="GET"/>
    <wsdl:operation name="ConsultaTitulo">
      <http:operation location="/ConsultaTitulo"/>
      <wsdl:input>
        <http:urlEncoded/>
      </wsdl:input>
      <wsdl:output>
        <mime:mimeXml part="Body"/>
      </wsdl:output>
    </wsdl:operation>
    <wsdl:operation name="ConsultaTitulo2">
      <http:operation location="/ConsultaTitulo2"/>
      <wsdl:input>
        <http:urlEncoded/>
      </wsdl:input>
      <wsdl:output>
        <mime:mimeXml part="Body"/>
      </wsdl:output>
    </wsdl:operation>
    <wsdl:operation name="Teste">
      <http:operation location="/Teste"/>
      <wsdl:input>
        <http:urlEncoded/>
      </wsdl:input>
      <wsdl:output/>
    </wsdl:operation>
  </wsdl:binding>
  <wsdl:binding name="GR_ServicesNCHttpPost" type="tns:GR_ServicesNCHttpPost">
    <http:binding verb="POST"/>
    <wsdl:operation name="ConsultaTitulo">
      <http:operation location="/ConsultaTitulo"/>
      <wsdl:input>
        <mime:content type="application/x-www-form-urlencoded"/>
      </wsdl:input>
      <wsdl:output>
        <mime:mimeXml part="Body"/>
      </wsdl:output>
    </wsdl:operation>
    <wsdl:operation name="ConsultaTitulo2">
      <http:operation location="/ConsultaTitulo2"/>
      <wsdl:input>
        <mime:content type="application/x-www-form-urlencoded"/>
      </wsdl:input>
      <wsdl:output>
        <mime:mimeXml part="Body"/>
      </wsdl:output>
    </wsdl:operation>
    <wsdl:operation name="Teste">
      <http:operation location="/Teste"/>
      <wsdl:input>
        <mime:content type="application/x-www-form-urlencoded"/>
      </wsdl:input>
      <wsdl:output/>
    </wsdl:operation>
  </wsdl:binding>
  <wsdl:service name="GR_ServicesNC">
    <wsdl:port name="GR_ServicesNCSoap" binding="tns:GR_ServicesNCSoap">
      <soap:address location="http://corebancario-hmg.modal.net.br/sgr.net/WS/GR_ServicesNC.asmx"/>
    </wsdl:port>
    <wsdl:port name="GR_ServicesNCSoap12" binding="tns:GR_ServicesNCSoap12">
      <soap12:address location="http://corebancario-hmg.modal.net.br/sgr.net/WS/GR_ServicesNC.asmx"/>
    </wsdl:port>
    <wsdl:port name="GR_ServicesNCHttpGet" binding="tns:GR_ServicesNCHttpGet">
      <http:address location="http://corebancario-hmg.modal.net.br/sgr.net/WS/GR_ServicesNC.asmx"/>
    </wsdl:port>
    <wsdl:port name="GR_ServicesNCHttpPost" binding="tns:GR_ServicesNCHttpPost">
      <http:address location="http://corebancario-hmg.modal.net.br/sgr.net/WS/GR_ServicesNC.asmx"/>
    </wsdl:port>
  </wsdl:service>
</wsdl:definitions>]]></con:content><con:type>http://schemas.xmlsoap.org/wsdl/</con:type></con:part></con:definitionCache><con:endpoints><con:endpoint>http://corebancario-hmg.modal.net.br/sgr.net/WS/GR_ServicesNC.asmx</con:endpoint></con:endpoints><con:operation id="b3589122-02f2-4309-9bc7-a8a14c6cb6de" isOneWay="false" action="http://tempuri.org/ConsultaTitulo" name="ConsultaTitulo" bindingOperationName="ConsultaTitulo" type="Request-Response" inputName="" receivesAttachments="false" sendsAttachments="false" anonymous="optional"><con:settings/><con:call id="e45d7d3a-544f-4a4a-a0d8-489e0923e3e7" name="Request 1"><con:settings><con:setting id="com.eviware.soapui.impl.wsdl.WsdlRequest@request-headers">&lt;xml-fragment/></con:setting></con:settings><con:encoding>UTF-8</con:encoding><con:endpoint>http://corebancario-hmg.modal.net.br/sgr.net/WS/GR_ServicesNC.asmx</con:endpoint><con:request><![CDATA[<soapenv:Envelope xmlns:soapenv="http://schemas.xmlsoap.org/soap/envelope/" xmlns:tem="http://tempuri.org/">\r
   <soapenv:Header/>\r
   <soapenv:Body>\r
      <tem:ConsultaTitulo>\r         
         <tem:CodSistemaO>CB</tem:CodSistemaO>\r         
         <tem:NumOrigem></tem:NumOrigem>\r         
         <tem:ISPBPartRecbdrPrincipal>30723886</tem:ISPBPartRecbdrPrincipal>\r         
         <tem:ISPBPartRecbdrAdmtd>30723886</tem:ISPBPartRecbdrAdmtd>\r         
         <tem:NumCodBarras>74691939700260011470001112000000100000041816</tem:NumCodBarras>\r
         <tem:Valor>0</tem:Valor>\r
         <tem:Timeout>10000</tem:Timeout>\r
      </tem:ConsultaTitulo>\r
   </soapenv:Body>\r
</soapenv:Envelope>]]></con:request><con:credentials><con:authType>No Authorization</con:authType></con:credentials><con:jmsConfig JMSDeliveryMode="PERSISTENT"/><con:jmsPropertyConfig/><con:wsaConfig mustUnderstand="NONE" version="200508" action="http://tempuri.org/ConsultaTitulo"/><con:wsrmConfig version="1.2"/></con:call></con:operation><con:operation id="3af52820-59af-4934-bda9-c27f00c088e9" isOneWay="false" action="http://tempuri.org/ConsultaTitulo2" name="ConsultaTitulo2" bindingOperationName="ConsultaTitulo2" type="Request-Response" inputName="" receivesAttachments="false" sendsAttachments="false" anonymous="optional"><con:settings/><con:call id="f546e516-363c-4d7c-9ed9-f180ec4a3fad" name="Request 1"><con:settings><con:setting id="com.eviware.soapui.impl.wsdl.WsdlRequest@request-headers">&lt;xml-fragment/></con:setting></con:settings><con:encoding>UTF-8</con:encoding><con:endpoint>http://corebancario-hmg.modal.net.br/sgr.net/WS/GR_ServicesNC.asmx</con:endpoint><con:request><![CDATA[<soapenv:Envelope xmlns:soapenv="http://schemas.xmlsoap.org/soap/envelope/" xmlns:tem="http://tempuri.org/">
   <soapenv:Header/>
   <soapenv:Body>
      <tem:ConsultaTitulo2>
         <!--Optional:-->
         <tem:ISPBPartRecbdrPrincipal>30723886</tem:ISPBPartRecbdrPrincipal>
         <!--Optional:-->
         <tem:ISPBPartRecbdrAdmtd>30723886</tem:ISPBPartRecbdrAdmtd>
         <!--Optional:-->
         <tem:NumCodBarras>23792936800000184004150060000052152209010000</tem:NumCodBarras>
         <tem:Valor>0</tem:Valor>
         <tem:Timeout>10000</tem:Timeout>
      </tem:ConsultaTitulo2>
   </soapenv:Body>
</soapenv:Envelope>]]></con:request><con:credentials><con:authType>No Authorization</con:authType></con:credentials><con:jmsConfig JMSDeliveryMode="PERSISTENT"/><con:jmsPropertyConfig/><con:wsaConfig mustUnderstand="NONE" version="200508" action="http://tempuri.org/ConsultaTitulo2"/><con:wsrmConfig version="1.2"/></con:call><con:call id="02cf9e3e-e0d1-47df-a068-e23dbdd8b0db" name="Request 2"><con:settings><con:setting id="com.eviware.soapui.impl.wsdl.WsdlRequest@request-headers">&lt;xml-fragment/></con:setting></con:settings><con:encoding>UTF-8</con:encoding><con:endpoint>http://corebancario-hmg.modal.net.br/sgr.net/WS/GR_ServicesNC.asmx</con:endpoint><con:request><![CDATA[<soapenv:Envelope xmlns:soapenv="http://schemas.xmlsoap.org/soap/envelope/" xmlns:tem="http://tempuri.org/">\r
   <soapenv:Header/>\r
   <soapenv:Body>\r
      <tem:ConsultaTitulo2>\r         
         <tem:ISPBPartRecbdrPrincipal>30723886</tem:ISPBPartRecbdrPrincipal>\r         
         <tem:ISPBPartRecbdrAdmtd>30723886</tem:ISPBPartRecbdrAdmtd>\r         
         <tem:NumCodBarras>74691942800250008520001112000000100000042780</tem:NumCodBarras>\r
         <tem:Valor>0</tem:Valor>\r
         <tem:Timeout>10000</tem:Timeout>\r
      </tem:ConsultaTitulo2>\r
   </soapenv:Body>\r
</soapenv:Envelope>]]></con:request><con:credentials><con:authType>No Authorization</con:authType></con:credentials><con:jmsConfig JMSDeliveryMode="PERSISTENT"/><con:jmsPropertyConfig/><con:wsaConfig mustUnderstand="NONE" version="200508" action="http://tempuri.org/ConsultaTitulo2"/><con:wsrmConfig version="1.2"/></con:call></con:operation><con:operation id="fcb14f51-9265-4fe6-8143-2eb4c2ff0101" isOneWay="false" action="http://tempuri.org/Teste" name="Teste" bindingOperationName="Teste" type="Request-Response" inputName="" receivesAttachments="false" sendsAttachments="false" anonymous="optional"><con:settings/><con:call id="13088e9e-945e-4a72-9c53-bf1f6025ebd5" name="Request 1"><con:settings/><con:encoding>UTF-8</con:encoding><con:endpoint>http://corebancario-hmg.modal.net.br/sgr.net/WS/GR_ServicesNC.asmx</con:endpoint><con:request><![CDATA[<soapenv:Envelope xmlns:soapenv="http://schemas.xmlsoap.org/soap/envelope/" xmlns:tem="http://tempuri.org/">\r
   <soapenv:Header/>\r
   <soapenv:Body>\r
      <tem:Teste>\r
         <!--Optional:-->\r
         <tem:StatusSgr>?</tem:StatusSgr>\r
         <!--Optional:-->\r
         <tem:StatusStr>?</tem:StatusStr>\r
         <!--Optional:-->\r
         <tem:NumOrigem>?</tem:NumOrigem>\r
         <!--Optional:-->\r
         <tem:NumOrigemOr>?</tem:NumOrigemOr>\r
         <!--Optional:-->\r
         <tem:NumCtrlSPB>?</tem:NumCtrlSPB>\r
         <!--Optional:-->\r
         <tem:CodErro>?</tem:CodErro>\r
         <tem:DataReserva>?</tem:DataReserva>\r
         <tem:DthrVencto>?</tem:DthrVencto>\r
         <!--Optional:-->\r
         <tem:XML>?</tem:XML>\r
      </tem:Teste>\r
   </soapenv:Body>\r
</soapenv:Envelope>]]></con:request><con:wsaConfig mustUnderstand="NONE" version="200508" action="http://tempuri.org/Teste"/></con:call></con:operation></con:interface><con:properties/><con:wssContainer/><con:oAuth2ProfileContainer/><con:oAuth1ProfileContainer/><con:sensitiveInformation/></con:soapui-project>