{
	"info": {
		"_postman_id": "7eb80703-7de5-4a6b-9da6-a753b7173de1",
		"name": "Smart.ContaCorrente",
		"schema": "https://schema.getpostman.com/json/collection/v2.1.0/collection.json"
	},
	"item": [
		{
			"name": "01-BloqueioJudicial",
			"item": [
				{
					"name": "01-PostBloqueio",
					"event": [
						{
							"listen": "prerequest",
							"script": {
								"exec": [
									"var varContaCorrente = 1;\r",
									"pm.variables.set(\"Conta\", varContaCorrente);"
								],
								"type": "text/javascript"
							}
						}
					],
					"request": {
						"method": "GET",
						"header": [],
						"url": {
							"raw": "{{HostSmartContaCorrente}}/SmartContaCorrenteAPI/api/BloqueioJudicial/{{Conta}}",
							"host": [
								"{{HostSmartContaCorrente}}"
							],
							"path": [
								"SmartContaCorrenteAPI",
								"api",
								"BloqueioJudicial",
								"{{Conta}}"
							]
						}
					},
					"response": []
				}
			]
		},
		{
			"name": "02-BloqueioSeguranca",
			"item": [
				{
					"name": "01-GetBloqueioSegurancaPorId",
					"event": [
						{
							"listen": "prerequest",
							"script": {
								"exec": [
									"var varID = 303;\r",
									"pm.variables.set(\"Id\", varID);"
								],
								"type": "text/javascript"
							}
						}
					],
					"request": {
						"method": "GET",
						"header": [],
						"url": {
							"raw": "{{HostSmartContaCorrente}}/SmartContaCorrenteAPI/api/bloqueioseguranca/{{Id}}",
							"host": [
								"{{HostSmartContaCorrente}}"
							],
							"path": [
								"SmartContaCorrenteAPI",
								"api",
								"bloqueioseguranca",
								"{{Id}}"
							]
						}
					},
					"response": []
				},
				{
					"name": "02-GetBloqueioSeguranca",
					"event": [
						{
							"listen": "prerequest",
							"script": {
								"exec": [
									""
								],
								"type": "text/javascript"
							}
						}
					],
					"request": {
						"method": "GET",
						"header": [],
						"url": {
							"raw": "{{HostSmartContaCorrente}}/SmartContaCorrenteAPI/api/bloqueioseguranca",
							"host": [
								"{{HostSmartContaCorrente}}"
							],
							"path": [
								"SmartContaCorrenteAPI",
								"api",
								"bloqueioseguranca"
							]
						}
					},
					"response": []
				}
			]
		},
		{
			"name": "03-ContaCliente",
			"item": [
				{
					"name": "01-GetContaCpf",
					"event": [
						{
							"listen": "prerequest",
							"script": {
								"exec": [
									"var varCpfCliente = \"24311082878\";\r",
									"pm.variables.set(\"cpfCliente\", varCpfCliente);"
								],
								"type": "text/javascript"
							}
						}
					],
					"request": {
						"method": "GET",
						"header": [],
						"url": {
							"raw": "{{HostSmartContaCorrente}}/SmartContaCorrenteAPI/api/contacliente/{{cpfCliente}}",
							"host": [
								"{{HostSmartContaCorrente}}"
							],
							"path": [
								"SmartContaCorrenteAPI",
								"api",
								"contacliente",
								"{{cpfCliente}}"
							]
						}
					},
					"response": []
				}
			]
		},
		{
			"name": "04-MovimentoBancario",
			"item": [
				{
					"name": "01-EfetivarNumeroMovimentoBancario",
					"event": [
						{
							"listen": "prerequest",
							"script": {
								"exec": [
									"var varNumeroMovimentoBancario = \"1\";\r",
									"pm.variables.set(\"numeromovimentobancario\",varNumeroMovimentoBancario);"
								],
								"type": "text/javascript"
							}
						}
					],
					"request": {
						"method": "PATCH",
						"header": [],
						"url": {
							"raw": "{{HostSmartContaCorrente}}/SmartContaCorrenteAPI/api/MovimentoBancario/{{numeromovimentobancario}}/Efetivar",
							"host": [
								"{{HostSmartContaCorrente}}"
							],
							"path": [
								"SmartContaCorrenteAPI",
								"api",
								"MovimentoBancario",
								"{{numeromovimentobancario}}",
								"Efetivar"
							]
						}
					},
					"response": []
				},
				{
					"name": "02-Efetivar",
					"event": [
						{
							"listen": "prerequest",
							"script": {
								"exec": [
									"var varNumeroMovimentoBancario = \"1\";\r",
									"var varMovimentoBancarioID = 20;\r",
									"var varNumeroMovimentoSolicatacaoCaixa = 30;\r",
									"\r",
									"pm.variables.set(\"movimentoBancarioID\",varMovimentoBancarioID);\r",
									"pm.variables.set(\"numeroMovimentoSolicitacaoCaixa\",varNumeroMovimentoSolicatacaoCaixa);\r",
									"pm.variables.set(\"usuarioID\",uuidv4());\r",
									"\r",
									"function uuidv4() {\r",
									"  return 'xxxxxxxx-xxxx-4xxx-yxxx-xxxxxxxxxxxx'.replace(/[xy]/g, function(c) {\r",
									"    var r = Math.random() * 16 | 0, v = c == 'x' ? r : (r & 0x3 | 0x8);\r",
									"    return v.toString(16);\r",
									"  });\r",
									"}"
								],
								"type": "text/javascript"
							}
						}
					],
					"request": {
						"method": "PATCH",
						"header": [],
						"body": {
							"mode": "raw",
							"raw": "{\r\n  \"xmlparametros\":\"<pars><par MovimentoBancarioID=\\\"{{movimentoBancarioID}}\\\" NumeroMovimentoSolicitacaoCaixa=\\\"{{numeroMovimentoSolicitacaoCaixa}}\\\" UsuarioID=\\\"{{usuarioID}}\\\" /></pars>\"\r\n}",
							"options": {
								"raw": {
									"language": "json"
								}
							}
						},
						"url": {
							"raw": "{{HostSmartContaCorrente}}/SmartContaCorrenteAPI/api/MovimentoBancario/Efetivar",
							"host": [
								"{{HostSmartContaCorrente}}"
							],
							"path": [
								"SmartContaCorrenteAPI",
								"api",
								"MovimentoBancario",
								"Efetivar"
							]
						}
					},
					"response": []
				},
				{
					"name": "03-Alterar",
					"event": [
						{
							"listen": "prerequest",
							"script": {
								"exec": [
									"var varMovimentoBancarioID = 20;\r",
									"var varNumeroMovimentoSolicatacaoCaixa = 30;\r",
									"\r",
									"pm.variables.set(\"movimentoBancarioID\",varMovimentoBancarioID);\r",
									"pm.variables.set(\"numeroMovimentoSolicitacaoCaixa\",varNumeroMovimentoSolicatacaoCaixa);\r",
									"pm.variables.set(\"usuarioID\",uuidv4());\r",
									"pm.variables.set(\"HistoricoBancarioID\",uuidv4());\r",
									"\r",
									"function uuidv4() {\r",
									"  return 'xxxxxxxx-xxxx-4xxx-yxxx-xxxxxxxxxxxx'.replace(/[xy]/g, function(c) {\r",
									"    var r = Math.random() * 16 | 0, v = c == 'x' ? r : (r & 0x3 | 0x8);\r",
									"    return v.toString(16);\r",
									"  });\r",
									"}"
								],
								"type": "text/javascript"
							}
						}
					],
					"request": {
						"method": "PATCH",
						"header": [],
						"body": {
							"mode": "raw",
							"raw": "{\r\n  \"xmlparametros\":\"<pars><par MovimentoBancarioID=\\\"{{movimentoBancarioID}}\\\" NumeroMovimentoSolicitacaoCaixa=\\\"{{numeroMovimentoSolicitacaoCaixa}}\\\" UsuarioID=\\\"{{usuarioID}}\\\" TipoDocumentoID=\\\"Banco\\\" TxtHistorico=\\\"Modal\\\" HistoricoBancarioID=\\\"{{HistoricoBancarioID}}\\\"  HistoricoBancarioTarifa=\\\"1989\\\"  /></pars>\"\r\n}",
							"options": {
								"raw": {
									"language": "json"
								}
							}
						},
						"url": {
							"raw": "{{HostSmartContaCorrente}}/SmartContaCorrenteAPI/api/MovimentoBancario/Alterar",
							"host": [
								"{{HostSmartContaCorrente}}"
							],
							"path": [
								"SmartContaCorrenteAPI",
								"api",
								"MovimentoBancario",
								"Alterar"
							]
						}
					},
					"response": []
				},
				{
					"name": "04-PostMovimentoBancario",
					"event": [
						{
							"listen": "prerequest",
							"script": {
								"exec": [
									"var varMovimentoBancarioID = 20;\r",
									"var varNumeroMovimentoSolicatacaoCaixa = 30;\r",
									"var varConta = 3242;\r",
									"var varDvConta = 5;\r",
									"var varBancoId = 1234;\r",
									"var varTipoContaId = uuidv4();\r",
									"var varValor = 10.65\r",
									"var varUsuarioID = uuidv4();\r",
									"var varDataMovimento = GeraData(2021,03,26)\r",
									"var varTraceBancoOnline = uuidv4()\r",
									"var varNumeroMovimentoBancario = 1981;\r",
									"var varIsSinacor = true;\r",
									"var varIsRequisicaoSIN = true;\r",
									"var varTipoDocumentoId = uuidv4();\r",
									"var varImpactaConta = true\r",
									"var varTxtHistorico = \"Historico\";\r",
									"var varHistoricoBancarioID = 234;\r",
									"var varSistemaID = 37;\r",
									"//FormataDataParaRequisicao(varData);\r",
									"\r",
									"pm.variables.set(\"movimentoBancarioID\",varMovimentoBancarioID);\r",
									"pm.variables.set(\"numeroMovimentoSolicitacaoCaixa\",varNumeroMovimentoSolicatacaoCaixa);\r",
									"pm.variables.set(\"usuarioID\",varUsuarioID);\r",
									"pm.variables.set(\"HistoricoBancarioID\",varHistoricoBancarioID);\r",
									"\r",
									"pm.variables.set(\"EmpresaID\",uuidv4());\r",
									"pm.variables.set(\"AgenciaID\",uuidv4());\r",
									"pm.variables.set(\"BancoID\",varBancoId);\r",
									"pm.variables.set(\"TipoContaId\",varTipoContaId);\r",
									"pm.variables.set(\"Conta\",varConta);\r",
									"pm.variables.set(\"SistemaID\",varSistemaID);\r",
									"pm.variables.set(\"DvConta\", varDvConta);\r",
									"pm.variables.set(\"Valor\", varValor);\r",
									"pm.variables.set(\"DataMovimento\", varDataMovimento);\r",
									"pm.variables.set(\"TraceBancoOnline\",varTraceBancoOnline);\r",
									"pm.variables.set(\"NumeroMovimentoBancario\",varNumeroMovimentoBancario);\r",
									"pm.variables.set(\"TipoDocumentoId\",varTipoDocumentoId);\r",
									"pm.variables.set(\"IsSinacor\",varIsSinacor);\r",
									"pm.variables.set(\"IsRequisicaoSIN\",varIsRequisicaoSIN);\r",
									"pm.variables.set(\"ImpactaConta\", varImpactaConta);\r",
									"pm.variables.set(\"TxtHistorico\",varTxtHistorico);\r",
									"pm.variables.set(\"SituacaoID\",uuidv4());\r",
									"\r",
									"\r",
									"function GeraData(ano, mes, dia){\r",
									"    return new Date(ano, --mes, dia);\r",
									"}\r",
									"\r",
									"function FormataDataParaRequisicao(valor){\r",
									"    var Dia =  FormataValor(\"\" + valor.getDate());\r",
									"    var Mes  = FormataValor(valor.getMonth() + 01 + \"\");\r",
									"    var Ano = \"\" + valor.getFullYear();\r",
									"    return Ano + \"-\" + Mes + \"-\" + Dia;    \r",
									"}\r",
									"\r",
									"function FormataValor(valor){\r",
									"    if((\"\" + valor).length == 1){\r",
									"        return \"0\" + valor;\r",
									"    }\r",
									"    return \"\" + valor;\r",
									"}\r",
									"\r",
									"\r",
									"function uuidv4() {\r",
									"  return 'xxxxxxxx-xxxx-4xxx-yxxx-xxxxxxxxxxxx'.replace(/[xy]/g, function(c) {\r",
									"    var r = Math.random() * 16 | 0, v = c == 'x' ? r : (r & 0x3 | 0x8);\r",
									"    return v.toString(16);\r",
									"  });\r",
									"}"
								],
								"type": "text/javascript"
							}
						}
					],
					"request": {
						"method": "POST",
						"header": [],
						"body": {
							"mode": "raw",
							"raw": "{\r\n  \"xmlparametros\":\"<pars><par EmpresaID=\\\"{{EmpresaID}}\\\" AgenciaID=\\\"{{AgenciaID}}\\\" BancoID=\\\"{{BancoID}}\\\" TipoContaID=\\\"{{TipoContaId}}\\\" Conta=\\\"{{Conta}}\\\" HistoricoBancarioId=\\\"{{HistoricoBancarioId}}\\\" SistemaID=\\\"{{SistemaID}}\\\" DvConta=\\\"{{DvConta}}\\\" UsuarioID=\\\"{{usuarioID}}\\\" Valor=\\\"{{Valor}}\\\" DataMovimento=\\\"{{DataMovimento}}\\\" TraceBancoOnline=\\\"{{TraceBancoOnline}}\\\"  NumeroMovimentoBancario=\\\"{{NumeroMovimentoBancario}}\\\" TipoDocumentoID=\\\"{{TipoDocumentoId}}\\\" IsSinacor=\\\"{{IsSinacor}}\\\" IsRequisicaoSIN=\\\"{{IsRequisicaoSIN}}\\\" ImpactaConta=\\\"{{ImpactaConta}}\\\" TxtHistorico=\\\"{{TxtHistorico}}\\\" SituacaoID=\\\"{{SituacaoID}}\\\"  /></pars>\"\r\n}",
							"options": {
								"raw": {
									"language": "json"
								}
							}
						},
						"url": {
							"raw": "{{HostSmartContaCorrente}}/SmartContaCorrenteAPI/api/MovimentoBancario",
							"host": [
								"{{HostSmartContaCorrente}}"
							],
							"path": [
								"SmartContaCorrenteAPI",
								"api",
								"MovimentoBancario"
							]
						}
					},
					"response": []
				},
				{
					"name": "05-CancelarMovimentoBancario",
					"event": [
						{
							"listen": "prerequest",
							"script": {
								"exec": [
									"var varMovimentoBancarioID = 4;\r",
									"var varUsuarioID = uuidv4();\r",
									"var varNumeroMovimentoBancario = 1;\r",
									"\r",
									"pm.variables.set(\"MovimentoBancarioID\",varMovimentoBancarioID);\r",
									"pm.variables.set(\"usuarioID\",varUsuarioID);\r",
									"pm.variables.set(\"NumeroMovimentoBancario\", varNumeroMovimentoBancario);\r",
									"\r",
									"function uuidv4() {\r",
									"  return 'xxxxxxxx-xxxx-4xxx-yxxx-xxxxxxxxxxxx'.replace(/[xy]/g, function(c) {\r",
									"    var r = Math.random() * 16 | 0, v = c == 'x' ? r : (r & 0x3 | 0x8);\r",
									"    return v.toString(16);\r",
									"  });\r",
									"}"
								],
								"type": "text/javascript"
							}
						}
					],
					"request": {
						"method": "DELETE",
						"header": [],
						"body": {
							"mode": "raw",
							"raw": "{\r\n    \"xmlparametros\":\"<pars><par UsuarioID=\\\"{{usuarioID}}\\\" NumeroMovimentoBancario=\\\"{{NumeroMovimentoBancario}}\\\" MovimentoBancarioID=\\\"{{MovimentoBancarioID}}\\\" /></pars>\"\r\n}",
							"options": {
								"raw": {
									"language": "json"
								}
							}
						},
						"url": {
							"raw": "{{HostSmartContaCorrente}}/SmartContaCorrenteAPI/api/MovimentoBancario",
							"host": [
								"{{HostSmartContaCorrente}}"
							],
							"path": [
								"SmartContaCorrenteAPI",
								"api",
								"MovimentoBancario"
							]
						}
					},
					"response": []
				},
				{
					"name": "06-AlterarMovimentoBancario",
					"event": [
						{
							"listen": "prerequest",
							"script": {
								"exec": [
									"var varMovimentoBancarioID = 4;\r",
									"var varUsuarioID = uuidv4();\r",
									"var varID = 0905;\r",
									"var varNumeroMovimentoSolicitacaoCaixa = 2;\r",
									"var varHistoricoBancarioId = uuidv4();\r",
									"var varHistoricoBancarioTarifa = 5;\r",
									"var varTxtHistorico = \"Historico\";\r",
									"var varTipoDocumentoId= \"Tipo Documento\";\r",
									"\r",
									"pm.variables.set(\"id\", varID);\r",
									"pm.variables.set(\"MovimentoBancarioID\",varMovimentoBancarioID);\r",
									"pm.variables.set(\"usuarioID\",varUsuarioID);\r",
									"pm.variables.set(\"NumeroMovimentoSolicitacaoCaixa\", varNumeroMovimentoSolicitacaoCaixa);\r",
									"pm.variables.set(\"HistoricoBancarioId\", varHistoricoBancarioId);\r",
									"pm.variables.set(\"HistoricoBancarioTarifa\", varHistoricoBancarioTarifa);\r",
									"pm.variables.set(\"TxtHistorico\", varTxtHistorico);\r",
									"pm.variables.set(\"TipoDocumentoId\", varTipoDocumentoId);\r",
									"\r",
									"function uuidv4() {\r",
									"  return 'xxxxxxxx-xxxx-4xxx-yxxx-xxxxxxxxxxxx'.replace(/[xy]/g, function(c) {\r",
									"    var r = Math.random() * 16 | 0, v = c == 'x' ? r : (r & 0x3 | 0x8);\r",
									"    return v.toString(16);\r",
									"  });\r",
									"}"
								],
								"type": "text/javascript"
							}
						}
					],
					"request": {
						"method": "PUT",
						"header": [],
						"body": {
							"mode": "raw",
							"raw": "{\r\n    \"xmlparametros\":\"<pars><par UsuarioID=\\\"{{usuarioID}}\\\" NumeroMovimentoSolicitacaoCaixa=\\\"{{NumeroMovimentoSolicitacaoCaixa}}\\\" MovimentoBancarioID=\\\"{{MovimentoBancarioID}}\\\" HistoricoBancarioID=\\\"{{HistoricoBancarioId}}\\\" HistoricoBancarioTarifa=\\\"{{HistoricoBancarioTarifa}}\\\" TxtHistorico=\\\"{{TxtHistorico}}\\\" TipoDocumentoID=\\\"{{TipoDocumentoId}}\\\" /></pars>\"\r\n}",
							"options": {
								"raw": {
									"language": "json"
								}
							}
						},
						"url": {
							"raw": "{{HostSmartContaCorrente}}/SmartContaCorrenteAPI/api/MovimentoBancario/{{id}}/Alterar",
							"host": [
								"{{HostSmartContaCorrente}}"
							],
							"path": [
								"SmartContaCorrenteAPI",
								"api",
								"MovimentoBancario",
								"{{id}}",
								"Alterar"
							]
						}
					},
					"response": []
				}
			]
		},
		{
			"name": "05-PIX",
			"item": [
				{
					"name": "01-Bloqueio",
					"event": [
						{
							"listen": "prerequest",
							"script": {
								"exec": [
									"var varConta = \"33\";\r",
									"var varAgencia = \"10\";\r",
									"var varCpfCnpj = \"1231231\";\r",
									"var varEndToEnd = \"EndToEnd\";\r",
									"var varNomeContraParte = \"Nome da contra parte\";\r",
									"var varNumeroConta = 2342;\r",
									"var varNumeroContaContraparte = \"23423\";\r",
									"var varTipoConta = 3;\r",
									"var varValor = 10.65;\r",
									"var varTrace = uuidv4();\r",
									"var varHistoricoBancario = 234;\r",
									"var varTextoHistorico = \"Texto Historico\";\r",
									"var varEhDevolucao = true;\r",
									"var varData = GeraData(2020,03,24);\r",
									"\r",
									"pm.variables.set(\"NumeroConta\",varConta);\r",
									"pm.variables.set(\"Agencia\",varAgencia);\r",
									"pm.variables.set(\"CpfCnpj\",varCpfCnpj);\r",
									"pm.variables.set(\"EndToEnd\",varEndToEnd);\r",
									"pm.variables.set(\"NomeContraParte\",varNomeContraParte);\r",
									"pm.variables.set(\"NumeroContaContraparte\",varNumeroContaContraparte);\r",
									"pm.variables.set(\"TipoConta\",varTipoConta);\r",
									"pm.variables.set(\"Valor\",varValor);\r",
									"pm.variables.set(\"Trace\",varTrace);\r",
									"pm.variables.set(\"HistoricoBancario\",varHistoricoBancario);\r",
									"pm.variables.set(\"TextoHistorico\",varTextoHistorico);\r",
									"pm.variables.set(\"EhDevolucao\",varEhDevolucao);\r",
									"pm.variables.set(\"Data\",varData);\r",
									"\r",
									"function uuidv4() {\r",
									"  return 'xxxxxxxx-xxxx-4xxx-yxxx-xxxxxxxxxxxx'.replace(/[xy]/g, function(c) {\r",
									"    var r = Math.random() * 16 | 0, v = c == 'x' ? r : (r & 0x3 | 0x8);\r",
									"    return v.toString(16);\r",
									"  });\r",
									"}\r",
									"\r",
									"function GeraData(ano, mes, dia){\r",
									"    return new Date(ano, --mes, dia);\r",
									"}\r",
									"\r",
									"function FormataDataParaRequisicao(valor){\r",
									"    var Dia =  FormataValor(\"\" + valor.getDate());\r",
									"    var Mes  = FormataValor(valor.getMonth() + 01 + \"\");\r",
									"    var Ano = \"\" + valor.getFullYear();\r",
									"    return Ano + \"-\" + Mes + \"-\" + Dia;    \r",
									"}\r",
									"\r",
									"function FormataValor(valor){\r",
									"    if((\"\" + valor).length == 1){\r",
									"        return \"0\" + valor;\r",
									"    }\r",
									"    return \"\" + valor;\r",
									"}"
								],
								"type": "text/javascript"
							}
						}
					],
					"request": {
						"method": "POST",
						"header": [],
						"body": {
							"mode": "raw",
							"raw": "{\r\n    \"Agencia\":\"{{Agencia}}\",\r\n    \"CpfCnpj\":\"{{CpfCnpj}}\",\r\n    \"EndToEnd\":\"{{EndToEnd}}\",\r\n    \"NomeContraParte\":\"{{NomeContraParte}}\",\r\n    \"NumeroConta\":{{NumeroConta}},\r\n    \"NumeroContaContraparte\":\"{{NumeroContaContraparte}}\",\r\n    \"TipoConta\":{{TipoConta}},\r\n    \"Valor\":{{Valor}},\r\n    \"HistoricoBancario\":{{HistoricoBancario}},\r\n    \"TextoHistorico\":\"{{TextoHistorico}}\",\r\n    \"EhDevolucao\":{{EhDevolucao}},\r\n    \"Data\":\"{{Data}}\",\r\n    \"Trace\":\"{{Trace}}\"\r\n\r\n}",
							"options": {
								"raw": {
									"language": "json"
								}
							}
						},
						"url": {
							"raw": "{{HostSmartContaCorrente}}/SmartContaCorrenteAPI/api/PIX/Bloqueio",
							"host": [
								"{{HostSmartContaCorrente}}"
							],
							"path": [
								"SmartContaCorrenteAPI",
								"api",
								"PIX",
								"Bloqueio"
							]
						}
					},
					"response": []
				},
				{
					"name": "02-Desbloqueio",
					"event": [
						{
							"listen": "prerequest",
							"script": {
								"exec": [
									"var varConta = \"33\";\r",
									"var varAgencia = \"10\";\r",
									"var varCpfCnpj = \"1231231\";\r",
									"var varEndToEnd = \"EndToEnd\";\r",
									"var varNomeContraParte = \"Nome da contra parte\";\r",
									"var varNumeroConta = 2342;\r",
									"var varNumeroContaContraparte = \"23423\";\r",
									"var varTipoConta = 3;\r",
									"var varValor = 10.65;\r",
									"var varTrace = uuidv4();\r",
									"var varHistoricoBancario = 234;\r",
									"var varTextoHistorico = \"Texto Historico\";\r",
									"var varEhDevolucao = true;\r",
									"var varData = GeraData(2020,03,24);\r",
									"\r",
									"pm.variables.set(\"NumeroConta\",varConta);\r",
									"pm.variables.set(\"Agencia\",varAgencia);\r",
									"pm.variables.set(\"CpfCnpj\",varCpfCnpj);\r",
									"pm.variables.set(\"EndToEnd\",varEndToEnd);\r",
									"pm.variables.set(\"NomeContraParte\",varNomeContraParte);\r",
									"pm.variables.set(\"NumeroContaContraparte\",varNumeroContaContraparte);\r",
									"pm.variables.set(\"TipoConta\",varTipoConta);\r",
									"pm.variables.set(\"Valor\",varValor);\r",
									"pm.variables.set(\"Trace\",varTrace);\r",
									"pm.variables.set(\"HistoricoBancario\",varHistoricoBancario);\r",
									"pm.variables.set(\"TextoHistorico\",varTextoHistorico);\r",
									"pm.variables.set(\"EhDevolucao\",varEhDevolucao);\r",
									"pm.variables.set(\"Data\",varData);\r",
									"\r",
									"function uuidv4() {\r",
									"  return 'xxxxxxxx-xxxx-4xxx-yxxx-xxxxxxxxxxxx'.replace(/[xy]/g, function(c) {\r",
									"    var r = Math.random() * 16 | 0, v = c == 'x' ? r : (r & 0x3 | 0x8);\r",
									"    return v.toString(16);\r",
									"  });\r",
									"}\r",
									"\r",
									"function GeraData(ano, mes, dia){\r",
									"    return new Date(ano, --mes, dia);\r",
									"}\r",
									"\r",
									"function FormataDataParaRequisicao(valor){\r",
									"    var Dia =  FormataValor(\"\" + valor.getDate());\r",
									"    var Mes  = FormataValor(valor.getMonth() + 01 + \"\");\r",
									"    var Ano = \"\" + valor.getFullYear();\r",
									"    return Ano + \"-\" + Mes + \"-\" + Dia;    \r",
									"}\r",
									"\r",
									"function FormataValor(valor){\r",
									"    if((\"\" + valor).length == 1){\r",
									"        return \"0\" + valor;\r",
									"    }\r",
									"    return \"\" + valor;\r",
									"}"
								],
								"type": "text/javascript"
							}
						}
					],
					"request": {
						"method": "POST",
						"header": [],
						"body": {
							"mode": "raw",
							"raw": "{\r\n    \"CodigoMovimentoBancario\":22,\r\n    \"Valor\":10\r\n}",
							"options": {
								"raw": {
									"language": "json"
								}
							}
						},
						"url": {
							"raw": "{{HostSmartContaCorrente}}/SmartContaCorrenteAPI/api/PIX/desbloqueio",
							"host": [
								"{{HostSmartContaCorrente}}"
							],
							"path": [
								"SmartContaCorrenteAPI",
								"api",
								"PIX",
								"desbloqueio"
							]
						}
					},
					"response": []
				},
				{
					"name": "03-ValidaConta",
					"event": [
						{
							"listen": "prerequest",
							"script": {
								"exec": [
									"var varAgencia = 2;\r",
									"var varCpfCnpj = 3;\r",
									"var varData = GeraData(2021,03,22);\r",
									"var varNatureza = \"C\";\r",
									"var varNumeroConta = 55;\r",
									"var varTipoConta = 44;\r",
									"var varValor = 10.98;\r",
									"\r",
									"pm.variables.set(\"Agencia\",varAgencia);\r",
									"pm.variables.set(\"CpfCnpj\",varCpfCnpj);\r",
									"pm.variables.set(\"Data\",varData);\r",
									"pm.variables.set(\"Natureza\",varNatureza);\r",
									"pm.variables.set(\"NumeroConta\",varNumeroConta);\r",
									"pm.variables.set(\"TipoConta\",varTipoConta);\r",
									"pm.variables.set(\"Valor\",varValor);\r",
									"\r",
									"function uuidv4() {\r",
									"  return 'xxxxxxxx-xxxx-4xxx-yxxx-xxxxxxxxxxxx'.replace(/[xy]/g, function(c) {\r",
									"    var r = Math.random() * 16 | 0, v = c == 'x' ? r : (r & 0x3 | 0x8);\r",
									"    return v.toString(16);\r",
									"  });\r",
									"}\r",
									"\r",
									"function GeraData(ano, mes, dia){\r",
									"    return new Date(ano, --mes, dia);\r",
									"}\r",
									"\r",
									"function FormataDataParaRequisicao(valor){\r",
									"    var Dia =  FormataValor(\"\" + valor.getDate());\r",
									"    var Mes  = FormataValor(valor.getMonth() + 01 + \"\");\r",
									"    var Ano = \"\" + valor.getFullYear();\r",
									"    return Ano + \"-\" + Mes + \"-\" + Dia;    \r",
									"}\r",
									"\r",
									"function FormataValor(valor){\r",
									"    if((\"\" + valor).length == 1){\r",
									"        return \"0\" + valor;\r",
									"    }\r",
									"    return \"\" + valor;\r",
									"}"
								],
								"type": "text/javascript"
							}
						}
					],
					"request": {
						"method": "POST",
						"header": [],
						"body": {
							"mode": "raw",
							"raw": "{\r\n    \"Agencia\":\"{{Agencia}}\",\r\n    \"CpfCnpj\":\"{{CpfCnpj}}\",\r\n    \"Data\":\"{{Data}}\",\r\n    \"Natureza\":\"{{Natureza}}\",\r\n    \"NumeroConta\":\"{{NumeroConta}}\",\r\n    \"TipoConta\":\"{{TipoConta}}\",\r\n    \"Valor\":{{Valor}}\r\n}",
							"options": {
								"raw": {
									"language": "json"
								}
							}
						},
						"url": {
							"raw": "{{HostSmartContaCorrente}}/SmartContaCorrenteAPI/api/PIX/ValidaConta",
							"host": [
								"{{HostSmartContaCorrente}}"
							],
							"path": [
								"SmartContaCorrenteAPI",
								"api",
								"PIX",
								"ValidaConta"
							]
						}
					},
					"response": []
				},
				{
					"name": "04-Movimento",
					"event": [
						{
							"listen": "prerequest",
							"script": {
								"exec": [
									"var varData = GeraData(2021,03,22);\r",
									"var varNumeroMovimento = 4;\r",
									"var varNumeroConta = 55;\r",
									"var varTextoHistorico = \"Texto Historico\";\r",
									"var varHistoricoBancario = 5555;\r",
									"var varValor = 10.98;\r",
									"var varTrace = uuidv4();\r",
									"\r",
									"pm.variables.set(\"Data\",varData);\r",
									"pm.variables.set(\"NumeroMovimento\",varNumeroMovimento);\r",
									"pm.variables.set(\"NumeroConta\",varNumeroConta);\r",
									"pm.variables.set(\"TextoHistorico\",varTextoHistorico);\r",
									"pm.variables.set(\"HistoricoBancario\",varHistoricoBancario);\r",
									"pm.variables.set(\"Valor\",varValor);\r",
									"pm.variables.set(\"Trace\",varTrace);\r",
									"\r",
									"\r",
									"function uuidv4() {\r",
									"  return 'xxxxxxxx-xxxx-4xxx-yxxx-xxxxxxxxxxxx'.replace(/[xy]/g, function(c) {\r",
									"    var r = Math.random() * 16 | 0, v = c == 'x' ? r : (r & 0x3 | 0x8);\r",
									"    return v.toString(16);\r",
									"  });\r",
									"}\r",
									"\r",
									"function GeraData(ano, mes, dia){\r",
									"    return new Date(ano, --mes, dia);\r",
									"}\r",
									"\r",
									"function FormataDataParaRequisicao(valor){\r",
									"    var Dia =  FormataValor(\"\" + valor.getDate());\r",
									"    var Mes  = FormataValor(valor.getMonth() + 01 + \"\");\r",
									"    var Ano = \"\" + valor.getFullYear();\r",
									"    return Ano + \"-\" + Mes + \"-\" + Dia;    \r",
									"}\r",
									"\r",
									"function FormataValor(valor){\r",
									"    if((\"\" + valor).length == 1){\r",
									"        return \"0\" + valor;\r",
									"    }\r",
									"    return \"\" + valor;\r",
									"}"
								],
								"type": "text/javascript"
							}
						}
					],
					"request": {
						"method": "POST",
						"header": [],
						"body": {
							"mode": "raw",
							"raw": "{\r\n    \"Data\":\"{{Data}}\",\r\n    \"NumeroConta\":\"{{NumeroConta}}\",    \r\n    \"Valor\":{{Valor}},\r\n    \"Trace\":\"{{Trace}}\",\r\n    \"TextoHistorico\":\"{{TextoHistorico}}\",\r\n    \"NumeroMovimento\":\"{{NumeroMovimento}}\",\r\n    \"HistoricoBancario\":{{HistoricoBancario}}\r\n}",
							"options": {
								"raw": {
									"language": "json"
								}
							}
						},
						"url": {
							"raw": "{{HostSmartContaCorrente}}/SmartContaCorrenteAPI/api/PIX/Movimento",
							"host": [
								"{{HostSmartContaCorrente}}"
							],
							"path": [
								"SmartContaCorrenteAPI",
								"api",
								"PIX",
								"Movimento"
							]
						}
					},
					"response": []
				},
				{
					"name": "05-GetNumeroConta",
					"request": {
						"method": "GET",
						"header": [],
						"url": {
							"raw": "{{HostSmartContaCorrente}}/SmartContaCorrenteAPI/api/PIX/Conta/33",
							"host": [
								"{{HostSmartContaCorrente}}"
							],
							"path": [
								"SmartContaCorrenteAPI",
								"api",
								"PIX",
								"Conta",
								"33"
							]
						}
					},
					"response": []
				}
			]
		},
		{
			"name": "06-ReplicaDados",
			"item": [
				{
					"name": "01-CdbAutomatico",
					"event": [
						{
							"listen": "prerequest",
							"script": {
								"exec": [
									"var varData = GeraData(2021,03,22);\r",
									"pm.variables.set(\"Data\",varData);\r",
									"\r",
									"function GeraData(ano, mes, dia){\r",
									"    return new Date(ano, --mes, dia);\r",
									"}\r",
									"\r",
									"function FormataDataParaRequisicao(valor){\r",
									"    var Dia =  FormataValor(\"\" + valor.getDate());\r",
									"    var Mes  = FormataValor(valor.getMonth() + 01 + \"\");\r",
									"    var Ano = \"\" + valor.getFullYear();\r",
									"    return Ano + \"-\" + Mes + \"-\" + Dia;    \r",
									"}\r",
									"\r",
									"function FormataValor(valor){\r",
									"    if((\"\" + valor).length == 1){\r",
									"        return \"0\" + valor;\r",
									"    }\r",
									"    return \"\" + valor;\r",
									"}"
								],
								"type": "text/javascript"
							}
						}
					],
					"request": {
						"method": "POST",
						"header": [],
						"body": {
							"mode": "raw",
							"raw": "{\r\n   \"Data\":\"{{Data}}\" \r\n}",
							"options": {
								"raw": {
									"language": "json"
								}
							}
						},
						"url": {
							"raw": "{{HostSmartContaCorrente}}/SmartContaCorrenteAPI/api/replicadados/cdbautomatico",
							"host": [
								"{{HostSmartContaCorrente}}"
							],
							"path": [
								"SmartContaCorrenteAPI",
								"api",
								"replicadados",
								"cdbautomatico"
							]
						}
					},
					"response": []
				}
			]
		}
	]
}