<?xml version="1.0" encoding="UTF-8"?>
<con:soapui-project id="2c3f88e5-b801-4c90-b60f-22f05c2b9ecb" activeEnvironment="Default" name="WS Cobrança HMG - Consulta 2" soapui-version="5.6.0" abortOnError="false" runType="SEQUENTIAL" xmlns:con="http://eviware.com/soapui/config"><con:settings/><con:interface xsi:type="con:WsdlInterface" id="28b33fdc-8577-474a-a692-1abbf425fb80" wsaVersion="NONE" name="CB_ServicesSoapBinding" type="wsdl" bindingName="{http://client.autbank.com.br}CB_ServicesSoapBinding" soapVersion="1_1" anonymous="optional" definition="http://corebancario-hmg.modal.net.br:8082/cb-clientws/services/CB_Services?wsdl" xmlns:xsi="http://www.w3.org/2001/XMLSchema-instance"><con:settings/><con:definitionCache type="TEXT" rootPart="http://corebancario-hmg.modal.net.br:8082/cb-clientws/services/CB_Services?wsdl"><con:part><con:url>http://corebancario-hmg.modal.net.br:8082/cb-clientws/services/CB_Services?wsdl</con:url><con:content><![CDATA[<wsdl:definitions targetNamespace="http://client.autbank.com.br" xmlns:apachesoap="http://xml.apache.org/xml-soap" xmlns:impl="http://client.autbank.com.br" xmlns:intf="http://client.autbank.com.br" xmlns:wsdl="http://schemas.xmlsoap.org/wsdl/" xmlns:wsdlsoap="http://schemas.xmlsoap.org/wsdl/soap/" xmlns:xsd="http://www.w3.org/2001/XMLSchema">
  <!--WSDL created by Apache Axis version: 1.4
Built on Apr 22, 2006 (06:55:48 PDT)-->
  <wsdl:types>
    <schema elementFormDefault="qualified" targetNamespace="http://client.autbank.com.br" xmlns="http://www.w3.org/2001/XMLSchema">
      <element name="listarTitulosDepositoPorSacado">
        <complexType>
          <sequence>
            <element name="cpfCnpjSacado" type="xsd:string"/>
            <element name="codProduto" type="xsd:string"/>
          </sequence>
        </complexType>
      </element>
      <element name="listarTitulosDepositoPorSacadoResponse">
        <complexType>
          <sequence>
            <element maxOccurs="unbounded" name="listarTitulosDepositoPorSacadoReturn" type="impl:TOListarTitulosDepositoPorSacado"/>
          </sequence>
        </complexType>
      </element>
      <complexType name="TOListarTitulosDepositoPorSacado">
        <sequence>
          <element name="codAgencia" nillable="true" type="xsd:string"/>
          <element name="codColigada" nillable="true" type="xsd:string"/>
          <element name="codErro" nillable="true" type="xsd:string"/>
          <element name="cpfCnpjBeneficiario" nillable="true" type="xsd:string"/>
          <element name="dataVencimento" nillable="true" type="xsd:string"/>
          <element name="linhaDigitavel" nillable="true" type="xsd:string"/>
          <element name="mensErro" nillable="true" type="xsd:string"/>
          <element name="nossoNumero" nillable="true" type="xsd:string"/>
          <element name="numCarteira" nillable="true" type="xsd:string"/>
          <element name="regCip" nillable="true" type="xsd:string"/>
          <element name="valor" nillable="true" type="xsd:decimal"/>
        </sequence>
      </complexType>
      <complexType name="TEException">
        <sequence>
          <element name="codErro" nillable="true" type="xsd:string"/>
          <element name="mensagem" nillable="true" type="xsd:string"/>
        </sequence>
      </complexType>
      <element name="fault" type="impl:TEException"/>
    </schema>
  </wsdl:types>
  <wsdl:message name="listarTitulosDepositoPorSacadoResponse">
    <wsdl:part element="impl:listarTitulosDepositoPorSacadoResponse" name="parameters"/>
  </wsdl:message>
  <wsdl:message name="TEException">
    <wsdl:part element="impl:fault" name="fault"/>
  </wsdl:message>
  <wsdl:message name="listarTitulosDepositoPorSacadoRequest">
    <wsdl:part element="impl:listarTitulosDepositoPorSacado" name="parameters"/>
  </wsdl:message>
  <wsdl:portType name="CB_Services">
    <wsdl:operation name="listarTitulosDepositoPorSacado">
      <wsdl:input message="impl:listarTitulosDepositoPorSacadoRequest" name="listarTitulosDepositoPorSacadoRequest"/>
      <wsdl:output message="impl:listarTitulosDepositoPorSacadoResponse" name="listarTitulosDepositoPorSacadoResponse"/>
      <wsdl:fault message="impl:TEException" name="TEException"/>
    </wsdl:operation>
  </wsdl:portType>
  <wsdl:binding name="CB_ServicesSoapBinding" type="impl:CB_Services">
    <wsdlsoap:binding style="document" transport="http://schemas.xmlsoap.org/soap/http"/>
    <wsdl:operation name="listarTitulosDepositoPorSacado">
      <wsdlsoap:operation soapAction=""/>
      <wsdl:input name="listarTitulosDepositoPorSacadoRequest">
        <wsdlsoap:body use="literal"/>
      </wsdl:input>
      <wsdl:output name="listarTitulosDepositoPorSacadoResponse">
        <wsdlsoap:body use="literal"/>
      </wsdl:output>
      <wsdl:fault name="TEException">
        <wsdlsoap:fault name="TEException" use="literal"/>
      </wsdl:fault>
    </wsdl:operation>
  </wsdl:binding>
  <wsdl:service name="CB_ServicesService">
    <wsdl:port binding="impl:CB_ServicesSoapBinding" name="CB_Services">
      <wsdlsoap:address location="http://corebancario-hmg.modal.net.br:8082/cb-clientws/services/CB_Services"/>
    </wsdl:port>
  </wsdl:service>
</wsdl:definitions>]]></con:content><con:type>http://schemas.xmlsoap.org/wsdl/</con:type></con:part></con:definitionCache><con:endpoints><con:endpoint>http://corebancario-hmg.modal.net.br:8082/cb-clientws/services/CB_Services</con:endpoint></con:endpoints><con:operation id="73bde60e-6a97-47ae-9ca2-073cb81240e5" isOneWay="false" action="" name="listarTitulosDepositoPorSacado" bindingOperationName="listarTitulosDepositoPorSacado" type="Request-Response" outputName="listarTitulosDepositoPorSacadoResponse" inputName="listarTitulosDepositoPorSacadoRequest" receivesAttachments="false" sendsAttachments="false" anonymous="optional"><con:settings/><con:call id="a19c24d2-053f-4a98-981e-f667fa47dadd" name="Request 1"><con:settings><con:setting id="com.eviware.soapui.impl.wsdl.WsdlRequest@request-headers">&lt;xml-fragment/></con:setting></con:settings><con:encoding>UTF-8</con:encoding><con:endpoint>http://corebancario-hmg.modal.net.br:8082/cb-clientws/services/CB_Services</con:endpoint><con:request><![CDATA[<soapenv:Envelope xmlns:soapenv="http://schemas.xmlsoap.org/soap/envelope/" xmlns:cli="http://client.autbank.com.br">\r
   <soapenv:Header/>\r
   <soapenv:Body>\r
      <cli:listarTitulosDepositoPorSacado>\r
         <cli:cpfCnpjSacado>000084073139045</cli:cpfCnpjSacado>\r
         <cli:codProduto></cli:codProduto>\r
      </cli:listarTitulosDepositoPorSacado>\r
   </soapenv:Body>\r
</soapenv:Envelope>]]></con:request><con:credentials><con:authType>No Authorization</con:authType></con:credentials><con:jmsConfig JMSDeliveryMode="PERSISTENT"/><con:jmsPropertyConfig/><con:wsaConfig mustUnderstand="NONE" version="200508" action="http://client.autbank.com.br/CB_Services/listarTitulosDepositoPorSacadoRequest"/><con:wsrmConfig version="1.2"/></con:call></con:operation></con:interface><con:properties/><con:wssContainer/><con:oAuth2ProfileContainer/><con:oAuth1ProfileContainer/></con:soapui-project>