<?xml version="1.0" encoding="UTF-8"?>
<con:soapui-project id="7ad8a312-c7c8-4553-8f55-5b7e75aba398" activeEnvironment="Default" name="WS Cobranca Consulta - HMG" soapui-version="5.6.0" abortOnError="false" runType="SEQUENTIAL" xmlns:con="http://eviware.com/soapui/config"><con:settings/><con:interface xsi:type="con:WsdlInterface" id="74cbf258-0127-40da-b81d-bbdabd6aec68" wsaVersion="NONE" name="CBNPC_ServicesSoapBinding" type="wsdl" bindingName="{http://client.autbank.com.br}CBNPC_ServicesSoapBinding" soapVersion="1_1" anonymous="optional" definition="http://corebancario-hmg.modal.net.br:8082/cb-clientws/services/CBNPC_Services?wsdl" xmlns:xsi="http://www.w3.org/2001/XMLSchema-instance"><con:settings/><con:definitionCache type="TEXT" rootPart="http://corebancario-hmg.modal.net.br:8082/cb-clientws/services/CBNPC_Services?wsdl"><con:part><con:url>http://corebancario-hmg.modal.net.br:8082/cb-clientws/services/CBNPC_Services?wsdl</con:url><con:content><![CDATA[<wsdl:definitions targetNamespace="http://client.autbank.com.br" xmlns:apachesoap="http://xml.apache.org/xml-soap" xmlns:impl="http://client.autbank.com.br" xmlns:intf="http://client.autbank.com.br" xmlns:wsdl="http://schemas.xmlsoap.org/wsdl/" xmlns:wsdlsoap="http://schemas.xmlsoap.org/wsdl/soap/" xmlns:xsd="http://www.w3.org/2001/XMLSchema">
  <!--WSDL created by Apache Axis version: 1.4
Built on Apr 22, 2006 (06:55:48 PDT)-->
  <wsdl:types>
    <schema elementFormDefault="qualified" targetNamespace="http://client.autbank.com.br" xmlns="http://www.w3.org/2001/XMLSchema">
      <element name="incluirTituloEmPrioridade">
        <complexType>
          <sequence>
            <element name="codCliente" type="xsd:string"/>
            <element name="numContaHeader" type="xsd:string"/>
            <element name="numCarteira" type="xsd:string"/>
            <element name="nossoNumero" type="xsd:string"/>
            <element name="codBanco" type="xsd:string"/>
            <element name="codModalBancos" type="xsd:string"/>
            <element name="nossoNumeroBancos" type="xsd:string"/>
            <element name="codEspecieDoc" type="xsd:string"/>
            <element name="vlrNominal" type="xsd:decimal"/>
            <element name="vlrAbatimento" type="xsd:decimal"/>
            <element name="dataEmissao" type="xsd:string"/>
            <element name="dataVencimento" type="xsd:string"/>
            <element name="seuNumero" type="xsd:string"/>
            <element name="aceite" type="xsd:string"/>
            <element name="cnpjCPF" type="xsd:string"/>
            <element name="tipoPessoa" type="xsd:string"/>
            <element name="nome" type="xsd:string"/>
            <element name="endereco" type="xsd:string"/>
            <element name="bairro" type="xsd:string"/>
            <element name="cidade" type="xsd:string"/>
            <element name="uf" type="xsd:string"/>
            <element name="cep" type="xsd:string"/>
            <element name="email" type="xsd:string"/>
            <element name="ddd" type="xsd:string"/>
            <element name="telefone" type="xsd:string"/>
            <element name="campoLivre" type="xsd:string"/>
            <element name="tipoPessoaSacador" type="xsd:string"/>
            <element name="cnpjCPFSacador" type="xsd:string"/>
            <element name="nomeSacador" type="xsd:string"/>
            <element name="enderecoSacador" type="xsd:string"/>
            <element name="bairroSacador" type="xsd:string"/>
            <element name="cepSacador" type="xsd:string"/>
            <element name="cidadeSacador" type="xsd:string"/>
            <element name="ufSacador" type="xsd:string"/>
            <element name="mensagem1" type="xsd:string"/>
            <element name="mensagem2" type="xsd:string"/>
            <element name="mensagem3" type="xsd:string"/>
            <element name="mensagem4" type="xsd:string"/>
            <element name="mensagem5" type="xsd:string"/>
            <element name="codDesconto1" type="xsd:string"/>
            <element name="vlrDesconto1" type="xsd:decimal"/>
            <element name="txDesconto1" type="xsd:decimal"/>
            <element name="dataDesconto1" type="xsd:string"/>
            <element name="codDesconto2" type="xsd:string"/>
            <element name="vlrDesconto2" type="xsd:decimal"/>
            <element name="txDesconto2" type="xsd:decimal"/>
            <element name="dataDesconto2" type="xsd:string"/>
            <element name="codDesconto3" type="xsd:string"/>
            <element name="vlrDesconto3" type="xsd:decimal"/>
            <element name="txDesconto3" type="xsd:decimal"/>
            <element name="dataDesconto3" type="xsd:string"/>
            <element name="codMulta" type="xsd:string"/>
            <element name="dataMulta" type="xsd:string"/>
            <element name="txMulta" type="xsd:decimal"/>
            <element name="vlrMulta" type="xsd:decimal"/>
            <element name="codMora" type="xsd:string"/>
            <element name="dataMora" type="xsd:string"/>
            <element name="txMora" type="xsd:decimal"/>
            <element name="vlrMora" type="xsd:decimal"/>
            <element name="possuiAgenda" type="xsd:string"/>
            <element name="tipoAgendamento" type="xsd:string"/>
            <element name="criterioDias" type="xsd:string"/>
            <element name="numDiasAgenda" type="xsd:int"/>
            <element name="codIndice" type="xsd:string"/>
            <element name="indPagtoParcial" type="xsd:string"/>
            <element name="qtdPagtosParciais" type="xsd:int"/>
            <element name="tipoVlrPercMinimo" type="xsd:string"/>
            <element name="vlrPercMinimo" type="xsd:decimal"/>
            <element name="tipoVlrPercMaximo" type="xsd:string"/>
            <element name="vlrPercMaximo" type="xsd:decimal"/>
            <element name="tipoAutRecDivergente" type="xsd:string"/>
            <element name="usuario" type="xsd:string"/>
            <element name="senha" type="xsd:string"/>
            <element name="codColigadaContaCreditar" type="xsd:string"/>
            <element name="codAgenciaContaCreditar" type="xsd:string"/>
            <element name="numContaCreditar" type="xsd:string"/>
          </sequence>
        </complexType>
      </element>
      <element name="incluirTituloEmPrioridadeResponse">
        <complexType>
          <sequence>
            <element name="incluirTituloEmPrioridadeReturn" type="impl:TOTituloPrioritarioCadastrado"/>
          </sequence>
        </complexType>
      </element>
      <complexType name="TOTituloPrioritarioCadastrado">
        <sequence>
          <element name="codAgencia" nillable="true" type="xsd:string"/>
          <element name="codAgenciaCob" nillable="true" type="xsd:string"/>
          <element name="codBanco" nillable="true" type="xsd:string"/>
          <element name="codBarras" nillable="true" type="xsd:string"/>
          <element name="codColigada" nillable="true" type="xsd:string"/>
          <element name="codErro" nillable="true" type="xsd:string"/>
          <element name="codModalBancos" nillable="true" type="xsd:string"/>
          <element name="indPagadorEletronico" nillable="true" type="xsd:int"/>
          <element name="linhaDigitavel" nillable="true" type="xsd:string"/>
          <element name="motivoErroCIP" nillable="true" type="xsd:string"/>
          <element name="msgErro" nillable="true" type="xsd:string"/>
          <element name="nossoNumero" nillable="true" type="xsd:string"/>
          <element name="nossoNumeroBancos" nillable="true" type="xsd:string"/>
          <element name="numCarteira" nillable="true" type="xsd:string"/>
          <element name="numIdentcDDA" nillable="true" type="xsd:string"/>
          <element name="sitInclusaoCIP" nillable="true" type="xsd:string"/>
        </sequence>
      </complexType>
      <element name="consultarPedidoInclusaoTitulo">
        <complexType>
          <sequence>
            <element name="codCliente" type="xsd:string"/>
            <element name="codColigada" type="xsd:string"/>
            <element name="codAgencia" type="xsd:string"/>
            <element name="numCarteira" type="xsd:string"/>
            <element name="nossoNumero" type="xsd:string"/>
            <element name="usuario" type="xsd:string"/>
            <element name="senha" type="xsd:string"/>
          </sequence>
        </complexType>
      </element>
      <element name="consultarPedidoInclusaoTituloResponse">
        <complexType>
          <sequence>
            <element name="consultarPedidoInclusaoTituloReturn" type="impl:TOSituacaoPedidoInclusaoTitulo"/>
          </sequence>
        </complexType>
      </element>
      <complexType name="TOSituacaoPedidoInclusaoTitulo">
        <sequence>
          <element name="codAgencia" nillable="true" type="xsd:string"/>
          <element name="codColigada" nillable="true" type="xsd:string"/>
          <element name="codErro" nillable="true" type="xsd:string"/>
          <element name="codRetornoCIP" nillable="true" type="xsd:string"/>
          <element name="motivoErroCIP" nillable="true" type="xsd:string"/>
          <element name="msgErro" nillable="true" type="xsd:string"/>
          <element name="nossoNumero" nillable="true" type="xsd:string"/>
          <element name="numCarteira" nillable="true" type="xsd:string"/>
          <element name="numIdentcDDA" nillable="true" type="xsd:string"/>
          <element name="sitInclusaoCIP" nillable="true" type="xsd:string"/>
        </sequence>
      </complexType>
      <element name="alterarVlrNominalVenctoTitulo">
        <complexType>
          <sequence>
            <element name="codCliente" type="xsd:string"/>
            <element name="codColigada" type="xsd:string"/>
            <element name="codAgencia" type="xsd:string"/>
            <element name="numCarteira" type="xsd:string"/>
            <element name="nossoNumero" type="xsd:string"/>
            <element name="vlrNominal" type="xsd:decimal"/>
            <element name="dataVencimento" type="xsd:string"/>
            <element name="qtdPagtosParciais" type="xsd:int"/>
            <element name="tipoVlrPercMinimo" type="xsd:string"/>
            <element name="vlrPercMinimo" type="xsd:decimal"/>
            <element name="tipoVlrPercMaximo" type="xsd:string"/>
            <element name="vlrPercMaximo" type="xsd:decimal"/>
            <element name="usuario" type="xsd:string"/>
            <element name="senha" type="xsd:string"/>
          </sequence>
        </complexType>
      </element>
      <element name="alterarVlrNominalVenctoTituloResponse">
        <complexType>
          <sequence>
            <element name="alterarVlrNominalVenctoTituloReturn" type="impl:TOVlrVenctoTituloAlterados"/>
          </sequence>
        </complexType>
      </element>
      <complexType name="TOVlrVenctoTituloAlterados">
        <sequence>
          <element name="codErro" nillable="true" type="xsd:string"/>
          <element name="motivoErroCIP" nillable="true" type="xsd:string"/>
          <element name="msgErro" nillable="true" type="xsd:string"/>
          <element name="numIdentcDDA" nillable="true" type="xsd:string"/>
          <element name="situacaoAlteracaoCIP" nillable="true" type="xsd:string"/>
        </sequence>
      </complexType>
      <element name="movBaixasCB">
        <complexType>
          <sequence>
            <element name="codColigada" type="xsd:string"/>
            <element name="codAgencia" type="xsd:string"/>
            <element name="numCarteira" type="xsd:string"/>
            <element name="nossoNumero" type="xsd:string"/>
            <element name="dataBaixa" type="xsd:string"/>
            <element name="codBaixa" type="xsd:string"/>
            <element name="cobrarTarifa" type="xsd:string"/>
            <element name="formaCadastramento" type="xsd:string"/>
            <element name="usuario" type="xsd:string"/>
            <element name="senha" type="xsd:string"/>
          </sequence>
        </complexType>
      </element>
      <element name="movBaixasCBResponse">
        <complexType>
          <sequence>
            <element name="movBaixasCBReturn" type="impl:TOMovRetorno"/>
          </sequence>
        </complexType>
      </element>
      <complexType name="TOMovRetorno">
        <sequence>
          <element name="mensErro" nillable="true" type="xsd:string"/>
          <element name="sqlErro" nillable="true" type="xsd:string"/>
        </sequence>
      </complexType>
      <element name="consultarPedidoAlteracaoVlrNominalVenctoTitulo">
        <complexType>
          <sequence>
            <element name="codCliente" type="xsd:string"/>
            <element name="codColigada" type="xsd:string"/>
            <element name="codAgencia" type="xsd:string"/>
            <element name="numCarteira" type="xsd:string"/>
            <element name="nossoNumero" type="xsd:string"/>
            <element name="usuario" type="xsd:string"/>
            <element name="senha" type="xsd:string"/>
            <element name="numCtrlLegado" type="xsd:string"/>
            <element name="dataLegado" type="xsd:string"/>
          </sequence>
        </complexType>
      </element>
      <element name="consultarPedidoAlteracaoVlrNominalVenctoTituloResponse">
        <complexType>
          <sequence>
            <element name="consultarPedidoAlteracaoVlrNominalVenctoTituloReturn" type="impl:TOSituacaoPedidoAlteracaoVlrNominalVenctoTitulo"/>
          </sequence>
        </complexType>
      </element>
      <complexType name="TOSituacaoPedidoAlteracaoVlrNominalVenctoTitulo">
        <sequence>
          <element name="codAgencia" nillable="true" type="xsd:string"/>
          <element name="codColigada" nillable="true" type="xsd:string"/>
          <element name="codErro" nillable="true" type="xsd:string"/>
          <element name="codRetornoCIP" nillable="true" type="xsd:string"/>
          <element name="motivoErroCIP" nillable="true" type="xsd:string"/>
          <element name="msgErro" nillable="true" type="xsd:string"/>
          <element name="nossoNumero" nillable="true" type="xsd:string"/>
          <element name="numCarteira" nillable="true" type="xsd:string"/>
          <element name="numIdentcDDA" nillable="true" type="xsd:string"/>
          <element name="sitAlteracaoCIP" nillable="true" type="xsd:string"/>
        </sequence>
      </complexType>
    </schema>
  </wsdl:types>
  <wsdl:message name="consultarPedidoInclusaoTituloRequest">
    <wsdl:part element="impl:consultarPedidoInclusaoTitulo" name="parameters"/>
  </wsdl:message>
  <wsdl:message name="alterarVlrNominalVenctoTituloResponse">
    <wsdl:part element="impl:alterarVlrNominalVenctoTituloResponse" name="parameters"/>
  </wsdl:message>
  <wsdl:message name="consultarPedidoInclusaoTituloResponse">
    <wsdl:part element="impl:consultarPedidoInclusaoTituloResponse" name="parameters"/>
  </wsdl:message>
  <wsdl:message name="incluirTituloEmPrioridadeResponse">
    <wsdl:part element="impl:incluirTituloEmPrioridadeResponse" name="parameters"/>
  </wsdl:message>
  <wsdl:message name="movBaixasCBRequest">
    <wsdl:part element="impl:movBaixasCB" name="parameters"/>
  </wsdl:message>
  <wsdl:message name="incluirTituloEmPrioridadeRequest">
    <wsdl:part element="impl:incluirTituloEmPrioridade" name="parameters"/>
  </wsdl:message>
  <wsdl:message name="consultarPedidoAlteracaoVlrNominalVenctoTituloResponse">
    <wsdl:part element="impl:consultarPedidoAlteracaoVlrNominalVenctoTituloResponse" name="parameters"/>
  </wsdl:message>
  <wsdl:message name="movBaixasCBResponse">
    <wsdl:part element="impl:movBaixasCBResponse" name="parameters"/>
  </wsdl:message>
  <wsdl:message name="consultarPedidoAlteracaoVlrNominalVenctoTituloRequest">
    <wsdl:part element="impl:consultarPedidoAlteracaoVlrNominalVenctoTitulo" name="parameters"/>
  </wsdl:message>
  <wsdl:message name="alterarVlrNominalVenctoTituloRequest">
    <wsdl:part element="impl:alterarVlrNominalVenctoTitulo" name="parameters"/>
  </wsdl:message>
  <wsdl:portType name="CBNPC_Services">
    <wsdl:operation name="incluirTituloEmPrioridade">
      <wsdl:input message="impl:incluirTituloEmPrioridadeRequest" name="incluirTituloEmPrioridadeRequest"/>
      <wsdl:output message="impl:incluirTituloEmPrioridadeResponse" name="incluirTituloEmPrioridadeResponse"/>
    </wsdl:operation>
    <wsdl:operation name="consultarPedidoInclusaoTitulo">
      <wsdl:input message="impl:consultarPedidoInclusaoTituloRequest" name="consultarPedidoInclusaoTituloRequest"/>
      <wsdl:output message="impl:consultarPedidoInclusaoTituloResponse" name="consultarPedidoInclusaoTituloResponse"/>
    </wsdl:operation>
    <wsdl:operation name="alterarVlrNominalVenctoTitulo">
      <wsdl:input message="impl:alterarVlrNominalVenctoTituloRequest" name="alterarVlrNominalVenctoTituloRequest"/>
      <wsdl:output message="impl:alterarVlrNominalVenctoTituloResponse" name="alterarVlrNominalVenctoTituloResponse"/>
    </wsdl:operation>
    <wsdl:operation name="movBaixasCB">
      <wsdl:input message="impl:movBaixasCBRequest" name="movBaixasCBRequest"/>
      <wsdl:output message="impl:movBaixasCBResponse" name="movBaixasCBResponse"/>
    </wsdl:operation>
    <wsdl:operation name="consultarPedidoAlteracaoVlrNominalVenctoTitulo">
      <wsdl:input message="impl:consultarPedidoAlteracaoVlrNominalVenctoTituloRequest" name="consultarPedidoAlteracaoVlrNominalVenctoTituloRequest"/>
      <wsdl:output message="impl:consultarPedidoAlteracaoVlrNominalVenctoTituloResponse" name="consultarPedidoAlteracaoVlrNominalVenctoTituloResponse"/>
    </wsdl:operation>
  </wsdl:portType>
  <wsdl:binding name="CBNPC_ServicesSoapBinding" type="impl:CBNPC_Services">
    <wsdlsoap:binding style="document" transport="http://schemas.xmlsoap.org/soap/http"/>
    <wsdl:operation name="incluirTituloEmPrioridade">
      <wsdlsoap:operation soapAction=""/>
      <wsdl:input name="incluirTituloEmPrioridadeRequest">
        <wsdlsoap:body use="literal"/>
      </wsdl:input>
      <wsdl:output name="incluirTituloEmPrioridadeResponse">
        <wsdlsoap:body use="literal"/>
      </wsdl:output>
    </wsdl:operation>
    <wsdl:operation name="consultarPedidoInclusaoTitulo">
      <wsdlsoap:operation soapAction=""/>
      <wsdl:input name="consultarPedidoInclusaoTituloRequest">
        <wsdlsoap:body use="literal"/>
      </wsdl:input>
      <wsdl:output name="consultarPedidoInclusaoTituloResponse">
        <wsdlsoap:body use="literal"/>
      </wsdl:output>
    </wsdl:operation>
    <wsdl:operation name="alterarVlrNominalVenctoTitulo">
      <wsdlsoap:operation soapAction=""/>
      <wsdl:input name="alterarVlrNominalVenctoTituloRequest">
        <wsdlsoap:body use="literal"/>
      </wsdl:input>
      <wsdl:output name="alterarVlrNominalVenctoTituloResponse">
        <wsdlsoap:body use="literal"/>
      </wsdl:output>
    </wsdl:operation>
    <wsdl:operation name="movBaixasCB">
      <wsdlsoap:operation soapAction=""/>
      <wsdl:input name="movBaixasCBRequest">
        <wsdlsoap:body use="literal"/>
      </wsdl:input>
      <wsdl:output name="movBaixasCBResponse">
        <wsdlsoap:body use="literal"/>
      </wsdl:output>
    </wsdl:operation>
    <wsdl:operation name="consultarPedidoAlteracaoVlrNominalVenctoTitulo">
      <wsdlsoap:operation soapAction=""/>
      <wsdl:input name="consultarPedidoAlteracaoVlrNominalVenctoTituloRequest">
        <wsdlsoap:body use="literal"/>
      </wsdl:input>
      <wsdl:output name="consultarPedidoAlteracaoVlrNominalVenctoTituloResponse">
        <wsdlsoap:body use="literal"/>
      </wsdl:output>
    </wsdl:operation>
  </wsdl:binding>
  <wsdl:service name="CBNPC_ServicesService">
    <wsdl:port binding="impl:CBNPC_ServicesSoapBinding" name="CBNPC_Services">
      <wsdlsoap:address location="http://corebancario-hmg.modal.net.br:8082/cb-clientws/services/CBNPC_Services"/>
    </wsdl:port>
  </wsdl:service>
</wsdl:definitions>]]></con:content><con:type>http://schemas.xmlsoap.org/wsdl/</con:type></con:part></con:definitionCache><con:endpoints><con:endpoint>http://corebancario-hmg.modal.net.br:8082/cb-clientws/services/CBNPC_Services</con:endpoint></con:endpoints><con:operation id="3a9b5da7-2ef6-474a-b354-495e7fff0f16" isOneWay="false" action="" name="alterarVlrNominalVenctoTitulo" bindingOperationName="alterarVlrNominalVenctoTitulo" type="Request-Response" outputName="alterarVlrNominalVenctoTituloResponse" inputName="alterarVlrNominalVenctoTituloRequest" receivesAttachments="false" sendsAttachments="false" anonymous="optional"><con:settings/><con:call id="1a0f41fa-b13d-44f1-96cb-9e7377840f84" name="Request 1"><con:settings/><con:encoding>UTF-8</con:encoding><con:endpoint>http://corebancario-hmg.modal.net.br:8082/cb-clientws/services/CBNPC_Services</con:endpoint><con:request><![CDATA[<soapenv:Envelope xmlns:soapenv="http://schemas.xmlsoap.org/soap/envelope/" xmlns:cli="http://client.autbank.com.br">\r
   <soapenv:Header/>\r
   <soapenv:Body>\r
      <cli:alterarVlrNominalVenctoTitulo>\r
         <cli:codCliente>?</cli:codCliente>\r
         <cli:codColigada>?</cli:codColigada>\r
         <cli:codAgencia>?</cli:codAgencia>\r
         <cli:numCarteira>?</cli:numCarteira>\r
         <cli:nossoNumero>?</cli:nossoNumero>\r
         <cli:vlrNominal>?</cli:vlrNominal>\r
         <cli:dataVencimento>?</cli:dataVencimento>\r
         <cli:qtdPagtosParciais>?</cli:qtdPagtosParciais>\r
         <cli:tipoVlrPercMinimo>?</cli:tipoVlrPercMinimo>\r
         <cli:vlrPercMinimo>?</cli:vlrPercMinimo>\r
         <cli:tipoVlrPercMaximo>?</cli:tipoVlrPercMaximo>\r
         <cli:vlrPercMaximo>?</cli:vlrPercMaximo>\r
         <cli:usuario>?</cli:usuario>\r
         <cli:senha>?</cli:senha>\r
      </cli:alterarVlrNominalVenctoTitulo>\r
   </soapenv:Body>\r
</soapenv:Envelope>]]></con:request><con:wsaConfig mustUnderstand="NONE" version="200508" action="http://client.autbank.com.br/CBNPC_Services/alterarVlrNominalVenctoTituloRequest"/></con:call></con:operation><con:operation id="a7aaf418-dc63-42be-9250-63193805e85a" isOneWay="false" action="" name="consultarPedidoAlteracaoVlrNominalVenctoTitulo" bindingOperationName="consultarPedidoAlteracaoVlrNominalVenctoTitulo" type="Request-Response" outputName="consultarPedidoAlteracaoVlrNominalVenctoTituloResponse" inputName="consultarPedidoAlteracaoVlrNominalVenctoTituloRequest" receivesAttachments="false" sendsAttachments="false" anonymous="optional"><con:settings/><con:call id="a12d8e73-abe0-4891-8020-279469bb783d" name="Request 1"><con:settings/><con:encoding>UTF-8</con:encoding><con:endpoint>http://corebancario-hmg.modal.net.br:8082/cb-clientws/services/CBNPC_Services</con:endpoint><con:request><![CDATA[<soapenv:Envelope xmlns:soapenv="http://schemas.xmlsoap.org/soap/envelope/" xmlns:cli="http://client.autbank.com.br">\r
   <soapenv:Header/>\r
   <soapenv:Body>\r
      <cli:consultarPedidoAlteracaoVlrNominalVenctoTitulo>\r
         <cli:codCliente>?</cli:codCliente>\r
         <cli:codColigada>?</cli:codColigada>\r
         <cli:codAgencia>?</cli:codAgencia>\r
         <cli:numCarteira>?</cli:numCarteira>\r
         <cli:nossoNumero>?</cli:nossoNumero>\r
         <cli:usuario>?</cli:usuario>\r
         <cli:senha>?</cli:senha>\r
         <cli:numCtrlLegado>?</cli:numCtrlLegado>\r
         <cli:dataLegado>?</cli:dataLegado>\r
      </cli:consultarPedidoAlteracaoVlrNominalVenctoTitulo>\r
   </soapenv:Body>\r
</soapenv:Envelope>]]></con:request><con:wsaConfig mustUnderstand="NONE" version="200508" action="http://client.autbank.com.br/CBNPC_Services/consultarPedidoAlteracaoVlrNominalVenctoTituloRequest"/></con:call></con:operation><con:operation id="545f9148-b437-4168-bff5-9049a3de7868" isOneWay="false" action="" name="consultarPedidoInclusaoTitulo" bindingOperationName="consultarPedidoInclusaoTitulo" type="Request-Response" outputName="consultarPedidoInclusaoTituloResponse" inputName="consultarPedidoInclusaoTituloRequest" receivesAttachments="false" sendsAttachments="false" anonymous="optional"><con:settings/><con:call id="d461ce85-e5b2-493e-8735-45f8eeaa36fb" name="Request 1"><con:settings><con:setting id="com.eviware.soapui.impl.wsdl.WsdlRequest@request-headers">&lt;xml-fragment/></con:setting></con:settings><con:encoding>UTF-8</con:encoding><con:endpoint>http://corebancario-hmg.modal.net.br:8082/cb-clientws/services/CBNPC_Services</con:endpoint><con:request><![CDATA[<soapenv:Envelope xmlns:soapenv="http://schemas.xmlsoap.org/soap/envelope/" xmlns:cli="http://client.autbank.com.br">\r
   <soapenv:Header/>\r
   <soapenv:Body>\r
      <cli:consultarPedidoInclusaoTitulo>\r
         <cli:codCliente>000000014</cli:codCliente>\r
         <cli:codColigada>001</cli:codColigada>\r
         <cli:codAgencia>00019</cli:codAgencia>\r
         <cli:numCarteira>112</cli:numCarteira>\r
         <cli:nossoNumero>00000032336</cli:nossoNumero>\r
         <cli:usuario>SUPERVISOR</cli:usuario>\r
         <cli:senha>00000</cli:senha>\r
      </cli:consultarPedidoInclusaoTitulo>\r
   </soapenv:Body>\r
</soapenv:Envelope>]]></con:request><con:credentials><con:authType>No Authorization</con:authType></con:credentials><con:jmsConfig JMSDeliveryMode="PERSISTENT"/><con:jmsPropertyConfig/><con:wsaConfig mustUnderstand="NONE" version="200508" action="http://client.autbank.com.br/CBNPC_Services/consultarPedidoInclusaoTituloRequest"/><con:wsrmConfig version="1.2"/></con:call></con:operation><con:operation id="490b5ba7-9050-4012-8aaa-0079f89b34ad" isOneWay="false" action="" name="incluirTituloEmPrioridade" bindingOperationName="incluirTituloEmPrioridade" type="Request-Response" outputName="incluirTituloEmPrioridadeResponse" inputName="incluirTituloEmPrioridadeRequest" receivesAttachments="false" sendsAttachments="false" anonymous="optional"><con:settings/><con:call id="7c8414d1-143f-4ad3-9cbf-21204d8cee05" name="Request 1"><con:settings/><con:encoding>UTF-8</con:encoding><con:endpoint>http://corebancario-hmg.modal.net.br:8082/cb-clientws/services/CBNPC_Services</con:endpoint><con:request><![CDATA[<soapenv:Envelope xmlns:soapenv="http://schemas.xmlsoap.org/soap/envelope/" xmlns:cli="http://client.autbank.com.br">\r
   <soapenv:Header/>\r
   <soapenv:Body>\r
      <cli:incluirTituloEmPrioridade>\r
         <cli:codCliente>?</cli:codCliente>\r
         <cli:numContaHeader>?</cli:numContaHeader>\r
         <cli:numCarteira>?</cli:numCarteira>\r
         <cli:nossoNumero>?</cli:nossoNumero>\r
         <cli:codBanco>?</cli:codBanco>\r
         <cli:codModalBancos>?</cli:codModalBancos>\r
         <cli:nossoNumeroBancos>?</cli:nossoNumeroBancos>\r
         <cli:codEspecieDoc>?</cli:codEspecieDoc>\r
         <cli:vlrNominal>?</cli:vlrNominal>\r
         <cli:vlrAbatimento>?</cli:vlrAbatimento>\r
         <cli:dataEmissao>?</cli:dataEmissao>\r
         <cli:dataVencimento>?</cli:dataVencimento>\r
         <cli:seuNumero>?</cli:seuNumero>\r
         <cli:aceite>?</cli:aceite>\r
         <cli:cnpjCPF>?</cli:cnpjCPF>\r
         <cli:tipoPessoa>?</cli:tipoPessoa>\r
         <cli:nome>?</cli:nome>\r
         <cli:endereco>?</cli:endereco>\r
         <cli:bairro>?</cli:bairro>\r
         <cli:cidade>?</cli:cidade>\r
         <cli:uf>?</cli:uf>\r
         <cli:cep>?</cli:cep>\r
         <cli:email>?</cli:email>\r
         <cli:ddd>?</cli:ddd>\r
         <cli:telefone>?</cli:telefone>\r
         <cli:campoLivre>?</cli:campoLivre>\r
         <cli:tipoPessoaSacador>?</cli:tipoPessoaSacador>\r
         <cli:cnpjCPFSacador>?</cli:cnpjCPFSacador>\r
         <cli:nomeSacador>?</cli:nomeSacador>\r
         <cli:enderecoSacador>?</cli:enderecoSacador>\r
         <cli:bairroSacador>?</cli:bairroSacador>\r
         <cli:cepSacador>?</cli:cepSacador>\r
         <cli:cidadeSacador>?</cli:cidadeSacador>\r
         <cli:ufSacador>?</cli:ufSacador>\r
         <cli:mensagem1>?</cli:mensagem1>\r
         <cli:mensagem2>?</cli:mensagem2>\r
         <cli:mensagem3>?</cli:mensagem3>\r
         <cli:mensagem4>?</cli:mensagem4>\r
         <cli:mensagem5>?</cli:mensagem5>\r
         <cli:codDesconto1>?</cli:codDesconto1>\r
         <cli:vlrDesconto1>?</cli:vlrDesconto1>\r
         <cli:txDesconto1>?</cli:txDesconto1>\r
         <cli:dataDesconto1>?</cli:dataDesconto1>\r
         <cli:codDesconto2>?</cli:codDesconto2>\r
         <cli:vlrDesconto2>?</cli:vlrDesconto2>\r
         <cli:txDesconto2>?</cli:txDesconto2>\r
         <cli:dataDesconto2>?</cli:dataDesconto2>\r
         <cli:codDesconto3>?</cli:codDesconto3>\r
         <cli:vlrDesconto3>?</cli:vlrDesconto3>\r
         <cli:txDesconto3>?</cli:txDesconto3>\r
         <cli:dataDesconto3>?</cli:dataDesconto3>\r
         <cli:codMulta>?</cli:codMulta>\r
         <cli:dataMulta>?</cli:dataMulta>\r
         <cli:txMulta>?</cli:txMulta>\r
         <cli:vlrMulta>?</cli:vlrMulta>\r
         <cli:codMora>?</cli:codMora>\r
         <cli:dataMora>?</cli:dataMora>\r
         <cli:txMora>?</cli:txMora>\r
         <cli:vlrMora>?</cli:vlrMora>\r
         <cli:possuiAgenda>?</cli:possuiAgenda>\r
         <cli:tipoAgendamento>?</cli:tipoAgendamento>\r
         <cli:criterioDias>?</cli:criterioDias>\r
         <cli:numDiasAgenda>?</cli:numDiasAgenda>\r
         <cli:codIndice>?</cli:codIndice>\r
         <cli:indPagtoParcial>?</cli:indPagtoParcial>\r
         <cli:qtdPagtosParciais>?</cli:qtdPagtosParciais>\r
         <cli:tipoVlrPercMinimo>?</cli:tipoVlrPercMinimo>\r
         <cli:vlrPercMinimo>?</cli:vlrPercMinimo>\r
         <cli:tipoVlrPercMaximo>?</cli:tipoVlrPercMaximo>\r
         <cli:vlrPercMaximo>?</cli:vlrPercMaximo>\r
         <cli:tipoAutRecDivergente>?</cli:tipoAutRecDivergente>\r
         <cli:usuario>?</cli:usuario>\r
         <cli:senha>?</cli:senha>\r
         <cli:codColigadaContaCreditar>?</cli:codColigadaContaCreditar>\r
         <cli:codAgenciaContaCreditar>?</cli:codAgenciaContaCreditar>\r
         <cli:numContaCreditar>?</cli:numContaCreditar>\r
      </cli:incluirTituloEmPrioridade>\r
   </soapenv:Body>\r
</soapenv:Envelope>]]></con:request><con:wsaConfig mustUnderstand="NONE" version="200508" action="http://client.autbank.com.br/CBNPC_Services/incluirTituloEmPrioridadeRequest"/></con:call></con:operation><con:operation id="ab392c18-17e0-4b37-93a5-f50a49b68c17" isOneWay="false" action="" name="movBaixasCB" bindingOperationName="movBaixasCB" type="Request-Response" outputName="movBaixasCBResponse" inputName="movBaixasCBRequest" receivesAttachments="false" sendsAttachments="false" anonymous="optional"><con:settings/><con:call id="4019d85d-873f-4995-bc3a-63e1ea94a07e" name="Request 1"><con:settings/><con:encoding>UTF-8</con:encoding><con:endpoint>http://corebancario-hmg.modal.net.br:8082/cb-clientws/services/CBNPC_Services</con:endpoint><con:request><![CDATA[<soapenv:Envelope xmlns:soapenv="http://schemas.xmlsoap.org/soap/envelope/" xmlns:cli="http://client.autbank.com.br">\r
   <soapenv:Header/>\r
   <soapenv:Body>\r
      <cli:movBaixasCB>\r
         <cli:codColigada>?</cli:codColigada>\r
         <cli:codAgencia>?</cli:codAgencia>\r
         <cli:numCarteira>?</cli:numCarteira>\r
         <cli:nossoNumero>?</cli:nossoNumero>\r
         <cli:dataBaixa>?</cli:dataBaixa>\r
         <cli:codBaixa>?</cli:codBaixa>\r
         <cli:cobrarTarifa>?</cli:cobrarTarifa>\r
         <cli:formaCadastramento>?</cli:formaCadastramento>\r
         <cli:usuario>?</cli:usuario>\r
         <cli:senha>?</cli:senha>\r
      </cli:movBaixasCB>\r
   </soapenv:Body>\r
</soapenv:Envelope>]]></con:request><con:wsaConfig mustUnderstand="NONE" version="200508" action="http://client.autbank.com.br/CBNPC_Services/movBaixasCBRequest"/></con:call></con:operation></con:interface><con:properties/><con:wssContainer/><con:oAuth2ProfileContainer/><con:oAuth1ProfileContainer/></con:soapui-project>