<?xml version="1.0" encoding="UTF-8"?>
<con:soapui-project id="56023a9e-4568-4564-ae1c-77392e52e036" activeEnvironment="Default" name="WS ServicesLT CB - HMG" soapui-version="5.6.0" abortOnError="false" runType="SEQUENTIAL" xmlns:con="http://eviware.com/soapui/config"><con:settings/><con:interface xsi:type="con:WsdlInterface" id="22468fbc-6e64-4669-a61b-7a834bf7576f" wsaVersion="NONE" name="CB_ServicesLTSoapBinding" type="wsdl" bindingName="{http://autbank.com.br}CB_ServicesLTSoapBinding" soapVersion="1_1" anonymous="optional" definition="http://corebancario-hmg.modal.net.br:8082/ABCBWS/services/CB_ServicesLT?wsdl" xmlns:xsi="http://www.w3.org/2001/XMLSchema-instance"><con:settings/><con:definitionCache type="TEXT" rootPart="http://corebancario-hmg.modal.net.br:8082/ABCBWS/services/CB_ServicesLT?wsdl"><con:part><con:url>http://corebancario-hmg.modal.net.br:8082/ABCBWS/services/CB_ServicesLT?wsdl</con:url><con:content><![CDATA[<wsdl:definitions targetNamespace="http://autbank.com.br" xmlns:apachesoap="http://xml.apache.org/xml-soap" xmlns:impl="http://autbank.com.br" xmlns:intf="http://autbank.com.br" xmlns:wsdl="http://schemas.xmlsoap.org/wsdl/" xmlns:wsdlsoap="http://schemas.xmlsoap.org/wsdl/soap/" xmlns:xsd="http://www.w3.org/2001/XMLSchema">
  <!--WSDL created by Apache Axis version: 1.4
Built on Apr 22, 2006 (06:55:48 PDT)-->
  <wsdl:types>
    <schema elementFormDefault="qualified" targetNamespace="http://autbank.com.br" xmlns="http://www.w3.org/2001/XMLSchema">
      <element name="insereOperacaoDesconto">
        <complexType>
          <sequence>
            <element name="codColigada" type="xsd:string"/>
            <element name="codAgencia" type="xsd:string"/>
            <element name="codCliente" type="xsd:string"/>
            <element name="codProduto" type="xsd:string"/>
            <element name="taxaJuros" type="xsd:decimal"/>
            <element name="tipoTaxaMora" type="xsd:string"/>
            <element name="taxaMora" type="xsd:decimal"/>
            <element name="dataInicio" type="xsd:string"/>
            <element name="codColigadaMovto" type="xsd:string"/>
            <element name="codAgenciaMovto" type="xsd:string"/>
            <element name="numContaMovto" type="xsd:string"/>
            <element name="floatCobNossa" type="xsd:int"/>
            <element name="floatCobBancos" type="xsd:int"/>
            <element name="vlrMontanteNegociado" type="xsd:decimal"/>
            <element name="vlrAntecipado" type="xsd:decimal"/>
            <element name="vlrTac" type="xsd:decimal"/>
            <element name="habilitadoTrocarCnab" type="xsd:string"/>
            <element name="represarEntradas" type="xsd:string"/>
            <element name="represarInstrucoes" type="xsd:string"/>
            <element name="temPrzMaximo" type="xsd:string"/>
            <element name="przMaximoAteVencto" type="xsd:int"/>
            <element name="mensag1Bloquete" type="xsd:string"/>
            <element name="mensag2Bloquete" type="xsd:string"/>
            <element name="bloqFrenteVerso" type="xsd:string"/>
            <element name="tipoLiberacao" type="xsd:string"/>
            <element name="codBanco_CtaExterna" type="xsd:string"/>
            <element name="codAgencia_CtaExterna" type="xsd:string"/>
            <element name="numConta_CtaExterna" type="xsd:string"/>
            <element name="codUsuarioManutencao" type="xsd:string"/>
          </sequence>
        </complexType>
      </element>
      <element name="insereOperacaoDescontoResponse">
        <complexType>
          <sequence>
            <element maxOccurs="unbounded" name="insereOperacaoDescontoReturn" type="xsd:string"/>
          </sequence>
        </complexType>
      </element>
      <complexType name="TEException">
        <sequence>
          <element name="codErro" nillable="true" type="xsd:string"/>
          <element name="mensagem" nillable="true" type="xsd:string"/>
        </sequence>
      </complexType>
      <element name="fault" type="impl:TEException"/>
      <element name="getCedenteWs">
        <complexType>
          <sequence>
            <element name="codCliente" type="xsd:string"/>
          </sequence>
        </complexType>
      </element>
      <element name="getCedenteWsResponse">
        <complexType>
          <sequence>
            <element name="getCedenteWsReturn" type="impl:TOCedenteRetWs"/>
          </sequence>
        </complexType>
      </element>
      <complexType name="TOCedenteRetWs">
        <sequence>
          <element name="acSeuNumeroDupl" nillable="true" type="xsd:string"/>
          <element name="acrescentaDDMM" nillable="true" type="xsd:string"/>
          <element name="assumirProtProduto" nillable="true" type="xsd:string"/>
          <element name="cargaAutomatica" nillable="true" type="xsd:string"/>
          <element name="codAgenciaMovto" nillable="true" type="xsd:string"/>
          <element name="codBanco" nillable="true" type="xsd:string"/>
          <element name="codCliente" nillable="true" type="xsd:string"/>
          <element name="codColigadaMovto" nillable="true" type="xsd:string"/>
          <element name="codErro" nillable="true" type="xsd:string"/>
          <element name="contaHeaderDefault" nillable="true" type="xsd:string"/>
          <element name="criterioSeuNumero" nillable="true" type="xsd:string"/>
          <element name="diretorioDestino" nillable="true" type="xsd:string"/>
          <element name="diretorioOrigem" nillable="true" type="xsd:string"/>
          <element name="gerarPreviaRetorno" nillable="true" type="xsd:string"/>
          <element name="habilitadoTrocarCnab" nillable="true" type="xsd:string"/>
          <element name="msgErro" nillable="true" type="xsd:string"/>
          <element name="nomeArqPadrao" nillable="true" type="xsd:string"/>
          <element name="nomeArqRetorno" nillable="true" type="xsd:string"/>
          <element name="nomeCliente" nillable="true" type="xsd:string"/>
          <element name="numContaMovto" nillable="true" type="xsd:string"/>
          <element name="numUltRetorno" nillable="true" type="xsd:string"/>
          <element name="taxaMora" nillable="true" type="xsd:decimal"/>
          <element name="temContaDefault" nillable="true" type="xsd:string"/>
          <element name="tfNovoCnab" nillable="true" type="xsd:string"/>
          <element name="tfNovoCnab400" nillable="true" type="xsd:string"/>
          <element name="tipoTaxaMora" nillable="true" type="xsd:string"/>
        </sequence>
      </complexType>
      <element name="incluirCedenteWs">
        <complexType>
          <sequence>
            <element name="codCliente" type="xsd:string"/>
            <element name="acSeuNumeroDupl" type="xsd:string"/>
            <element name="criterioSeuNumero" type="xsd:string"/>
            <element name="temContaDefault" type="xsd:string"/>
            <element name="codColigadaMovto" type="xsd:string"/>
            <element name="codAgenciaMovto" type="xsd:string"/>
            <element name="numContaMovto" type="xsd:string"/>
            <element name="codBanco" type="xsd:string"/>
            <element name="assumirProtProduto" type="xsd:string"/>
            <element name="tipoTaxaMora" type="xsd:string"/>
            <element name="taxaMora" type="xsd:decimal"/>
            <element name="habilitadoTrocarCnab" type="xsd:string"/>
            <element name="tfNovoCnab" type="xsd:string"/>
            <element name="tfNovoCnab400" type="xsd:string"/>
            <element name="gerarPreviaRetorno" type="xsd:string"/>
            <element name="contaHeaderDefault" type="xsd:string"/>
            <element name="nomeArqRetorno" type="xsd:string"/>
            <element name="cargaAutomatica" type="xsd:string"/>
            <element name="diretorioOrigem" type="xsd:string"/>
            <element name="diretorioDestino" type="xsd:string"/>
            <element name="nomeArqPadrao" type="xsd:string"/>
            <element name="acrescentaDDMM" type="xsd:string"/>
            <element name="codUsuario" type="xsd:string"/>
          </sequence>
        </complexType>
      </element>
      <element name="incluirCedenteWsResponse">
        <complexType>
          <sequence>
            <element name="incluirCedenteWsReturn" type="impl:TOIncluirCedenteRetWs"/>
          </sequence>
        </complexType>
      </element>
      <complexType name="TOIncluirCedenteRetWs">
        <sequence>
          <element name="codCliente" nillable="true" type="xsd:string"/>
          <element name="codErro" nillable="true" type="xsd:string"/>
          <element name="msgErro" nillable="true" type="xsd:string"/>
        </sequence>
      </complexType>
      <element name="simulaOperacaoDesconto">
        <complexType>
          <sequence>
            <element name="origem" type="xsd:string"/>
            <element name="nomeArqOrigem" type="xsd:string"/>
            <element name="codAgeOrigem" type="xsd:string"/>
            <element name="numBordero" type="xsd:string"/>
            <element name="dataCadastramento" type="xsd:string"/>
            <element name="taxaJuros" type="xsd:decimal"/>
            <element name="valorTac" type="xsd:decimal"/>
            <element name="usuario" type="xsd:string"/>
            <element name="senha" type="xsd:string"/>
          </sequence>
        </complexType>
      </element>
      <element name="simulaOperacaoDescontoResponse">
        <complexType>
          <sequence>
            <element maxOccurs="unbounded" name="simulaOperacaoDescontoReturn" type="impl:TOSimulacaoTDRetWs"/>
          </sequence>
        </complexType>
      </element>
      <complexType name="TOSimulacaoTDRetWs">
        <sequence>
          <element name="cnpjCpf" nillable="true" type="xsd:string"/>
          <element name="codAgencia" nillable="true" type="xsd:string"/>
          <element name="codColigada" nillable="true" type="xsd:string"/>
          <element name="codErro" nillable="true" type="xsd:string"/>
          <element name="dataVencimento" nillable="true" type="xsd:string"/>
          <element name="dataVenctoEfetivo" nillable="true" type="xsd:string"/>
          <element name="msgErro" nillable="true" type="xsd:string"/>
          <element name="numOperacao" nillable="true" type="xsd:string"/>
          <element name="seuNumero" nillable="true" type="xsd:string"/>
          <element name="tipoPesSacado" nillable="true" type="xsd:string"/>
          <element name="vlrIof" nillable="true" type="xsd:decimal"/>
          <element name="vlrIofAdicional" nillable="true" type="xsd:decimal"/>
          <element name="vlrJuros" nillable="true" type="xsd:decimal"/>
          <element name="vlrLiquido" nillable="true" type="xsd:decimal"/>
          <element name="vlrNominal" nillable="true" type="xsd:decimal"/>
          <element name="vlrTac" nillable="true" type="xsd:decimal"/>
          <element name="vlrTarifa" nillable="true" type="xsd:decimal"/>
        </sequence>
      </complexType>
      <element name="efetivaOperacaoDesconto">
        <complexType>
          <sequence>
            <element name="codColigada" type="xsd:string"/>
            <element name="codAgencia" type="xsd:string"/>
            <element name="numOperacao" type="xsd:string"/>
            <element name="taxaJuros" type="xsd:decimal"/>
            <element name="valorTac" type="xsd:decimal"/>
            <element name="usuario" type="xsd:string"/>
            <element name="senha" type="xsd:string"/>
          </sequence>
        </complexType>
      </element>
      <element name="efetivaOperacaoDescontoResponse">
        <complexType>
          <sequence>
            <element name="efetivaOperacaoDescontoReturn" type="impl:TOEfetivaTDRetWs"/>
          </sequence>
        </complexType>
      </element>
      <complexType name="TOEfetivaTDRetWs">
        <sequence>
          <element name="codErro" nillable="true" type="xsd:string"/>
          <element name="msgErro" nillable="true" type="xsd:string"/>
          <element name="numOperacao" nillable="true" type="xsd:string"/>
        </sequence>
      </complexType>
      <element name="francesaPorOperacao">
        <complexType>
          <sequence>
            <element name="codColigada" type="xsd:string"/>
            <element name="codCliente" type="xsd:string"/>
            <element name="codAgencia" type="xsd:string"/>
            <element name="codProduto" type="xsd:string"/>
            <element name="numOperacao" type="xsd:string"/>
            <element name="dataInicio" type="xsd:string"/>
            <element name="dataFim" type="xsd:string"/>
            <element name="usuario" type="xsd:string"/>
            <element name="senha" type="xsd:string"/>
          </sequence>
        </complexType>
      </element>
      <element name="francesaPorOperacaoResponse">
        <complexType>
          <sequence>
            <element maxOccurs="unbounded" name="francesaPorOperacaoReturn" type="impl:TOFrancesaOperacaoRetWs"/>
          </sequence>
        </complexType>
      </element>
      <complexType name="TOFrancesaOperacaoRetWs">
        <sequence>
          <element name="bairro" nillable="true" type="xsd:string"/>
          <element name="cep" nillable="true" type="xsd:string"/>
          <element name="cidade" nillable="true" type="xsd:string"/>
          <element name="classeEvento" nillable="true" type="xsd:string"/>
          <element name="codAgencia" nillable="true" type="xsd:string"/>
          <element name="codAgenciaLancar" nillable="true" type="xsd:string"/>
          <element name="codBaixa" nillable="true" type="xsd:string"/>
          <element name="codErro" nillable="true" type="xsd:string"/>
          <element name="codEvento" nillable="true" type="xsd:string"/>
          <element name="complemento" nillable="true" type="xsd:string"/>
          <element name="dataCadastramento" nillable="true" type="xsd:string"/>
          <element name="dataContabilLancar" nillable="true" type="xsd:string"/>
          <element name="dataPosicao" nillable="true" type="xsd:string"/>
          <element name="dataReferencia" nillable="true" type="xsd:string"/>
          <element name="dataVencimento" nillable="true" type="xsd:string"/>
          <element name="endereco" nillable="true" type="xsd:string"/>
          <element name="msgErro" nillable="true" type="xsd:string"/>
          <element name="nomeCliente" nillable="true" type="xsd:string"/>
          <element name="nomeEvento" nillable="true" type="xsd:string"/>
          <element name="nomeProduto" nillable="true" type="xsd:string"/>
          <element name="nomeSacado" nillable="true" type="xsd:string"/>
          <element name="nomeTipoBaixa" nillable="true" type="xsd:string"/>
          <element name="nossoNumero" nillable="true" type="xsd:string"/>
          <element name="numContaLancar" nillable="true" type="xsd:string"/>
          <element name="numOperacao" nillable="true" type="xsd:string"/>
          <element name="qtdEmCobranca" type="xsd:int"/>
          <element name="seqEvento" nillable="true" type="xsd:string"/>
          <element name="seuNumero" nillable="true" type="xsd:string"/>
          <element name="tipoMovtoQtde" nillable="true" type="xsd:string"/>
          <element name="tipoMovtoSaldo" nillable="true" type="xsd:string"/>
          <element name="tipoRegistro" type="xsd:int"/>
          <element name="uf" nillable="true" type="xsd:string"/>
          <element name="vlrAbatimento" nillable="true" type="xsd:decimal"/>
          <element name="vlrAtuMonetaria" nillable="true" type="xsd:decimal"/>
          <element name="vlrDescontos" nillable="true" type="xsd:decimal"/>
          <element name="vlrEmCobranca" nillable="true" type="xsd:decimal"/>
          <element name="vlrEncargos" nillable="true" type="xsd:decimal"/>
          <element name="vlrIof" nillable="true" type="xsd:decimal"/>
          <element name="vlrLancarConta" nillable="true" type="xsd:decimal"/>
          <element name="vlrMora" nillable="true" type="xsd:decimal"/>
          <element name="vlrMulta" nillable="true" type="xsd:decimal"/>
          <element name="vlrTarifa" nillable="true" type="xsd:decimal"/>
          <element name="vlrTitulo" nillable="true" type="xsd:decimal"/>
          <element name="vlrTotCredito" nillable="true" type="xsd:decimal"/>
          <element name="vlrTotDebito" nillable="true" type="xsd:decimal"/>
        </sequence>
      </complexType>
      <element name="inclusaoOperacaoSimplesVinCau">
        <complexType>
          <sequence>
            <element name="codColigada" type="xsd:string"/>
            <element name="codAgencia" type="xsd:string"/>
            <element name="codProduto" type="xsd:string"/>
            <element name="codCliente" type="xsd:string"/>
            <element name="dataInicio" type="xsd:string"/>
            <element name="diasDeRetencaoNossaCobranca" type="xsd:int"/>
            <element name="diasDeRetencaoCobrancaBancos" type="xsd:int"/>
            <element name="tipoTaxaMora" type="xsd:string"/>
            <element name="taxaMora" type="xsd:decimal"/>
            <element name="codColigadaContaMovimento" type="xsd:string"/>
            <element name="codAgenciaContaMovimento" type="xsd:string"/>
            <element name="numContaMovimento" type="xsd:string"/>
            <element name="codColigadaVinculada" type="xsd:string"/>
            <element name="codAgenciaVinculada" type="xsd:string"/>
            <element name="numContaVinculada" type="xsd:string"/>
            <element name="opeCreditoCliente" type="xsd:string"/>
            <element name="opeCreditoSistema" type="xsd:string"/>
            <element name="opeCreditoEmpresa" type="xsd:string"/>
            <element name="opeCreditoAgencia" type="xsd:string"/>
            <element name="opeCreditoNumero" type="xsd:string"/>
            <element name="codUsuario" type="xsd:string"/>
          </sequence>
        </complexType>
      </element>
      <element name="inclusaoOperacaoSimplesVinCauResponse">
        <complexType>
          <sequence>
            <element name="inclusaoOperacaoSimplesVinCauReturn" type="impl:TOIncluirOpeSimVinCauRetWs"/>
          </sequence>
        </complexType>
      </element>
      <complexType name="TOIncluirOpeSimVinCauRetWs">
        <sequence>
          <element name="codAgencia" nillable="true" type="xsd:string"/>
          <element name="codCliente" nillable="true" type="xsd:string"/>
          <element name="codColigada" nillable="true" type="xsd:string"/>
          <element name="codErro" nillable="true" type="xsd:string"/>
          <element name="codProduto" nillable="true" type="xsd:string"/>
          <element name="ctaHeader" nillable="true" type="xsd:string"/>
          <element name="mensErro" nillable="true" type="xsd:string"/>
          <element name="numOperacao" nillable="true" type="xsd:string"/>
        </sequence>
      </complexType>
      <element name="inclusaoFaixaNossoNumero">
        <complexType>
          <sequence>
            <element name="codBanco" type="xsd:string"/>
            <element name="codColigada" type="xsd:string"/>
            <element name="codAgencia" type="xsd:string"/>
            <element name="numOperacao" type="xsd:string"/>
            <element name="qtdeNumeros" type="xsd:int"/>
            <element name="codUsuario" type="xsd:string"/>
          </sequence>
        </complexType>
      </element>
      <element name="inclusaoFaixaNossoNumeroResponse">
        <complexType>
          <sequence>
            <element name="inclusaoFaixaNossoNumeroReturn" type="impl:TOInclusaoFaixaNossoNumeroRetWs"/>
          </sequence>
        </complexType>
      </element>
      <complexType name="TOInclusaoFaixaNossoNumeroRetWs">
        <sequence>
          <element name="codAgencia" nillable="true" type="xsd:string"/>
          <element name="codBanco" nillable="true" type="xsd:string"/>
          <element name="codColigada" nillable="true" type="xsd:string"/>
          <element name="codErro" nillable="true" type="xsd:string"/>
          <element name="codModalBancos" nillable="true" type="xsd:string"/>
          <element name="faixaFinal" nillable="true" type="xsd:string"/>
          <element name="faixaInicial" nillable="true" type="xsd:string"/>
          <element name="mensErro" nillable="true" type="xsd:string"/>
          <element name="numCarteira" nillable="true" type="xsd:string"/>
          <element name="numOperacao" nillable="true" type="xsd:string"/>
        </sequence>
      </complexType>
      <element name="consultaDadosPrincipaisTitulo">
        <complexType>
          <sequence>
            <element name="codColigada" type="xsd:string"/>
            <element name="codAgencia" type="xsd:string"/>
            <element name="numCarteira" type="xsd:string"/>
            <element name="nossoNumero" type="xsd:string"/>
          </sequence>
        </complexType>
      </element>
      <element name="consultaDadosPrincipaisTituloResponse">
        <complexType>
          <sequence>
            <element name="consultaDadosPrincipaisTituloReturn" type="impl:TOConsultaDadosPrincipaisTituloRetWs"/>
          </sequence>
        </complexType>
      </element>
      <complexType name="TOConsultaDadosPrincipaisTituloRetWs">
        <sequence>
          <element name="bairroSacado" nillable="true" type="xsd:string"/>
          <element name="bairroSacador" nillable="true" type="xsd:string"/>
          <element name="cepSacado" nillable="true" type="xsd:string"/>
          <element name="cepSacador" nillable="true" type="xsd:string"/>
          <element name="cidadeSacado" nillable="true" type="xsd:string"/>
          <element name="cidadeSacador" nillable="true" type="xsd:string"/>
          <element name="cnpjCpfSacado" nillable="true" type="xsd:string"/>
          <element name="cnpjCpfSacador" nillable="true" type="xsd:string"/>
          <element name="codAgencia" nillable="true" type="xsd:string"/>
          <element name="codAgenciaCobradora" nillable="true" type="xsd:string"/>
          <element name="codAgenciaPagto" nillable="true" type="xsd:string"/>
          <element name="codAgenciaRecebedora" nillable="true" type="xsd:string"/>
          <element name="codBaixa" nillable="true" type="xsd:string"/>
          <element name="codBancoCobrador" nillable="true" type="xsd:string"/>
          <element name="codBancoPagto" nillable="true" type="xsd:string"/>
          <element name="codBancoRecebedor" nillable="true" type="xsd:string"/>
          <element name="codCliente" nillable="true" type="xsd:string"/>
          <element name="codColigada" nillable="true" type="xsd:string"/>
          <element name="codDesconto01" nillable="true" type="xsd:string"/>
          <element name="codDesconto02" nillable="true" type="xsd:string"/>
          <element name="codDesconto03" nillable="true" type="xsd:string"/>
          <element name="codModalBancos" nillable="true" type="xsd:string"/>
          <element name="codMoedaCnab" nillable="true" type="xsd:string"/>
          <element name="codMora" nillable="true" type="xsd:string"/>
          <element name="codMulta" nillable="true" type="xsd:string"/>
          <element name="codProduto" nillable="true" type="xsd:string"/>
          <element name="codSituacao" nillable="true" type="xsd:string"/>
          <element name="criterioDias" nillable="true" type="xsd:string"/>
          <element name="dataAgendamento" nillable="true" type="xsd:string"/>
          <element name="dataCadastramento" nillable="true" type="xsd:string"/>
          <element name="dataCredito" nillable="true" type="xsd:string"/>
          <element name="dataCumprimento" nillable="true" type="xsd:string"/>
          <element name="dataDesconto01" nillable="true" type="xsd:string"/>
          <element name="dataDesconto02" nillable="true" type="xsd:string"/>
          <element name="dataDesconto03" nillable="true" type="xsd:string"/>
          <element name="dataSituacao" nillable="true" type="xsd:string"/>
          <element name="dataVencimento" nillable="true" type="xsd:string"/>
          <element name="endSacado" nillable="true" type="xsd:string"/>
          <element name="endSacador" nillable="true" type="xsd:string"/>
          <element name="nomeCliente" nillable="true" type="xsd:string"/>
          <element name="nomeSacado" nillable="true" type="xsd:string"/>
          <element name="nomeSacador" nillable="true" type="xsd:string"/>
          <element name="nossoNumero" nillable="true" type="xsd:string"/>
          <element name="nossoNumeroBancos" nillable="true" type="xsd:string"/>
          <element name="numCarteira" nillable="true" type="xsd:string"/>
          <element name="numDias" type="xsd:int"/>
          <element name="numIdentcDda" nillable="true" type="xsd:decimal"/>
          <element name="numOperacao" nillable="true" type="xsd:string"/>
          <element name="seuNumero" nillable="true" type="xsd:string"/>
          <element name="situacaoAgendamento" nillable="true" type="xsd:string"/>
          <element name="taxaDesconto01" nillable="true" type="xsd:decimal"/>
          <element name="taxaDesconto02" nillable="true" type="xsd:decimal"/>
          <element name="taxaDesconto03" nillable="true" type="xsd:decimal"/>
          <element name="taxaMora" nillable="true" type="xsd:decimal"/>
          <element name="taxaMulta" nillable="true" type="xsd:decimal"/>
          <element name="tipoAgendamento" nillable="true" type="xsd:string"/>
          <element name="tipoPessoaSacado" nillable="true" type="xsd:string"/>
          <element name="tipoPessoaSacador" nillable="true" type="xsd:string"/>
          <element name="ufSacado" nillable="true" type="xsd:string"/>
          <element name="ufSacador" nillable="true" type="xsd:string"/>
          <element name="vlrAbatimento" nillable="true" type="xsd:decimal"/>
          <element name="vlrAbatimentoRec" nillable="true" type="xsd:decimal"/>
          <element name="vlrDesconto01" nillable="true" type="xsd:decimal"/>
          <element name="vlrDesconto02" nillable="true" type="xsd:decimal"/>
          <element name="vlrDesconto03" nillable="true" type="xsd:decimal"/>
          <element name="vlrDescontoRec" nillable="true" type="xsd:decimal"/>
          <element name="vlrIofAtrasoRec" nillable="true" type="xsd:decimal"/>
          <element name="vlrMora" nillable="true" type="xsd:decimal"/>
          <element name="vlrMulta" nillable="true" type="xsd:decimal"/>
          <element name="vlrNominal" nillable="true" type="xsd:decimal"/>
          <element name="vlrNominalRec" nillable="true" type="xsd:decimal"/>
          <element name="vlrPercMoraRec" nillable="true" type="xsd:decimal"/>
          <element name="vlrPercMultaRec" nillable="true" type="xsd:decimal"/>
          <element name="vlrTotalRec" nillable="true" type="xsd:decimal"/>
        </sequence>
      </complexType>
      <element name="consultaEventosDeUmTitulo">
        <complexType>
          <sequence>
            <element name="codColigada" type="xsd:string"/>
            <element name="codAgencia" type="xsd:string"/>
            <element name="numCarteira" type="xsd:string"/>
            <element name="nossoNumero" type="xsd:string"/>
          </sequence>
        </complexType>
      </element>
      <element name="consultaEventosDeUmTituloResponse">
        <complexType>
          <sequence>
            <element maxOccurs="unbounded" name="consultaEventosDeUmTituloReturn" type="impl:TOConsultaEventosDeUmTituloRetWs"/>
          </sequence>
        </complexType>
      </element>
      <complexType name="TOConsultaEventosDeUmTituloRetWs">
        <sequence>
          <element name="cobrarTarifa" nillable="true" type="xsd:string"/>
          <element name="codAgencia" nillable="true" type="xsd:string"/>
          <element name="codAgenciaCobradora" nillable="true" type="xsd:string"/>
          <element name="codBaixa" nillable="true" type="xsd:string"/>
          <element name="codBancoCobrador" nillable="true" type="xsd:string"/>
          <element name="codColigada" nillable="true" type="xsd:string"/>
          <element name="codEvento" nillable="true" type="xsd:string"/>
          <element name="codModalBancos" nillable="true" type="xsd:string"/>
          <element name="codSituacao_Dda" nillable="true" type="xsd:string"/>
          <element name="contaLancar" nillable="true" type="xsd:string"/>
          <element name="dataCadastramento" nillable="true" type="xsd:string"/>
          <element name="dataContabilizar" nillable="true" type="xsd:string"/>
          <element name="dataStatus" nillable="true" type="xsd:string"/>
          <element name="dataVencimento" nillable="true" type="xsd:string"/>
          <element name="descEvento" nillable="true" type="xsd:string"/>
          <element name="nossoNumero" nillable="true" type="xsd:string"/>
          <element name="nossoNumeroBancos" nillable="true" type="xsd:string"/>
          <element name="numCarteira" nillable="true" type="xsd:string"/>
          <element name="numIdentcDda" nillable="true" type="xsd:decimal"/>
          <element name="numOperacao" nillable="true" type="xsd:string"/>
          <element name="previaBancos" nillable="true" type="xsd:string"/>
          <element name="previaCliente" nillable="true" type="xsd:string"/>
          <element name="seqEvento" nillable="true" type="xsd:string"/>
          <element name="statusEvento" nillable="true" type="xsd:string"/>
          <element name="vlrDiferencas" nillable="true" type="xsd:decimal"/>
          <element name="vlrEvento" nillable="true" type="xsd:decimal"/>
          <element name="vlrIof" nillable="true" type="xsd:decimal"/>
          <element name="vlrLancarConta" nillable="true" type="xsd:decimal"/>
          <element name="vlrRegContabil" nillable="true" type="xsd:decimal"/>
          <element name="vlrTarifa" nillable="true" type="xsd:decimal"/>
          <element name="vlrmAbatimento" nillable="true" type="xsd:decimal"/>
          <element name="vlrmDescontos" nillable="true" type="xsd:decimal"/>
          <element name="vlrmEncargos" nillable="true" type="xsd:decimal"/>
          <element name="vlrmMora" nillable="true" type="xsd:decimal"/>
          <element name="vlrmMulta" nillable="true" type="xsd:decimal"/>
          <element name="vlrmNominal" nillable="true" type="xsd:decimal"/>
        </sequence>
      </complexType>
      <element name="movAbatimento">
        <complexType>
          <sequence>
            <element name="codColigada" type="xsd:string"/>
            <element name="codAgencia" type="xsd:string"/>
            <element name="numCarteira" type="xsd:string"/>
            <element name="nossoNumero" type="xsd:string"/>
            <element name="codInstrucao" type="xsd:int"/>
            <element name="vlrReferencia" type="xsd:decimal"/>
            <element name="texto" type="xsd:string"/>
            <element name="cobrarTarifa" type="xsd:string"/>
            <element name="codUsuario" type="xsd:string"/>
          </sequence>
        </complexType>
      </element>
      <element name="movAbatimentoResponse">
        <complexType>
          <sequence>
            <element name="movAbatimentoReturn" type="impl:TOMovimentoRetWs"/>
          </sequence>
        </complexType>
      </element>
      <complexType name="TOMovimentoRetWs">
        <sequence>
          <element name="mensErro" nillable="true" type="xsd:string"/>
          <element name="sqlErro" nillable="true" type="xsd:string"/>
        </sequence>
      </complexType>
      <element name="movAlterVencto">
        <complexType>
          <sequence>
            <element name="codColigada" type="xsd:string"/>
            <element name="codAgencia" type="xsd:string"/>
            <element name="numCarteira" type="xsd:string"/>
            <element name="nossoNumero" type="xsd:string"/>
            <element name="codInstrucao" type="xsd:int"/>
            <element name="dataReferencia" type="xsd:string"/>
            <element name="texto" type="xsd:string"/>
            <element name="cobrarTarifa" type="xsd:string"/>
            <element name="codUsuario" type="xsd:string"/>
          </sequence>
        </complexType>
      </element>
      <element name="movAlterVenctoResponse">
        <complexType>
          <sequence>
            <element name="movAlterVenctoReturn" type="impl:TOMovimentoRetWs"/>
          </sequence>
        </complexType>
      </element>
      <element name="movCartDevol">
        <complexType>
          <sequence>
            <element name="codColigada" type="xsd:string"/>
            <element name="codAgencia" type="xsd:string"/>
            <element name="numCarteira" type="xsd:string"/>
            <element name="nossoNumero" type="xsd:string"/>
            <element name="codInstrucao" type="xsd:int"/>
            <element name="numDias" type="xsd:int"/>
            <element name="criterioDias" type="xsd:string"/>
            <element name="texto" type="xsd:string"/>
            <element name="cobrarTarifa" type="xsd:string"/>
            <element name="codUsuario" type="xsd:string"/>
          </sequence>
        </complexType>
      </element>
      <element name="movCartDevolResponse">
        <complexType>
          <sequence>
            <element name="movCartDevolReturn" type="impl:TOMovimentoRetWs"/>
          </sequence>
        </complexType>
      </element>
      <element name="movDesctosMora">
        <complexType>
          <sequence>
            <element name="codColigada" type="xsd:string"/>
            <element name="codAgencia" type="xsd:string"/>
            <element name="numCarteira" type="xsd:string"/>
            <element name="nossoNumero" type="xsd:string"/>
            <element name="codInstrucao" type="xsd:int"/>
            <element name="tipoReferencia" type="xsd:string"/>
            <element name="dataReferencia" type="xsd:string"/>
            <element name="vlrReferencia" type="xsd:decimal"/>
            <element name="taxaReferencia" type="xsd:decimal"/>
            <element name="texto" type="xsd:string"/>
            <element name="cobrarTarifa" type="xsd:string"/>
            <element name="codUsuario" type="xsd:string"/>
            <element name="numDesconto" type="xsd:string"/>
          </sequence>
        </complexType>
      </element>
      <element name="movDesctosMoraResponse">
        <complexType>
          <sequence>
            <element name="movDesctosMoraReturn" type="impl:TOMovimentoRetWs"/>
          </sequence>
        </complexType>
      </element>
      <element name="movAlegaSacado">
        <complexType>
          <sequence>
            <element name="codColigada" type="xsd:string"/>
            <element name="codAgencia" type="xsd:string"/>
            <element name="numCarteira" type="xsd:string"/>
            <element name="nossoNumero" type="xsd:string"/>
            <element name="texto" type="xsd:string"/>
            <element name="codMotivo" type="xsd:string"/>
            <element name="codUsuario" type="xsd:string"/>
          </sequence>
        </complexType>
      </element>
      <element name="movAlegaSacadoResponse">
        <complexType>
          <sequence>
            <element name="movAlegaSacadoReturn" type="impl:TOMovimentoRetWs"/>
          </sequence>
        </complexType>
      </element>
      <element name="validarSeuNumero">
        <complexType>
          <sequence>
            <element name="codCliente" type="xsd:string"/>
            <element name="seuNumero" type="xsd:string"/>
            <element name="dataVencimento" type="xsd:string"/>
            <element name="vlrNominal" type="xsd:decimal"/>
            <element name="cpfCnpjSacado" type="xsd:string"/>
          </sequence>
        </complexType>
      </element>
      <element name="validarSeuNumeroResponse">
        <complexType>
          <sequence>
            <element name="validarSeuNumeroReturn" type="xsd:string"/>
          </sequence>
        </complexType>
      </element>
    </schema>
  </wsdl:types>
  <wsdl:message name="simulaOperacaoDescontoResponse">
    <wsdl:part element="impl:simulaOperacaoDescontoResponse" name="parameters"/>
  </wsdl:message>
  <wsdl:message name="simulaOperacaoDescontoRequest">
    <wsdl:part element="impl:simulaOperacaoDesconto" name="parameters"/>
  </wsdl:message>
  <wsdl:message name="consultaEventosDeUmTituloRequest">
    <wsdl:part element="impl:consultaEventosDeUmTitulo" name="parameters"/>
  </wsdl:message>
  <wsdl:message name="movDesctosMoraRequest">
    <wsdl:part element="impl:movDesctosMora" name="parameters"/>
  </wsdl:message>
  <wsdl:message name="TEException">
    <wsdl:part element="impl:fault" name="fault"/>
  </wsdl:message>
  <wsdl:message name="inclusaoFaixaNossoNumeroRequest">
    <wsdl:part element="impl:inclusaoFaixaNossoNumero" name="parameters"/>
  </wsdl:message>
  <wsdl:message name="getCedenteWsRequest">
    <wsdl:part element="impl:getCedenteWs" name="parameters"/>
  </wsdl:message>
  <wsdl:message name="movAlegaSacadoRequest">
    <wsdl:part element="impl:movAlegaSacado" name="parameters"/>
  </wsdl:message>
  <wsdl:message name="efetivaOperacaoDescontoResponse">
    <wsdl:part element="impl:efetivaOperacaoDescontoResponse" name="parameters"/>
  </wsdl:message>
  <wsdl:message name="insereOperacaoDescontoRequest">
    <wsdl:part element="impl:insereOperacaoDesconto" name="parameters"/>
  </wsdl:message>
  <wsdl:message name="validarSeuNumeroRequest">
    <wsdl:part element="impl:validarSeuNumero" name="parameters"/>
  </wsdl:message>
  <wsdl:message name="inclusaoOperacaoSimplesVinCauRequest">
    <wsdl:part element="impl:inclusaoOperacaoSimplesVinCau" name="parameters"/>
  </wsdl:message>
  <wsdl:message name="movAbatimentoRequest">
    <wsdl:part element="impl:movAbatimento" name="parameters"/>
  </wsdl:message>
  <wsdl:message name="consultaDadosPrincipaisTituloResponse">
    <wsdl:part element="impl:consultaDadosPrincipaisTituloResponse" name="parameters"/>
  </wsdl:message>
  <wsdl:message name="inclusaoFaixaNossoNumeroResponse">
    <wsdl:part element="impl:inclusaoFaixaNossoNumeroResponse" name="parameters"/>
  </wsdl:message>
  <wsdl:message name="movAlterVenctoRequest">
    <wsdl:part element="impl:movAlterVencto" name="parameters"/>
  </wsdl:message>
  <wsdl:message name="movAlegaSacadoResponse">
    <wsdl:part element="impl:movAlegaSacadoResponse" name="parameters"/>
  </wsdl:message>
  <wsdl:message name="efetivaOperacaoDescontoRequest">
    <wsdl:part element="impl:efetivaOperacaoDesconto" name="parameters"/>
  </wsdl:message>
  <wsdl:message name="movAlterVenctoResponse">
    <wsdl:part element="impl:movAlterVenctoResponse" name="parameters"/>
  </wsdl:message>
  <wsdl:message name="consultaEventosDeUmTituloResponse">
    <wsdl:part element="impl:consultaEventosDeUmTituloResponse" name="parameters"/>
  </wsdl:message>
  <wsdl:message name="movCartDevolResponse">
    <wsdl:part element="impl:movCartDevolResponse" name="parameters"/>
  </wsdl:message>
  <wsdl:message name="incluirCedenteWsResponse">
    <wsdl:part element="impl:incluirCedenteWsResponse" name="parameters"/>
  </wsdl:message>
  <wsdl:message name="movAbatimentoResponse">
    <wsdl:part element="impl:movAbatimentoResponse" name="parameters"/>
  </wsdl:message>
  <wsdl:message name="inclusaoOperacaoSimplesVinCauResponse">
    <wsdl:part element="impl:inclusaoOperacaoSimplesVinCauResponse" name="parameters"/>
  </wsdl:message>
  <wsdl:message name="consultaDadosPrincipaisTituloRequest">
    <wsdl:part element="impl:consultaDadosPrincipaisTitulo" name="parameters"/>
  </wsdl:message>
  <wsdl:message name="getCedenteWsResponse">
    <wsdl:part element="impl:getCedenteWsResponse" name="parameters"/>
  </wsdl:message>
  <wsdl:message name="francesaPorOperacaoRequest">
    <wsdl:part element="impl:francesaPorOperacao" name="parameters"/>
  </wsdl:message>
  <wsdl:message name="movDesctosMoraResponse">
    <wsdl:part element="impl:movDesctosMoraResponse" name="parameters"/>
  </wsdl:message>
  <wsdl:message name="validarSeuNumeroResponse">
    <wsdl:part element="impl:validarSeuNumeroResponse" name="parameters"/>
  </wsdl:message>
  <wsdl:message name="movCartDevolRequest">
    <wsdl:part element="impl:movCartDevol" name="parameters"/>
  </wsdl:message>
  <wsdl:message name="insereOperacaoDescontoResponse">
    <wsdl:part element="impl:insereOperacaoDescontoResponse" name="parameters"/>
  </wsdl:message>
  <wsdl:message name="francesaPorOperacaoResponse">
    <wsdl:part element="impl:francesaPorOperacaoResponse" name="parameters"/>
  </wsdl:message>
  <wsdl:message name="incluirCedenteWsRequest">
    <wsdl:part element="impl:incluirCedenteWs" name="parameters"/>
  </wsdl:message>
  <wsdl:portType name="CB_ServicesLT">
    <wsdl:operation name="insereOperacaoDesconto">
      <wsdl:input message="impl:insereOperacaoDescontoRequest" name="insereOperacaoDescontoRequest"/>
      <wsdl:output message="impl:insereOperacaoDescontoResponse" name="insereOperacaoDescontoResponse"/>
      <wsdl:fault message="impl:TEException" name="TEException"/>
    </wsdl:operation>
    <wsdl:operation name="getCedenteWs">
      <wsdl:input message="impl:getCedenteWsRequest" name="getCedenteWsRequest"/>
      <wsdl:output message="impl:getCedenteWsResponse" name="getCedenteWsResponse"/>
      <wsdl:fault message="impl:TEException" name="TEException"/>
    </wsdl:operation>
    <wsdl:operation name="incluirCedenteWs">
      <wsdl:input message="impl:incluirCedenteWsRequest" name="incluirCedenteWsRequest"/>
      <wsdl:output message="impl:incluirCedenteWsResponse" name="incluirCedenteWsResponse"/>
      <wsdl:fault message="impl:TEException" name="TEException"/>
    </wsdl:operation>
    <wsdl:operation name="simulaOperacaoDesconto">
      <wsdl:input message="impl:simulaOperacaoDescontoRequest" name="simulaOperacaoDescontoRequest"/>
      <wsdl:output message="impl:simulaOperacaoDescontoResponse" name="simulaOperacaoDescontoResponse"/>
      <wsdl:fault message="impl:TEException" name="TEException"/>
    </wsdl:operation>
    <wsdl:operation name="efetivaOperacaoDesconto">
      <wsdl:input message="impl:efetivaOperacaoDescontoRequest" name="efetivaOperacaoDescontoRequest"/>
      <wsdl:output message="impl:efetivaOperacaoDescontoResponse" name="efetivaOperacaoDescontoResponse"/>
      <wsdl:fault message="impl:TEException" name="TEException"/>
    </wsdl:operation>
    <wsdl:operation name="francesaPorOperacao">
      <wsdl:input message="impl:francesaPorOperacaoRequest" name="francesaPorOperacaoRequest"/>
      <wsdl:output message="impl:francesaPorOperacaoResponse" name="francesaPorOperacaoResponse"/>
      <wsdl:fault message="impl:TEException" name="TEException"/>
    </wsdl:operation>
    <wsdl:operation name="inclusaoOperacaoSimplesVinCau">
      <wsdl:input message="impl:inclusaoOperacaoSimplesVinCauRequest" name="inclusaoOperacaoSimplesVinCauRequest"/>
      <wsdl:output message="impl:inclusaoOperacaoSimplesVinCauResponse" name="inclusaoOperacaoSimplesVinCauResponse"/>
      <wsdl:fault message="impl:TEException" name="TEException"/>
    </wsdl:operation>
    <wsdl:operation name="inclusaoFaixaNossoNumero">
      <wsdl:input message="impl:inclusaoFaixaNossoNumeroRequest" name="inclusaoFaixaNossoNumeroRequest"/>
      <wsdl:output message="impl:inclusaoFaixaNossoNumeroResponse" name="inclusaoFaixaNossoNumeroResponse"/>
      <wsdl:fault message="impl:TEException" name="TEException"/>
    </wsdl:operation>
    <wsdl:operation name="consultaDadosPrincipaisTitulo">
      <wsdl:input message="impl:consultaDadosPrincipaisTituloRequest" name="consultaDadosPrincipaisTituloRequest"/>
      <wsdl:output message="impl:consultaDadosPrincipaisTituloResponse" name="consultaDadosPrincipaisTituloResponse"/>
      <wsdl:fault message="impl:TEException" name="TEException"/>
    </wsdl:operation>
    <wsdl:operation name="consultaEventosDeUmTitulo">
      <wsdl:input message="impl:consultaEventosDeUmTituloRequest" name="consultaEventosDeUmTituloRequest"/>
      <wsdl:output message="impl:consultaEventosDeUmTituloResponse" name="consultaEventosDeUmTituloResponse"/>
      <wsdl:fault message="impl:TEException" name="TEException"/>
    </wsdl:operation>
    <wsdl:operation name="movAbatimento">
      <wsdl:input message="impl:movAbatimentoRequest" name="movAbatimentoRequest"/>
      <wsdl:output message="impl:movAbatimentoResponse" name="movAbatimentoResponse"/>
      <wsdl:fault message="impl:TEException" name="TEException"/>
    </wsdl:operation>
    <wsdl:operation name="movAlterVencto">
      <wsdl:input message="impl:movAlterVenctoRequest" name="movAlterVenctoRequest"/>
      <wsdl:output message="impl:movAlterVenctoResponse" name="movAlterVenctoResponse"/>
      <wsdl:fault message="impl:TEException" name="TEException"/>
    </wsdl:operation>
    <wsdl:operation name="movCartDevol">
      <wsdl:input message="impl:movCartDevolRequest" name="movCartDevolRequest"/>
      <wsdl:output message="impl:movCartDevolResponse" name="movCartDevolResponse"/>
      <wsdl:fault message="impl:TEException" name="TEException"/>
    </wsdl:operation>
    <wsdl:operation name="movDesctosMora">
      <wsdl:input message="impl:movDesctosMoraRequest" name="movDesctosMoraRequest"/>
      <wsdl:output message="impl:movDesctosMoraResponse" name="movDesctosMoraResponse"/>
      <wsdl:fault message="impl:TEException" name="TEException"/>
    </wsdl:operation>
    <wsdl:operation name="movAlegaSacado">
      <wsdl:input message="impl:movAlegaSacadoRequest" name="movAlegaSacadoRequest"/>
      <wsdl:output message="impl:movAlegaSacadoResponse" name="movAlegaSacadoResponse"/>
      <wsdl:fault message="impl:TEException" name="TEException"/>
    </wsdl:operation>
    <wsdl:operation name="validarSeuNumero">
      <wsdl:input message="impl:validarSeuNumeroRequest" name="validarSeuNumeroRequest"/>
      <wsdl:output message="impl:validarSeuNumeroResponse" name="validarSeuNumeroResponse"/>
      <wsdl:fault message="impl:TEException" name="TEException"/>
    </wsdl:operation>
  </wsdl:portType>
  <wsdl:binding name="CB_ServicesLTSoapBinding" type="impl:CB_ServicesLT">
    <wsdlsoap:binding style="document" transport="http://schemas.xmlsoap.org/soap/http"/>
    <wsdl:operation name="insereOperacaoDesconto">
      <wsdlsoap:operation soapAction=""/>
      <wsdl:input name="insereOperacaoDescontoRequest">
        <wsdlsoap:body use="literal"/>
      </wsdl:input>
      <wsdl:output name="insereOperacaoDescontoResponse">
        <wsdlsoap:body use="literal"/>
      </wsdl:output>
      <wsdl:fault name="TEException">
        <wsdlsoap:fault name="TEException" use="literal"/>
      </wsdl:fault>
    </wsdl:operation>
    <wsdl:operation name="getCedenteWs">
      <wsdlsoap:operation soapAction=""/>
      <wsdl:input name="getCedenteWsRequest">
        <wsdlsoap:body use="literal"/>
      </wsdl:input>
      <wsdl:output name="getCedenteWsResponse">
        <wsdlsoap:body use="literal"/>
      </wsdl:output>
      <wsdl:fault name="TEException">
        <wsdlsoap:fault name="TEException" use="literal"/>
      </wsdl:fault>
    </wsdl:operation>
    <wsdl:operation name="incluirCedenteWs">
      <wsdlsoap:operation soapAction=""/>
      <wsdl:input name="incluirCedenteWsRequest">
        <wsdlsoap:body use="literal"/>
      </wsdl:input>
      <wsdl:output name="incluirCedenteWsResponse">
        <wsdlsoap:body use="literal"/>
      </wsdl:output>
      <wsdl:fault name="TEException">
        <wsdlsoap:fault name="TEException" use="literal"/>
      </wsdl:fault>
    </wsdl:operation>
    <wsdl:operation name="simulaOperacaoDesconto">
      <wsdlsoap:operation soapAction=""/>
      <wsdl:input name="simulaOperacaoDescontoRequest">
        <wsdlsoap:body use="literal"/>
      </wsdl:input>
      <wsdl:output name="simulaOperacaoDescontoResponse">
        <wsdlsoap:body use="literal"/>
      </wsdl:output>
      <wsdl:fault name="TEException">
        <wsdlsoap:fault name="TEException" use="literal"/>
      </wsdl:fault>
    </wsdl:operation>
    <wsdl:operation name="efetivaOperacaoDesconto">
      <wsdlsoap:operation soapAction=""/>
      <wsdl:input name="efetivaOperacaoDescontoRequest">
        <wsdlsoap:body use="literal"/>
      </wsdl:input>
      <wsdl:output name="efetivaOperacaoDescontoResponse">
        <wsdlsoap:body use="literal"/>
      </wsdl:output>
      <wsdl:fault name="TEException">
        <wsdlsoap:fault name="TEException" use="literal"/>
      </wsdl:fault>
    </wsdl:operation>
    <wsdl:operation name="francesaPorOperacao">
      <wsdlsoap:operation soapAction=""/>
      <wsdl:input name="francesaPorOperacaoRequest">
        <wsdlsoap:body use="literal"/>
      </wsdl:input>
      <wsdl:output name="francesaPorOperacaoResponse">
        <wsdlsoap:body use="literal"/>
      </wsdl:output>
      <wsdl:fault name="TEException">
        <wsdlsoap:fault name="TEException" use="literal"/>
      </wsdl:fault>
    </wsdl:operation>
    <wsdl:operation name="inclusaoOperacaoSimplesVinCau">
      <wsdlsoap:operation soapAction=""/>
      <wsdl:input name="inclusaoOperacaoSimplesVinCauRequest">
        <wsdlsoap:body use="literal"/>
      </wsdl:input>
      <wsdl:output name="inclusaoOperacaoSimplesVinCauResponse">
        <wsdlsoap:body use="literal"/>
      </wsdl:output>
      <wsdl:fault name="TEException">
        <wsdlsoap:fault name="TEException" use="literal"/>
      </wsdl:fault>
    </wsdl:operation>
    <wsdl:operation name="inclusaoFaixaNossoNumero">
      <wsdlsoap:operation soapAction=""/>
      <wsdl:input name="inclusaoFaixaNossoNumeroRequest">
        <wsdlsoap:body use="literal"/>
      </wsdl:input>
      <wsdl:output name="inclusaoFaixaNossoNumeroResponse">
        <wsdlsoap:body use="literal"/>
      </wsdl:output>
      <wsdl:fault name="TEException">
        <wsdlsoap:fault name="TEException" use="literal"/>
      </wsdl:fault>
    </wsdl:operation>
    <wsdl:operation name="consultaDadosPrincipaisTitulo">
      <wsdlsoap:operation soapAction=""/>
      <wsdl:input name="consultaDadosPrincipaisTituloRequest">
        <wsdlsoap:body use="literal"/>
      </wsdl:input>
      <wsdl:output name="consultaDadosPrincipaisTituloResponse">
        <wsdlsoap:body use="literal"/>
      </wsdl:output>
      <wsdl:fault name="TEException">
        <wsdlsoap:fault name="TEException" use="literal"/>
      </wsdl:fault>
    </wsdl:operation>
    <wsdl:operation name="consultaEventosDeUmTitulo">
      <wsdlsoap:operation soapAction=""/>
      <wsdl:input name="consultaEventosDeUmTituloRequest">
        <wsdlsoap:body use="literal"/>
      </wsdl:input>
      <wsdl:output name="consultaEventosDeUmTituloResponse">
        <wsdlsoap:body use="literal"/>
      </wsdl:output>
      <wsdl:fault name="TEException">
        <wsdlsoap:fault name="TEException" use="literal"/>
      </wsdl:fault>
    </wsdl:operation>
    <wsdl:operation name="movAbatimento">
      <wsdlsoap:operation soapAction=""/>
      <wsdl:input name="movAbatimentoRequest">
        <wsdlsoap:body use="literal"/>
      </wsdl:input>
      <wsdl:output name="movAbatimentoResponse">
        <wsdlsoap:body use="literal"/>
      </wsdl:output>
      <wsdl:fault name="TEException">
        <wsdlsoap:fault name="TEException" use="literal"/>
      </wsdl:fault>
    </wsdl:operation>
    <wsdl:operation name="movAlterVencto">
      <wsdlsoap:operation soapAction=""/>
      <wsdl:input name="movAlterVenctoRequest">
        <wsdlsoap:body use="literal"/>
      </wsdl:input>
      <wsdl:output name="movAlterVenctoResponse">
        <wsdlsoap:body use="literal"/>
      </wsdl:output>
      <wsdl:fault name="TEException">
        <wsdlsoap:fault name="TEException" use="literal"/>
      </wsdl:fault>
    </wsdl:operation>
    <wsdl:operation name="movCartDevol">
      <wsdlsoap:operation soapAction=""/>
      <wsdl:input name="movCartDevolRequest">
        <wsdlsoap:body use="literal"/>
      </wsdl:input>
      <wsdl:output name="movCartDevolResponse">
        <wsdlsoap:body use="literal"/>
      </wsdl:output>
      <wsdl:fault name="TEException">
        <wsdlsoap:fault name="TEException" use="literal"/>
      </wsdl:fault>
    </wsdl:operation>
    <wsdl:operation name="movDesctosMora">
      <wsdlsoap:operation soapAction=""/>
      <wsdl:input name="movDesctosMoraRequest">
        <wsdlsoap:body use="literal"/>
      </wsdl:input>
      <wsdl:output name="movDesctosMoraResponse">
        <wsdlsoap:body use="literal"/>
      </wsdl:output>
      <wsdl:fault name="TEException">
        <wsdlsoap:fault name="TEException" use="literal"/>
      </wsdl:fault>
    </wsdl:operation>
    <wsdl:operation name="movAlegaSacado">
      <wsdlsoap:operation soapAction=""/>
      <wsdl:input name="movAlegaSacadoRequest">
        <wsdlsoap:body use="literal"/>
      </wsdl:input>
      <wsdl:output name="movAlegaSacadoResponse">
        <wsdlsoap:body use="literal"/>
      </wsdl:output>
      <wsdl:fault name="TEException">
        <wsdlsoap:fault name="TEException" use="literal"/>
      </wsdl:fault>
    </wsdl:operation>
    <wsdl:operation name="validarSeuNumero">
      <wsdlsoap:operation soapAction=""/>
      <wsdl:input name="validarSeuNumeroRequest">
        <wsdlsoap:body use="literal"/>
      </wsdl:input>
      <wsdl:output name="validarSeuNumeroResponse">
        <wsdlsoap:body use="literal"/>
      </wsdl:output>
      <wsdl:fault name="TEException">
        <wsdlsoap:fault name="TEException" use="literal"/>
      </wsdl:fault>
    </wsdl:operation>
  </wsdl:binding>
  <wsdl:service name="CB_ServicesLTService">
    <wsdl:port binding="impl:CB_ServicesLTSoapBinding" name="CB_ServicesLT">
      <wsdlsoap:address location="http://corebancario-hmg.modal.net.br:8082/ABCBWS/services/CB_ServicesLT"/>
    </wsdl:port>
  </wsdl:service>
</wsdl:definitions>]]></con:content><con:type>http://schemas.xmlsoap.org/wsdl/</con:type></con:part></con:definitionCache><con:endpoints><con:endpoint>http://corebancario-hmg.modal.net.br:8082/ABCBWS/services/CB_ServicesLT</con:endpoint></con:endpoints><con:operation id="794eb879-4b2a-4f55-ad0c-dee123d1280f" isOneWay="false" action="" name="consultaDadosPrincipaisTitulo" bindingOperationName="consultaDadosPrincipaisTitulo" type="Request-Response" outputName="consultaDadosPrincipaisTituloResponse" inputName="consultaDadosPrincipaisTituloRequest" receivesAttachments="false" sendsAttachments="false" anonymous="optional"><con:settings/><con:call id="d3fc9d52-d5b3-4713-85aa-33888ad799aa" name="Request 1"><con:settings><con:setting id="com.eviware.soapui.impl.wsdl.WsdlRequest@request-headers">&lt;xml-fragment/></con:setting></con:settings><con:encoding>UTF-8</con:encoding><con:endpoint>http://corebancario-hmg.modal.net.br:8082/ABCBWS/services/CB_ServicesLT</con:endpoint><con:request><![CDATA[<soapenv:Envelope xmlns:soapenv="http://schemas.xmlsoap.org/soap/envelope/" xmlns:aut="http://autbank.com.br">\r
   <soapenv:Header/>\r
   <soapenv:Body>\r
      <aut:consultaDadosPrincipaisTitulo>\r
         <aut:codColigada>001</aut:codColigada>\r
         <aut:codAgencia>00019</aut:codAgencia>\r
         <aut:numCarteira>112</aut:numCarteira>\r
         <aut:nossoNumero>00000032336</aut:nossoNumero>\r
      </aut:consultaDadosPrincipaisTitulo>\r
   </soapenv:Body>\r
</soapenv:Envelope>]]></con:request><con:credentials><con:authType>No Authorization</con:authType></con:credentials><con:jmsConfig JMSDeliveryMode="PERSISTENT"/><con:jmsPropertyConfig/><con:wsaConfig mustUnderstand="NONE" version="200508" action="http://autbank.com.br/CB_ServicesLT/consultaDadosPrincipaisTituloRequest"/><con:wsrmConfig version="1.2"/></con:call></con:operation><con:operation id="0dce3472-472c-4c43-8dba-848f7f0e5c34" isOneWay="false" action="" name="consultaEventosDeUmTitulo" bindingOperationName="consultaEventosDeUmTitulo" type="Request-Response" outputName="consultaEventosDeUmTituloResponse" inputName="consultaEventosDeUmTituloRequest" receivesAttachments="false" sendsAttachments="false" anonymous="optional"><con:settings/><con:call id="20eeff6d-f03f-4548-99b9-ac217151e59c" name="Request 1"><con:settings/><con:encoding>UTF-8</con:encoding><con:endpoint>http://corebancario-hmg.modal.net.br:8082/ABCBWS/services/CB_ServicesLT</con:endpoint><con:request><![CDATA[<soapenv:Envelope xmlns:soapenv="http://schemas.xmlsoap.org/soap/envelope/" xmlns:aut="http://autbank.com.br">\r
   <soapenv:Header/>\r
   <soapenv:Body>\r
      <aut:consultaEventosDeUmTitulo>\r
         <aut:codColigada>?</aut:codColigada>\r
         <aut:codAgencia>?</aut:codAgencia>\r
         <aut:numCarteira>?</aut:numCarteira>\r
         <aut:nossoNumero>?</aut:nossoNumero>\r
      </aut:consultaEventosDeUmTitulo>\r
   </soapenv:Body>\r
</soapenv:Envelope>]]></con:request><con:wsaConfig mustUnderstand="NONE" version="200508" action="http://autbank.com.br/CB_ServicesLT/consultaEventosDeUmTituloRequest"/></con:call></con:operation><con:operation id="fa90216c-3a2d-4fb1-b7d4-ababcf03482f" isOneWay="false" action="" name="efetivaOperacaoDesconto" bindingOperationName="efetivaOperacaoDesconto" type="Request-Response" outputName="efetivaOperacaoDescontoResponse" inputName="efetivaOperacaoDescontoRequest" receivesAttachments="false" sendsAttachments="false" anonymous="optional"><con:settings/><con:call id="a8abc7a6-7950-4536-ad12-9c3d01b23788" name="Request 1"><con:settings/><con:encoding>UTF-8</con:encoding><con:endpoint>http://corebancario-hmg.modal.net.br:8082/ABCBWS/services/CB_ServicesLT</con:endpoint><con:request><![CDATA[<soapenv:Envelope xmlns:soapenv="http://schemas.xmlsoap.org/soap/envelope/" xmlns:aut="http://autbank.com.br">\r
   <soapenv:Header/>\r
   <soapenv:Body>\r
      <aut:efetivaOperacaoDesconto>\r
         <aut:codColigada>?</aut:codColigada>\r
         <aut:codAgencia>?</aut:codAgencia>\r
         <aut:numOperacao>?</aut:numOperacao>\r
         <aut:taxaJuros>?</aut:taxaJuros>\r
         <aut:valorTac>?</aut:valorTac>\r
         <aut:usuario>?</aut:usuario>\r
         <aut:senha>?</aut:senha>\r
      </aut:efetivaOperacaoDesconto>\r
   </soapenv:Body>\r
</soapenv:Envelope>]]></con:request><con:wsaConfig mustUnderstand="NONE" version="200508" action="http://autbank.com.br/CB_ServicesLT/efetivaOperacaoDescontoRequest"/></con:call></con:operation><con:operation id="111eb93c-6b32-4426-aa66-ec1fc933ffaf" isOneWay="false" action="" name="francesaPorOperacao" bindingOperationName="francesaPorOperacao" type="Request-Response" outputName="francesaPorOperacaoResponse" inputName="francesaPorOperacaoRequest" receivesAttachments="false" sendsAttachments="false" anonymous="optional"><con:settings/><con:call id="456859e7-bda4-46e2-92e0-2fd7879c1650" name="Request 1"><con:settings/><con:encoding>UTF-8</con:encoding><con:endpoint>http://corebancario-hmg.modal.net.br:8082/ABCBWS/services/CB_ServicesLT</con:endpoint><con:request><![CDATA[<soapenv:Envelope xmlns:soapenv="http://schemas.xmlsoap.org/soap/envelope/" xmlns:aut="http://autbank.com.br">\r
   <soapenv:Header/>\r
   <soapenv:Body>\r
      <aut:francesaPorOperacao>\r
         <aut:codColigada>?</aut:codColigada>\r
         <aut:codCliente>?</aut:codCliente>\r
         <aut:codAgencia>?</aut:codAgencia>\r
         <aut:codProduto>?</aut:codProduto>\r
         <aut:numOperacao>?</aut:numOperacao>\r
         <aut:dataInicio>?</aut:dataInicio>\r
         <aut:dataFim>?</aut:dataFim>\r
         <aut:usuario>?</aut:usuario>\r
         <aut:senha>?</aut:senha>\r
      </aut:francesaPorOperacao>\r
   </soapenv:Body>\r
</soapenv:Envelope>]]></con:request><con:wsaConfig mustUnderstand="NONE" version="200508" action="http://autbank.com.br/CB_ServicesLT/francesaPorOperacaoRequest"/></con:call></con:operation><con:operation id="e2c07f55-076a-4041-948d-68e1bd7d4bc5" isOneWay="false" action="" name="getCedenteWs" bindingOperationName="getCedenteWs" type="Request-Response" outputName="getCedenteWsResponse" inputName="getCedenteWsRequest" receivesAttachments="false" sendsAttachments="false" anonymous="optional"><con:settings/><con:call id="f0de791e-43ce-4ad4-8525-67ac860816ff" name="Request 1"><con:settings/><con:encoding>UTF-8</con:encoding><con:endpoint>http://corebancario-hmg.modal.net.br:8082/ABCBWS/services/CB_ServicesLT</con:endpoint><con:request><![CDATA[<soapenv:Envelope xmlns:soapenv="http://schemas.xmlsoap.org/soap/envelope/" xmlns:aut="http://autbank.com.br">\r
   <soapenv:Header/>\r
   <soapenv:Body>\r
      <aut:getCedenteWs>\r
         <aut:codCliente>?</aut:codCliente>\r
      </aut:getCedenteWs>\r
   </soapenv:Body>\r
</soapenv:Envelope>]]></con:request><con:wsaConfig mustUnderstand="NONE" version="200508" action="http://autbank.com.br/CB_ServicesLT/getCedenteWsRequest"/></con:call></con:operation><con:operation id="4c3ea0a5-e65f-4ba9-81c5-be58c0f01ae5" isOneWay="false" action="" name="incluirCedenteWs" bindingOperationName="incluirCedenteWs" type="Request-Response" outputName="incluirCedenteWsResponse" inputName="incluirCedenteWsRequest" receivesAttachments="false" sendsAttachments="false" anonymous="optional"><con:settings/><con:call id="14ab516b-1055-442c-a30e-62be97bee3bf" name="Request 1"><con:settings/><con:encoding>UTF-8</con:encoding><con:endpoint>http://corebancario-hmg.modal.net.br:8082/ABCBWS/services/CB_ServicesLT</con:endpoint><con:request><![CDATA[<soapenv:Envelope xmlns:soapenv="http://schemas.xmlsoap.org/soap/envelope/" xmlns:aut="http://autbank.com.br">\r
   <soapenv:Header/>\r
   <soapenv:Body>\r
      <aut:incluirCedenteWs>\r
         <aut:codCliente>?</aut:codCliente>\r
         <aut:acSeuNumeroDupl>?</aut:acSeuNumeroDupl>\r
         <aut:criterioSeuNumero>?</aut:criterioSeuNumero>\r
         <aut:temContaDefault>?</aut:temContaDefault>\r
         <aut:codColigadaMovto>?</aut:codColigadaMovto>\r
         <aut:codAgenciaMovto>?</aut:codAgenciaMovto>\r
         <aut:numContaMovto>?</aut:numContaMovto>\r
         <aut:codBanco>?</aut:codBanco>\r
         <aut:assumirProtProduto>?</aut:assumirProtProduto>\r
         <aut:tipoTaxaMora>?</aut:tipoTaxaMora>\r
         <aut:taxaMora>?</aut:taxaMora>\r
         <aut:habilitadoTrocarCnab>?</aut:habilitadoTrocarCnab>\r
         <aut:tfNovoCnab>?</aut:tfNovoCnab>\r
         <aut:tfNovoCnab400>?</aut:tfNovoCnab400>\r
         <aut:gerarPreviaRetorno>?</aut:gerarPreviaRetorno>\r
         <aut:contaHeaderDefault>?</aut:contaHeaderDefault>\r
         <aut:nomeArqRetorno>?</aut:nomeArqRetorno>\r
         <aut:cargaAutomatica>?</aut:cargaAutomatica>\r
         <aut:diretorioOrigem>?</aut:diretorioOrigem>\r
         <aut:diretorioDestino>?</aut:diretorioDestino>\r
         <aut:nomeArqPadrao>?</aut:nomeArqPadrao>\r
         <aut:acrescentaDDMM>?</aut:acrescentaDDMM>\r
         <aut:codUsuario>?</aut:codUsuario>\r
      </aut:incluirCedenteWs>\r
   </soapenv:Body>\r
</soapenv:Envelope>]]></con:request><con:wsaConfig mustUnderstand="NONE" version="200508" action="http://autbank.com.br/CB_ServicesLT/incluirCedenteWsRequest"/></con:call></con:operation><con:operation id="228d574d-27ff-4d2a-b2ed-51b18c761932" isOneWay="false" action="" name="inclusaoFaixaNossoNumero" bindingOperationName="inclusaoFaixaNossoNumero" type="Request-Response" outputName="inclusaoFaixaNossoNumeroResponse" inputName="inclusaoFaixaNossoNumeroRequest" receivesAttachments="false" sendsAttachments="false" anonymous="optional"><con:settings/><con:call id="4397954d-aea2-44fe-afc9-0ca9c56af048" name="Request 1"><con:settings/><con:encoding>UTF-8</con:encoding><con:endpoint>http://corebancario-hmg.modal.net.br:8082/ABCBWS/services/CB_ServicesLT</con:endpoint><con:request><![CDATA[<soapenv:Envelope xmlns:soapenv="http://schemas.xmlsoap.org/soap/envelope/" xmlns:aut="http://autbank.com.br">\r
   <soapenv:Header/>\r
   <soapenv:Body>\r
      <aut:inclusaoFaixaNossoNumero>\r
         <aut:codBanco>?</aut:codBanco>\r
         <aut:codColigada>?</aut:codColigada>\r
         <aut:codAgencia>?</aut:codAgencia>\r
         <aut:numOperacao>?</aut:numOperacao>\r
         <aut:qtdeNumeros>?</aut:qtdeNumeros>\r
         <aut:codUsuario>?</aut:codUsuario>\r
      </aut:inclusaoFaixaNossoNumero>\r
   </soapenv:Body>\r
</soapenv:Envelope>]]></con:request><con:wsaConfig mustUnderstand="NONE" version="200508" action="http://autbank.com.br/CB_ServicesLT/inclusaoFaixaNossoNumeroRequest"/></con:call></con:operation><con:operation id="606c243c-04eb-4302-8269-a9f4e70fac8d" isOneWay="false" action="" name="inclusaoOperacaoSimplesVinCau" bindingOperationName="inclusaoOperacaoSimplesVinCau" type="Request-Response" outputName="inclusaoOperacaoSimplesVinCauResponse" inputName="inclusaoOperacaoSimplesVinCauRequest" receivesAttachments="false" sendsAttachments="false" anonymous="optional"><con:settings/><con:call id="9734711f-353c-4a78-ac00-2e532dbdcc28" name="Request 1"><con:settings/><con:encoding>UTF-8</con:encoding><con:endpoint>http://corebancario-hmg.modal.net.br:8082/ABCBWS/services/CB_ServicesLT</con:endpoint><con:request><![CDATA[<soapenv:Envelope xmlns:soapenv="http://schemas.xmlsoap.org/soap/envelope/" xmlns:aut="http://autbank.com.br">\r
   <soapenv:Header/>\r
   <soapenv:Body>\r
      <aut:inclusaoOperacaoSimplesVinCau>\r
         <aut:codColigada>?</aut:codColigada>\r
         <aut:codAgencia>?</aut:codAgencia>\r
         <aut:codProduto>?</aut:codProduto>\r
         <aut:codCliente>?</aut:codCliente>\r
         <aut:dataInicio>?</aut:dataInicio>\r
         <aut:diasDeRetencaoNossaCobranca>?</aut:diasDeRetencaoNossaCobranca>\r
         <aut:diasDeRetencaoCobrancaBancos>?</aut:diasDeRetencaoCobrancaBancos>\r
         <aut:tipoTaxaMora>?</aut:tipoTaxaMora>\r
         <aut:taxaMora>?</aut:taxaMora>\r
         <aut:codColigadaContaMovimento>?</aut:codColigadaContaMovimento>\r
         <aut:codAgenciaContaMovimento>?</aut:codAgenciaContaMovimento>\r
         <aut:numContaMovimento>?</aut:numContaMovimento>\r
         <aut:codColigadaVinculada>?</aut:codColigadaVinculada>\r
         <aut:codAgenciaVinculada>?</aut:codAgenciaVinculada>\r
         <aut:numContaVinculada>?</aut:numContaVinculada>\r
         <aut:opeCreditoCliente>?</aut:opeCreditoCliente>\r
         <aut:opeCreditoSistema>?</aut:opeCreditoSistema>\r
         <aut:opeCreditoEmpresa>?</aut:opeCreditoEmpresa>\r
         <aut:opeCreditoAgencia>?</aut:opeCreditoAgencia>\r
         <aut:opeCreditoNumero>?</aut:opeCreditoNumero>\r
         <aut:codUsuario>?</aut:codUsuario>\r
      </aut:inclusaoOperacaoSimplesVinCau>\r
   </soapenv:Body>\r
</soapenv:Envelope>]]></con:request><con:wsaConfig mustUnderstand="NONE" version="200508" action="http://autbank.com.br/CB_ServicesLT/inclusaoOperacaoSimplesVinCauRequest"/></con:call></con:operation><con:operation id="d0b63686-030e-44e4-ac28-e8ee9f134994" isOneWay="false" action="" name="insereOperacaoDesconto" bindingOperationName="insereOperacaoDesconto" type="Request-Response" outputName="insereOperacaoDescontoResponse" inputName="insereOperacaoDescontoRequest" receivesAttachments="false" sendsAttachments="false" anonymous="optional"><con:settings/><con:call id="f4bd0038-b125-4cae-b098-d44b620e5d86" name="Request 1"><con:settings/><con:encoding>UTF-8</con:encoding><con:endpoint>http://corebancario-hmg.modal.net.br:8082/ABCBWS/services/CB_ServicesLT</con:endpoint><con:request><![CDATA[<soapenv:Envelope xmlns:soapenv="http://schemas.xmlsoap.org/soap/envelope/" xmlns:aut="http://autbank.com.br">\r
   <soapenv:Header/>\r
   <soapenv:Body>\r
      <aut:insereOperacaoDesconto>\r
         <aut:codColigada>?</aut:codColigada>\r
         <aut:codAgencia>?</aut:codAgencia>\r
         <aut:codCliente>?</aut:codCliente>\r
         <aut:codProduto>?</aut:codProduto>\r
         <aut:taxaJuros>?</aut:taxaJuros>\r
         <aut:tipoTaxaMora>?</aut:tipoTaxaMora>\r
         <aut:taxaMora>?</aut:taxaMora>\r
         <aut:dataInicio>?</aut:dataInicio>\r
         <aut:codColigadaMovto>?</aut:codColigadaMovto>\r
         <aut:codAgenciaMovto>?</aut:codAgenciaMovto>\r
         <aut:numContaMovto>?</aut:numContaMovto>\r
         <aut:floatCobNossa>?</aut:floatCobNossa>\r
         <aut:floatCobBancos>?</aut:floatCobBancos>\r
         <aut:vlrMontanteNegociado>?</aut:vlrMontanteNegociado>\r
         <aut:vlrAntecipado>?</aut:vlrAntecipado>\r
         <aut:vlrTac>?</aut:vlrTac>\r
         <aut:habilitadoTrocarCnab>?</aut:habilitadoTrocarCnab>\r
         <aut:represarEntradas>?</aut:represarEntradas>\r
         <aut:represarInstrucoes>?</aut:represarInstrucoes>\r
         <aut:temPrzMaximo>?</aut:temPrzMaximo>\r
         <aut:przMaximoAteVencto>?</aut:przMaximoAteVencto>\r
         <aut:mensag1Bloquete>?</aut:mensag1Bloquete>\r
         <aut:mensag2Bloquete>?</aut:mensag2Bloquete>\r
         <aut:bloqFrenteVerso>?</aut:bloqFrenteVerso>\r
         <aut:tipoLiberacao>?</aut:tipoLiberacao>\r
         <aut:codBanco_CtaExterna>?</aut:codBanco_CtaExterna>\r
         <aut:codAgencia_CtaExterna>?</aut:codAgencia_CtaExterna>\r
         <aut:numConta_CtaExterna>?</aut:numConta_CtaExterna>\r
         <aut:codUsuarioManutencao>?</aut:codUsuarioManutencao>\r
      </aut:insereOperacaoDesconto>\r
   </soapenv:Body>\r
</soapenv:Envelope>]]></con:request><con:wsaConfig mustUnderstand="NONE" version="200508" action="http://autbank.com.br/CB_ServicesLT/insereOperacaoDescontoRequest"/></con:call></con:operation><con:operation id="37edb335-33a6-4210-b25c-b20174f4c2f8" isOneWay="false" action="" name="movAbatimento" bindingOperationName="movAbatimento" type="Request-Response" outputName="movAbatimentoResponse" inputName="movAbatimentoRequest" receivesAttachments="false" sendsAttachments="false" anonymous="optional"><con:settings/><con:call id="a8cdcb51-86fd-43fd-ad71-47c51d1a9834" name="Request 1"><con:settings/><con:encoding>UTF-8</con:encoding><con:endpoint>http://corebancario-hmg.modal.net.br:8082/ABCBWS/services/CB_ServicesLT</con:endpoint><con:request><![CDATA[<soapenv:Envelope xmlns:soapenv="http://schemas.xmlsoap.org/soap/envelope/" xmlns:aut="http://autbank.com.br">\r
   <soapenv:Header/>\r
   <soapenv:Body>\r
      <aut:movAbatimento>\r
         <aut:codColigada>?</aut:codColigada>\r
         <aut:codAgencia>?</aut:codAgencia>\r
         <aut:numCarteira>?</aut:numCarteira>\r
         <aut:nossoNumero>?</aut:nossoNumero>\r
         <aut:codInstrucao>?</aut:codInstrucao>\r
         <aut:vlrReferencia>?</aut:vlrReferencia>\r
         <aut:texto>?</aut:texto>\r
         <aut:cobrarTarifa>?</aut:cobrarTarifa>\r
         <aut:codUsuario>?</aut:codUsuario>\r
      </aut:movAbatimento>\r
   </soapenv:Body>\r
</soapenv:Envelope>]]></con:request><con:wsaConfig mustUnderstand="NONE" version="200508" action="http://autbank.com.br/CB_ServicesLT/movAbatimentoRequest"/></con:call></con:operation><con:operation id="97b64ac3-bef5-4b1d-9504-458f35f290ad" isOneWay="false" action="" name="movAlegaSacado" bindingOperationName="movAlegaSacado" type="Request-Response" outputName="movAlegaSacadoResponse" inputName="movAlegaSacadoRequest" receivesAttachments="false" sendsAttachments="false" anonymous="optional"><con:settings/><con:call id="6f5922a6-2104-42ea-9d73-58bcd0543b54" name="Request 1"><con:settings/><con:encoding>UTF-8</con:encoding><con:endpoint>http://corebancario-hmg.modal.net.br:8082/ABCBWS/services/CB_ServicesLT</con:endpoint><con:request><![CDATA[<soapenv:Envelope xmlns:soapenv="http://schemas.xmlsoap.org/soap/envelope/" xmlns:aut="http://autbank.com.br">\r
   <soapenv:Header/>\r
   <soapenv:Body>\r
      <aut:movAlegaSacado>\r
         <aut:codColigada>?</aut:codColigada>\r
         <aut:codAgencia>?</aut:codAgencia>\r
         <aut:numCarteira>?</aut:numCarteira>\r
         <aut:nossoNumero>?</aut:nossoNumero>\r
         <aut:texto>?</aut:texto>\r
         <aut:codMotivo>?</aut:codMotivo>\r
         <aut:codUsuario>?</aut:codUsuario>\r
      </aut:movAlegaSacado>\r
   </soapenv:Body>\r
</soapenv:Envelope>]]></con:request><con:wsaConfig mustUnderstand="NONE" version="200508" action="http://autbank.com.br/CB_ServicesLT/movAlegaSacadoRequest"/></con:call></con:operation><con:operation id="31213405-920d-429d-8f85-04bbda0d89fe" isOneWay="false" action="" name="movAlterVencto" bindingOperationName="movAlterVencto" type="Request-Response" outputName="movAlterVenctoResponse" inputName="movAlterVenctoRequest" receivesAttachments="false" sendsAttachments="false" anonymous="optional"><con:settings/><con:call id="7cd9ee7f-1695-471e-9df8-1e42fefc2170" name="Request 1"><con:settings/><con:encoding>UTF-8</con:encoding><con:endpoint>http://corebancario-hmg.modal.net.br:8082/ABCBWS/services/CB_ServicesLT</con:endpoint><con:request><![CDATA[<soapenv:Envelope xmlns:soapenv="http://schemas.xmlsoap.org/soap/envelope/" xmlns:aut="http://autbank.com.br">\r
   <soapenv:Header/>\r
   <soapenv:Body>\r
      <aut:movAlterVencto>\r
         <aut:codColigada>?</aut:codColigada>\r
         <aut:codAgencia>?</aut:codAgencia>\r
         <aut:numCarteira>?</aut:numCarteira>\r
         <aut:nossoNumero>?</aut:nossoNumero>\r
         <aut:codInstrucao>?</aut:codInstrucao>\r
         <aut:dataReferencia>?</aut:dataReferencia>\r
         <aut:texto>?</aut:texto>\r
         <aut:cobrarTarifa>?</aut:cobrarTarifa>\r
         <aut:codUsuario>?</aut:codUsuario>\r
      </aut:movAlterVencto>\r
   </soapenv:Body>\r
</soapenv:Envelope>]]></con:request><con:wsaConfig mustUnderstand="NONE" version="200508" action="http://autbank.com.br/CB_ServicesLT/movAlterVenctoRequest"/></con:call></con:operation><con:operation id="1125c943-b88e-40ee-9091-3dc53a659129" isOneWay="false" action="" name="movCartDevol" bindingOperationName="movCartDevol" type="Request-Response" outputName="movCartDevolResponse" inputName="movCartDevolRequest" receivesAttachments="false" sendsAttachments="false" anonymous="optional"><con:settings/><con:call id="1818e1c8-7777-4bf8-9cd1-fa9a76bf029a" name="Request 1"><con:settings/><con:encoding>UTF-8</con:encoding><con:endpoint>http://corebancario-hmg.modal.net.br:8082/ABCBWS/services/CB_ServicesLT</con:endpoint><con:request><![CDATA[<soapenv:Envelope xmlns:soapenv="http://schemas.xmlsoap.org/soap/envelope/" xmlns:aut="http://autbank.com.br">\r
   <soapenv:Header/>\r
   <soapenv:Body>\r
      <aut:movCartDevol>\r
         <aut:codColigada>?</aut:codColigada>\r
         <aut:codAgencia>?</aut:codAgencia>\r
         <aut:numCarteira>?</aut:numCarteira>\r
         <aut:nossoNumero>?</aut:nossoNumero>\r
         <aut:codInstrucao>?</aut:codInstrucao>\r
         <aut:numDias>?</aut:numDias>\r
         <aut:criterioDias>?</aut:criterioDias>\r
         <aut:texto>?</aut:texto>\r
         <aut:cobrarTarifa>?</aut:cobrarTarifa>\r
         <aut:codUsuario>?</aut:codUsuario>\r
      </aut:movCartDevol>\r
   </soapenv:Body>\r
</soapenv:Envelope>]]></con:request><con:wsaConfig mustUnderstand="NONE" version="200508" action="http://autbank.com.br/CB_ServicesLT/movCartDevolRequest"/></con:call></con:operation><con:operation id="92694c7c-b686-4fbc-b414-c4264c474edd" isOneWay="false" action="" name="movDesctosMora" bindingOperationName="movDesctosMora" type="Request-Response" outputName="movDesctosMoraResponse" inputName="movDesctosMoraRequest" receivesAttachments="false" sendsAttachments="false" anonymous="optional"><con:settings/><con:call id="d2a85ff4-e3be-46e2-8057-3933b92631f5" name="Request 1"><con:settings/><con:encoding>UTF-8</con:encoding><con:endpoint>http://corebancario-hmg.modal.net.br:8082/ABCBWS/services/CB_ServicesLT</con:endpoint><con:request><![CDATA[<soapenv:Envelope xmlns:soapenv="http://schemas.xmlsoap.org/soap/envelope/" xmlns:aut="http://autbank.com.br">\r
   <soapenv:Header/>\r
   <soapenv:Body>\r
      <aut:movDesctosMora>\r
         <aut:codColigada>?</aut:codColigada>\r
         <aut:codAgencia>?</aut:codAgencia>\r
         <aut:numCarteira>?</aut:numCarteira>\r
         <aut:nossoNumero>?</aut:nossoNumero>\r
         <aut:codInstrucao>?</aut:codInstrucao>\r
         <aut:tipoReferencia>?</aut:tipoReferencia>\r
         <aut:dataReferencia>?</aut:dataReferencia>\r
         <aut:vlrReferencia>?</aut:vlrReferencia>\r
         <aut:taxaReferencia>?</aut:taxaReferencia>\r
         <aut:texto>?</aut:texto>\r
         <aut:cobrarTarifa>?</aut:cobrarTarifa>\r
         <aut:codUsuario>?</aut:codUsuario>\r
         <aut:numDesconto>?</aut:numDesconto>\r
      </aut:movDesctosMora>\r
   </soapenv:Body>\r
</soapenv:Envelope>]]></con:request><con:wsaConfig mustUnderstand="NONE" version="200508" action="http://autbank.com.br/CB_ServicesLT/movDesctosMoraRequest"/></con:call></con:operation><con:operation id="5bfce913-06f0-4bb6-a19e-d388c47ecfec" isOneWay="false" action="" name="simulaOperacaoDesconto" bindingOperationName="simulaOperacaoDesconto" type="Request-Response" outputName="simulaOperacaoDescontoResponse" inputName="simulaOperacaoDescontoRequest" receivesAttachments="false" sendsAttachments="false" anonymous="optional"><con:settings/><con:call id="c67c70a4-515b-4ec7-845c-0e58ddf16847" name="Request 1"><con:settings/><con:encoding>UTF-8</con:encoding><con:endpoint>http://corebancario-hmg.modal.net.br:8082/ABCBWS/services/CB_ServicesLT</con:endpoint><con:request><![CDATA[<soapenv:Envelope xmlns:soapenv="http://schemas.xmlsoap.org/soap/envelope/" xmlns:aut="http://autbank.com.br">\r
   <soapenv:Header/>\r
   <soapenv:Body>\r
      <aut:simulaOperacaoDesconto>\r
         <aut:origem>?</aut:origem>\r
         <aut:nomeArqOrigem>?</aut:nomeArqOrigem>\r
         <aut:codAgeOrigem>?</aut:codAgeOrigem>\r
         <aut:numBordero>?</aut:numBordero>\r
         <aut:dataCadastramento>?</aut:dataCadastramento>\r
         <aut:taxaJuros>?</aut:taxaJuros>\r
         <aut:valorTac>?</aut:valorTac>\r
         <aut:usuario>?</aut:usuario>\r
         <aut:senha>?</aut:senha>\r
      </aut:simulaOperacaoDesconto>\r
   </soapenv:Body>\r
</soapenv:Envelope>]]></con:request><con:wsaConfig mustUnderstand="NONE" version="200508" action="http://autbank.com.br/CB_ServicesLT/simulaOperacaoDescontoRequest"/></con:call></con:operation><con:operation id="ee97b92d-bf57-498a-b89a-81e79744b7a7" isOneWay="false" action="" name="validarSeuNumero" bindingOperationName="validarSeuNumero" type="Request-Response" outputName="validarSeuNumeroResponse" inputName="validarSeuNumeroRequest" receivesAttachments="false" sendsAttachments="false" anonymous="optional"><con:settings/><con:call id="db3f8d4b-a133-4405-a946-5547868a1ca9" name="Request 1"><con:settings/><con:encoding>UTF-8</con:encoding><con:endpoint>http://corebancario-hmg.modal.net.br:8082/ABCBWS/services/CB_ServicesLT</con:endpoint><con:request><![CDATA[<soapenv:Envelope xmlns:soapenv="http://schemas.xmlsoap.org/soap/envelope/" xmlns:aut="http://autbank.com.br">\r
   <soapenv:Header/>\r
   <soapenv:Body>\r
      <aut:validarSeuNumero>\r
         <aut:codCliente>?</aut:codCliente>\r
         <aut:seuNumero>?</aut:seuNumero>\r
         <aut:dataVencimento>?</aut:dataVencimento>\r
         <aut:vlrNominal>?</aut:vlrNominal>\r
         <aut:cpfCnpjSacado>?</aut:cpfCnpjSacado>\r
      </aut:validarSeuNumero>\r
   </soapenv:Body>\r
</soapenv:Envelope>]]></con:request><con:wsaConfig mustUnderstand="NONE" version="200508" action="http://autbank.com.br/CB_ServicesLT/validarSeuNumeroRequest"/></con:call></con:operation></con:interface><con:properties/><con:wssContainer/><con:oAuth2ProfileContainer/><con:oAuth1ProfileContainer/></con:soapui-project>