{
  "agencia": "0002",
  "conta": "0000000032",
  "cpfCnpj": "33822162809",
  "instituicao": "30723886",
  "tipoConta": "CACC",
  "confirmado": true,
  "cid": "ba1c3f5cff608c2a7cdccdf69fde58f708b18f46801252c7e214af7a73760f34",
  "nome": "ANDRE PADIAL",
  "tipoPessoa": "NATURAL_PERSON",
  "chave": "1eee6c65-e2e2-4cf7-b081-5ba199098371",
  "tipoChave": "EVP",
  "dataCriacao": "2022-06-02T14:19:19.145Z",
  "dataPosse": "2022-06-02T14:19:19.145Z",
  "dataAbertura": "2010-01-10T03:00:00Z",
  "estatisticas": {}
}